step,canonical_fingerprint,shadow_baseline_fingerprint,match
1,7b0554643a899daead2e3e2c4d1246472405770290459074b9710a11f185965e,7b0554643a899daead2e3e2c4d1246472405770290459074b9710a11f185965e,true
2,87bc0f6e4a03279640eb90c563ae9b8c18576931fecc0a20b218405f42e30978,87bc0f6e4a03279640eb90c563ae9b8c18576931fecc0a20b218405f42e30978,true
3,c29ba60484ed45e293d689d63689276dab18013a2036305d4022df220c2c4297,c29ba60484ed45e293d689d63689276dab18013a2036305d4022df220c2c4297,true
4,ea4ce956f8b3e0ac9f5c59271a0533581247861db2d9e360f1eadbac6b4a600b,ea4ce956f8b3e0ac9f5c59271a0533581247861db2d9e360f1eadbac6b4a600b,true
5,42aa703f39db403b38a19966bb719c1a8a3b0d25799d6842b7214d007c32747a,42aa703f39db403b38a19966bb719c1a8a3b0d25799d6842b7214d007c32747a,true
6,80efb78c7f1c01b1cefbd2e6f21978e75ecb48dda0f0edf2a7589f17726feaa6,80efb78c7f1c01b1cefbd2e6f21978e75ecb48dda0f0edf2a7589f17726feaa6,true
7,b61b40dc39cfbafabc89389499e2b60ff17234fc2f0e75cfdb963d72153d6712,b61b40dc39cfbafabc89389499e2b60ff17234fc2f0e75cfdb963d72153d6712,true
8,64af75ba0dc12a02d8c5b65db3aa9bc71e1eb31894fb2e89d64bc6e25c5768b9,64af75ba0dc12a02d8c5b65db3aa9bc71e1eb31894fb2e89d64bc6e25c5768b9,true
9,270ca98fd393b608db3c05995e4b23459dc78cdcefc7b4e7c6846dfe7259a8a6,270ca98fd393b608db3c05995e4b23459dc78cdcefc7b4e7c6846dfe7259a8a6,true
10,a0c43507e63240e955a8196d244ea72b7b5f5dfc9c9cfbdc053dd38c7caf52d5,a0c43507e63240e955a8196d244ea72b7b5f5dfc9c9cfbdc053dd38c7caf52d5,true
11,e8030042a9c00b4237b7a98c054d106d2e3a0493053129017c902a9c62cbc1d6,e8030042a9c00b4237b7a98c054d106d2e3a0493053129017c902a9c62cbc1d6,true
12,1ff1551e590cfbde91a97e105001431babd9361b8d10d9e9ddbaf44747874631,1ff1551e590cfbde91a97e105001431babd9361b8d10d9e9ddbaf44747874631,true
13,0e4ea8e271edb50ffed24cf910216a5abb7d68ea214e52f5874df59cbe6903c3,0e4ea8e271edb50ffed24cf910216a5abb7d68ea214e52f5874df59cbe6903c3,true
14,bb1af9c4f2817505d371be6d34ef6a62985e973ceb90c038d4712535e0924f12,bb1af9c4f2817505d371be6d34ef6a62985e973ceb90c038d4712535e0924f12,true
15,101dfcec7b23dd2db63a82b40914bb50ee4932e40a3f9b601bb507a37c8a48a0,101dfcec7b23dd2db63a82b40914bb50ee4932e40a3f9b601bb507a37c8a48a0,true
16,94ad2575e7477ccbcbdbc173808cc951037cb3a094da81400c171ef3ea1fb1b1,94ad2575e7477ccbcbdbc173808cc951037cb3a094da81400c171ef3ea1fb1b1,true
17,15046b310ad5a123633f1764187de79ff3debae8dd8a1c7a7c5be95d6940ed71,15046b310ad5a123633f1764187de79ff3debae8dd8a1c7a7c5be95d6940ed71,true
18,2ea81cf1490ca6e8d0a74270cffa0dfe08b1a1ffba08a2f48127ac5b32895cb1,2ea81cf1490ca6e8d0a74270cffa0dfe08b1a1ffba08a2f48127ac5b32895cb1,true
19,bb4cd121c2db4cd356c054f3f005481960290f5d0a636e6711253058f6e741e5,bb4cd121c2db4cd356c054f3f005481960290f5d0a636e6711253058f6e741e5,true
20,22455649fdcf973b8217b2405dbb9b2235ba568235555cacd73980194f0b71ff,22455649fdcf973b8217b2405dbb9b2235ba568235555cacd73980194f0b71ff,true
21,c941e2ead1a1306cf0c87d0db411343331a904c37e1a3c186a46adfd8271e54d,c941e2ead1a1306cf0c87d0db411343331a904c37e1a3c186a46adfd8271e54d,true
22,81f6205acc754432a4d6e15176d5bf1e08670156a44aeaacbb221d5b4d35c073,81f6205acc754432a4d6e15176d5bf1e08670156a44aeaacbb221d5b4d35c073,true
23,15cefbc79b5b1bc0532cc4d4d4dd5e92cc7292a1ec12e560b4ed9d86cdfafff6,15cefbc79b5b1bc0532cc4d4d4dd5e92cc7292a1ec12e560b4ed9d86cdfafff6,true
24,4a3ec24dd7b07cb79065945739db3bf8cac80ba4be5934ab224e45c7ff6d20ac,4a3ec24dd7b07cb79065945739db3bf8cac80ba4be5934ab224e45c7ff6d20ac,true
25,f7ec1e911094c66832150f6e277025293df7601787a7d1564e59d9916e7c31e1,f7ec1e911094c66832150f6e277025293df7601787a7d1564e59d9916e7c31e1,true
26,6ee85931a117c02ed88f652217bcdc639ab98b8b03e628f52c30ae9dee1b74ca,6ee85931a117c02ed88f652217bcdc639ab98b8b03e628f52c30ae9dee1b74ca,true
27,26f646131fc81df6426db16f619e3d09f553e9a922f8bdaa32654ba106c72a66,26f646131fc81df6426db16f619e3d09f553e9a922f8bdaa32654ba106c72a66,true
28,6eef81335ae8596d60fc94d34c5ed0a7c7fcedbed40082f0b4ae8301c40a5edb,6eef81335ae8596d60fc94d34c5ed0a7c7fcedbed40082f0b4ae8301c40a5edb,true
29,8d16c025b4b21a808cff7d48015537529865a923fc94804e53ffa137b291d45f,8d16c025b4b21a808cff7d48015537529865a923fc94804e53ffa137b291d45f,true
30,8742be7eccc6545d53b09c048e46e8bead59bbb9b748c8922762275b9bf8bfdb,8742be7eccc6545d53b09c048e46e8bead59bbb9b748c8922762275b9bf8bfdb,true
31,078f68f884864663022a2d34d3b7db74836dffbc935d0aa62685e6ca4564c246,078f68f884864663022a2d34d3b7db74836dffbc935d0aa62685e6ca4564c246,true
32,0fb8148f2e71d8c2610f9aa0ee1bebba230de7bb4225a1eedab260a67f553024,0fb8148f2e71d8c2610f9aa0ee1bebba230de7bb4225a1eedab260a67f553024,true
33,e799c9908d0867ae738e5223b7e0f6ce1f643ce039f26e60694ed7d23595ddee,e799c9908d0867ae738e5223b7e0f6ce1f643ce039f26e60694ed7d23595ddee,true
34,2de9a29c2a54a53f7acb02bb60bc3e5fb27a40883c7706acc8fc640d443b70b2,2de9a29c2a54a53f7acb02bb60bc3e5fb27a40883c7706acc8fc640d443b70b2,true
35,31c8cd7aafc3ff50867076f7ac2b2f95a09074d4441958716045e99c55505ad7,31c8cd7aafc3ff50867076f7ac2b2f95a09074d4441958716045e99c55505ad7,true
36,88261ed3387b6345b758a235e76f4703fa6e2e5e5dc2772611c90ce3df193813,88261ed3387b6345b758a235e76f4703fa6e2e5e5dc2772611c90ce3df193813,true
37,d4cfbb2eceb7538bc61382cbe9eef81b7ba59504f84d98f7b761f98cc9a801d6,d4cfbb2eceb7538bc61382cbe9eef81b7ba59504f84d98f7b761f98cc9a801d6,true
38,8d84cb453dd32008ffa8d61062201a3cb7c6d235a6e3d370d59489a6d0d40c17,8d84cb453dd32008ffa8d61062201a3cb7c6d235a6e3d370d59489a6d0d40c17,true
39,7efebed121f11dab09ba2754bf70f99f50deeaee7ff6168f62150766fe3c13d2,7efebed121f11dab09ba2754bf70f99f50deeaee7ff6168f62150766fe3c13d2,true
40,a0fc7649e3b387e3f38c7527bc9ce02c1a2864668478ce1051d227cc153f6546,a0fc7649e3b387e3f38c7527bc9ce02c1a2864668478ce1051d227cc153f6546,true
41,96ae00e6807f39e2420dacaf352d0e9e7eb72d5d595f0feb0c671326e9c30e1f,96ae00e6807f39e2420dacaf352d0e9e7eb72d5d595f0feb0c671326e9c30e1f,true
42,dc3a63850199fd5af783047bd83ff50fa90d0f751aa97df582bf3607e4270fc2,dc3a63850199fd5af783047bd83ff50fa90d0f751aa97df582bf3607e4270fc2,true
43,b86f05a31a3d625eb07fae5df44f813709e01dcb0f866fc438a42c5232ce95bb,b86f05a31a3d625eb07fae5df44f813709e01dcb0f866fc438a42c5232ce95bb,true
44,4b33e1acce4d06d9b6f4a88e631e0c54111e2dcfb2116fdeaa5504261fb708ca,4b33e1acce4d06d9b6f4a88e631e0c54111e2dcfb2116fdeaa5504261fb708ca,true
45,78abd2ec8304e4974fc384da9c73649f2005aa9e6613f08c31603a29a0d02190,78abd2ec8304e4974fc384da9c73649f2005aa9e6613f08c31603a29a0d02190,true
46,d81f37048b89a9b85c78f2c3d8d00c0e022c6ee8260ed691a284abc3c31a32e6,d81f37048b89a9b85c78f2c3d8d00c0e022c6ee8260ed691a284abc3c31a32e6,true
47,f3534cacf0138f22bb54640f8b2847e511057d44985aff05014f8c4586aa9818,f3534cacf0138f22bb54640f8b2847e511057d44985aff05014f8c4586aa9818,true
48,aa77d4aca2452c5eec2df3586d6b9012fb26fd8276ddefd77967d5a3b3816266,aa77d4aca2452c5eec2df3586d6b9012fb26fd8276ddefd77967d5a3b3816266,true
49,4582b7b83714359b38a57555733bcdf023621f6f76875b5a1d5085b8e247aa02,4582b7b83714359b38a57555733bcdf023621f6f76875b5a1d5085b8e247aa02,true
50,5ef9714755510e2b95a01fb3951168fb28c2c2ed41d1fd2747697cef380aae86,5ef9714755510e2b95a01fb3951168fb28c2c2ed41d1fd2747697cef380aae86,true
51,eaa0a621c3c301cffb0997ce6799c2ffd5e747df34d0ecfec29a1a2cc0da6bfc,eaa0a621c3c301cffb0997ce6799c2ffd5e747df34d0ecfec29a1a2cc0da6bfc,true
52,187f62ecd68a352d35d27d808bc64d67e26f97550a501a455c785e8ac3c33837,187f62ecd68a352d35d27d808bc64d67e26f97550a501a455c785e8ac3c33837,true
53,327de0fdc840be011454b9c6a0a2781da1d4a845e61eec627ae7d3ed44b76131,327de0fdc840be011454b9c6a0a2781da1d4a845e61eec627ae7d3ed44b76131,true
54,674aeb5add01d9ce5c91a0ac352c31c22a1d06ea4d032f12b4e52aa04660bbd3,674aeb5add01d9ce5c91a0ac352c31c22a1d06ea4d032f12b4e52aa04660bbd3,true
55,c3f73b5f707485a79b4480a06aa2d5e392803f7132ff8218362c31311f2fcbe1,c3f73b5f707485a79b4480a06aa2d5e392803f7132ff8218362c31311f2fcbe1,true
56,777f49e25590cf53acaa4f7e0ce323a85e05aa698ff1120fcac6cf8d45f01069,777f49e25590cf53acaa4f7e0ce323a85e05aa698ff1120fcac6cf8d45f01069,true
57,d9429476d097e30025f21f0fd9b5bfa4b68334495732200186d79ed543a5c1b3,d9429476d097e30025f21f0fd9b5bfa4b68334495732200186d79ed543a5c1b3,true
58,fcdb0e579a908efd8699ff97f5004d29dbe196f2c91ede55830babcccfa2b703,fcdb0e579a908efd8699ff97f5004d29dbe196f2c91ede55830babcccfa2b703,true
59,18727bd8b3d235f0988e6a796d6a6391050731e4309373adf7f71f22efd63164,18727bd8b3d235f0988e6a796d6a6391050731e4309373adf7f71f22efd63164,true
60,ff6dba9e856c37beb275893bee2ae732c2e40b63759c682e22ae0d257b937fb8,ff6dba9e856c37beb275893bee2ae732c2e40b63759c682e22ae0d257b937fb8,true
61,3786047cab3dd6210ef71dc2287b2f885897c52ed42538c25cc0a5beb52b9485,3786047cab3dd6210ef71dc2287b2f885897c52ed42538c25cc0a5beb52b9485,true
62,ad19b256b2479198c30967e5824a3e5d397541ea5a9a65eab6634a15cf37988f,ad19b256b2479198c30967e5824a3e5d397541ea5a9a65eab6634a15cf37988f,true
63,96f0a8592b638f49ab28177426d0326d3f6cdf4ea740630e07d10e49403c4863,96f0a8592b638f49ab28177426d0326d3f6cdf4ea740630e07d10e49403c4863,true
64,374eabe3dbaebf45a7dd568680184febda5d59d7a30485096090fd915c961fcd,374eabe3dbaebf45a7dd568680184febda5d59d7a30485096090fd915c961fcd,true
65,cb4c7bab7671883dc74440f86ea60710e434ce8255807fa8b444ca5420471b86,cb4c7bab7671883dc74440f86ea60710e434ce8255807fa8b444ca5420471b86,true
66,0a9f28a6553452be65eefa63c9515d54e2ca0acd38512b161a071605ebcdaa2a,0a9f28a6553452be65eefa63c9515d54e2ca0acd38512b161a071605ebcdaa2a,true
67,56c9ee70f703742e2fb55c9e17763c18bb5222206eb0c9f05d1333b600306055,56c9ee70f703742e2fb55c9e17763c18bb5222206eb0c9f05d1333b600306055,true
68,27f58cb17ad3ab3fe1a08ec9cd71f90ddc53d42fed9215283716c560529a5e4b,27f58cb17ad3ab3fe1a08ec9cd71f90ddc53d42fed9215283716c560529a5e4b,true
69,dccd6282e8518b9662249f05fcdd1adc1bd6827ef0160afb870050a1f32d9133,dccd6282e8518b9662249f05fcdd1adc1bd6827ef0160afb870050a1f32d9133,true
70,cea1e233e58fe45518559b5cf5fc5d71c5777e7fee5f7dfb67961c165b8117ac,cea1e233e58fe45518559b5cf5fc5d71c5777e7fee5f7dfb67961c165b8117ac,true
71,10c5de02fac60b66381c9d660a68bc124d157ba0b96450341ced46365dbf40b2,10c5de02fac60b66381c9d660a68bc124d157ba0b96450341ced46365dbf40b2,true
72,a7b9b140c5879848526debf2cb5f24380a1b2c77868e88a9e3c1f3176bab943d,a7b9b140c5879848526debf2cb5f24380a1b2c77868e88a9e3c1f3176bab943d,true
73,654338270ba0743084365e5f7f36396e63985d2ab7f73570768538c7d658b1f4,654338270ba0743084365e5f7f36396e63985d2ab7f73570768538c7d658b1f4,true
74,d94792ffff0cb601ffa62b4c66019cb5dc9c779bead1f310decbd831cf9bdb86,d94792ffff0cb601ffa62b4c66019cb5dc9c779bead1f310decbd831cf9bdb86,true
75,1decd9205453456e680eaba15765accd07c653ed4991d5dfd783df5e66bfb42a,1decd9205453456e680eaba15765accd07c653ed4991d5dfd783df5e66bfb42a,true
76,d7b7607bb8743b9373f512ad2dd4ff337cb38f0d5be08835b553228bd6f800af,d7b7607bb8743b9373f512ad2dd4ff337cb38f0d5be08835b553228bd6f800af,true
77,15638b7bdd3ac0524f1f561a321517dbb838acae00cd1ccded443bddd30b84ad,15638b7bdd3ac0524f1f561a321517dbb838acae00cd1ccded443bddd30b84ad,true
78,8e5298b9455ca64a2e18872b4699d7121d16737b383860aacfd5b172d2cd3bfb,8e5298b9455ca64a2e18872b4699d7121d16737b383860aacfd5b172d2cd3bfb,true
79,13e272afddf7dbd04a9f9b7e47b0bb9ae277a2211da2456f7bc4966be8174189,13e272afddf7dbd04a9f9b7e47b0bb9ae277a2211da2456f7bc4966be8174189,true
80,9b3220aeb51261f8dcfb250d495c7b53d9ac4e1f04cf6c8589544d20af40a398,9b3220aeb51261f8dcfb250d495c7b53d9ac4e1f04cf6c8589544d20af40a398,true
81,2c178c8346d80b58a991839ee51292c2f92675e37050801d2ad0942ac90e30f4,2c178c8346d80b58a991839ee51292c2f92675e37050801d2ad0942ac90e30f4,true
82,467d9e50de2e79626f34bc662fae0b082476f024e7b3290e69472416b592b46a,467d9e50de2e79626f34bc662fae0b082476f024e7b3290e69472416b592b46a,true
83,7c5afff3ef210fc34fcff6563bd6951c6f473825f981b9fa43ce959c11cf6835,7c5afff3ef210fc34fcff6563bd6951c6f473825f981b9fa43ce959c11cf6835,true
84,a016692263213092710d52f53ce670a58d5c9517b12e3b0cde96597a5b96c377,a016692263213092710d52f53ce670a58d5c9517b12e3b0cde96597a5b96c377,true
85,0e66416a6fd0f5d753fc9fbc861783b94d4fb764978558954dd9f8b3ae0be982,0e66416a6fd0f5d753fc9fbc861783b94d4fb764978558954dd9f8b3ae0be982,true
86,181d46fd43773338c981cc43575b9fb047933a83e06e949d892eff634fd9983c,181d46fd43773338c981cc43575b9fb047933a83e06e949d892eff634fd9983c,true
87,be0323c503b8fa1227e97407ec2357f2f361bf9e12adbd9f7edb66daa344763e,be0323c503b8fa1227e97407ec2357f2f361bf9e12adbd9f7edb66daa344763e,true
88,63b9bcdba80335c31285221d03e7103e188b402b492946efa0160e8a3caddbc9,63b9bcdba80335c31285221d03e7103e188b402b492946efa0160e8a3caddbc9,true
89,8e3ea55f4594f1a633f3bf5a0e4bb14aacb12096e8f208222b588c45443d8c4b,8e3ea55f4594f1a633f3bf5a0e4bb14aacb12096e8f208222b588c45443d8c4b,true
90,80ebbf941691bb30bb0771ab86d85a3a24e8cb82f4efd32cf0cd57946f5337af,80ebbf941691bb30bb0771ab86d85a3a24e8cb82f4efd32cf0cd57946f5337af,true
91,eb95a14a5d247642f97132db5e14077228b201e92ea11e5958715ccb8605ee2a,eb95a14a5d247642f97132db5e14077228b201e92ea11e5958715ccb8605ee2a,true
92,a9e44622fcdb166022e2358a0ea34fd65d2e2de12441968786f49f3aa465cd39,a9e44622fcdb166022e2358a0ea34fd65d2e2de12441968786f49f3aa465cd39,true
93,4927491b95b55b054449b1fd6fbca9370dea2c55081ee9ab4f87b673b9636a20,4927491b95b55b054449b1fd6fbca9370dea2c55081ee9ab4f87b673b9636a20,true
94,fb096430d01dae1896876fcdf86c928ce818c2dccfc6c1faa8e793e8a60efa79,fb096430d01dae1896876fcdf86c928ce818c2dccfc6c1faa8e793e8a60efa79,true
95,41957c11a929d7ed601929b4d0110ee69e7637e35ecb176ea779669c2252fe80,41957c11a929d7ed601929b4d0110ee69e7637e35ecb176ea779669c2252fe80,true
96,eb15ff43580477fb0887e62b9cba994b6728878ab15ab7569b6c783042aea2f6,eb15ff43580477fb0887e62b9cba994b6728878ab15ab7569b6c783042aea2f6,true
97,8271c4bb692fa730d4e9f971a542c0e4bf7ee4548a6f221984f9753f3fcce942,8271c4bb692fa730d4e9f971a542c0e4bf7ee4548a6f221984f9753f3fcce942,true
98,e0704b91ca934e7271f8e0069280bfc41e3c21f05ff2b3a62d8de57c8dea6b0f,e0704b91ca934e7271f8e0069280bfc41e3c21f05ff2b3a62d8de57c8dea6b0f,true
99,4e312d0e48704550f5d4b30cb6e39b5636952b518ed1aa4332fe94720e4219c6,4e312d0e48704550f5d4b30cb6e39b5636952b518ed1aa4332fe94720e4219c6,true
100,59842a2bda9d0a19f61577d056c6dbb8489c7e680e976dccd661f37838b4cb38,59842a2bda9d0a19f61577d056c6dbb8489c7e680e976dccd661f37838b4cb38,true
101,7ba848af7eda9a89a53588c1bce2c6f42fa572bafd205cdefeb7035baf54c41a,7ba848af7eda9a89a53588c1bce2c6f42fa572bafd205cdefeb7035baf54c41a,true
102,63ddafb62209aa5f54c23957a3c85591aa7a3f16e3438a10db8b1f6354d898bc,63ddafb62209aa5f54c23957a3c85591aa7a3f16e3438a10db8b1f6354d898bc,true
103,b1f3b54d008d44a45b0cd4b69fff68c606c5edfb97a43cde5012ee006c95e459,b1f3b54d008d44a45b0cd4b69fff68c606c5edfb97a43cde5012ee006c95e459,true
104,a0ef78f533d6a03ee2b6019f6d5fa7c23bb24651d31ecde5ea77b6bb1d0d2bb7,a0ef78f533d6a03ee2b6019f6d5fa7c23bb24651d31ecde5ea77b6bb1d0d2bb7,true
105,d43f95ee04ebf945ac6a8bd8f4c89460b9756326d94165b3253561b5f4ddd90b,d43f95ee04ebf945ac6a8bd8f4c89460b9756326d94165b3253561b5f4ddd90b,true
106,56974e5ed640466f6a5337c36b8259f7f611bf62fb3d074c53bfdd86e7042526,56974e5ed640466f6a5337c36b8259f7f611bf62fb3d074c53bfdd86e7042526,true
107,cbc74e2bba3dfde932de4198bc28ec9ed08a21179ad39007a5faaaed5479b051,cbc74e2bba3dfde932de4198bc28ec9ed08a21179ad39007a5faaaed5479b051,true
108,8bdbf2bae98bfd313a64c5bb2eb70f3dfe847868cd5c67390cf459e87459837e,8bdbf2bae98bfd313a64c5bb2eb70f3dfe847868cd5c67390cf459e87459837e,true
109,503dc640b4ed73c8eee300a7d3bca728258b0056915df2ea07c2cf83dc404388,503dc640b4ed73c8eee300a7d3bca728258b0056915df2ea07c2cf83dc404388,true
110,29d3ab3b3d410e26486d0eaa7924b03c29713bc8e39063f395e225593e4447f1,29d3ab3b3d410e26486d0eaa7924b03c29713bc8e39063f395e225593e4447f1,true
111,4ea1fc9844059de62e5138102388a5ebd0c0e758358a7d36547aecb180f08181,4ea1fc9844059de62e5138102388a5ebd0c0e758358a7d36547aecb180f08181,true
112,31238bb44827356d121be195eb553858f4e1cf9ba84ce98558149a7ae968dcc5,31238bb44827356d121be195eb553858f4e1cf9ba84ce98558149a7ae968dcc5,true
113,c08c51c95b01cc64fdfa16abd203039a480be2f91397d2c2eb266bb19ed5c8e2,c08c51c95b01cc64fdfa16abd203039a480be2f91397d2c2eb266bb19ed5c8e2,true
114,8d893a18b200c5b984561b2646f0247587ae3d494ec928513362329c9ff2c1d0,8d893a18b200c5b984561b2646f0247587ae3d494ec928513362329c9ff2c1d0,true
115,75dc415cde34053a0ad3813584e966ebb4d08bbd0a4b99e185ed7a80397206cb,75dc415cde34053a0ad3813584e966ebb4d08bbd0a4b99e185ed7a80397206cb,true
116,c77a1dc3f4e6ec8355a3c433c081cc4fa79c77218eb5980f797c340c76f6a62b,c77a1dc3f4e6ec8355a3c433c081cc4fa79c77218eb5980f797c340c76f6a62b,true
117,710b217b571734c0fca18f9eee27380a5dc77d83fa0101ebe6180681866e4ff2,710b217b571734c0fca18f9eee27380a5dc77d83fa0101ebe6180681866e4ff2,true
118,1b15739f8535bd743c7849f9175346ca211026060ef03b606803e7f1d6fa875e,1b15739f8535bd743c7849f9175346ca211026060ef03b606803e7f1d6fa875e,true
119,333b6a36384aad270baea61a4d07942a449405e7b62865ea3ca95e0e65ae3a41,333b6a36384aad270baea61a4d07942a449405e7b62865ea3ca95e0e65ae3a41,true
120,baeb71ee7b579766773f155d31ffa5dd798b5f51059847de5ffab981b85abbf0,baeb71ee7b579766773f155d31ffa5dd798b5f51059847de5ffab981b85abbf0,true
121,f26bcbe1b99c8b16fdacb7906cf5f5ebb4b8f812df1bbe61da93d05e76157e10,f26bcbe1b99c8b16fdacb7906cf5f5ebb4b8f812df1bbe61da93d05e76157e10,true
122,7b9a876393b3e5990ae87e35acde2453c012e0c28e3f134994309cec99790198,7b9a876393b3e5990ae87e35acde2453c012e0c28e3f134994309cec99790198,true
123,ab64ab58bbe0c0b9783b17a5ef7ab867e9a963795010ad965a93d0cce991f655,ab64ab58bbe0c0b9783b17a5ef7ab867e9a963795010ad965a93d0cce991f655,true
124,ebba8ef83ead4612bd8bd997d73a13ce0e314c1b2c7bf49694cfe958a654a544,ebba8ef83ead4612bd8bd997d73a13ce0e314c1b2c7bf49694cfe958a654a544,true
125,51c56457180f1c5ac4dcbd0f756b389e8e2bdca1b47da61c2f4208395116ded2,51c56457180f1c5ac4dcbd0f756b389e8e2bdca1b47da61c2f4208395116ded2,true
126,990bb4a4a2bb90101bb285d36a9434b8ada89c5af1b7a82d5f68452a1c7a703a,990bb4a4a2bb90101bb285d36a9434b8ada89c5af1b7a82d5f68452a1c7a703a,true
127,a78790e07639f023a82dd03ce52dda4128b55d644d1cdd29c2cdecbdffd2515d,a78790e07639f023a82dd03ce52dda4128b55d644d1cdd29c2cdecbdffd2515d,true
128,72841413d050c1418b8ee0ad06a74e6add703143160e423964883618eefbe1e6,72841413d050c1418b8ee0ad06a74e6add703143160e423964883618eefbe1e6,true
