domain,observation_index,probe_id,logical_step,path_id,from_node,to_node,c3_resolved,c4_resolved,c3_driving_pressure_bits,c4_driving_pressure_bits,c3_flow_bits,c4_flow_bits,c3_sign_changed_from_production,c4_sign_changed_from_production,c4_repeat_count,c4_repeat_deterministic,bit_equivalent
HYDRAULIC,0,background-reference,0,MCP,suction,pressure,true,true,4696738070034335361,4696738070034335361,4639151059295380118,4639151059295380118,false,false,2,true,true
HYDRAULIC,1,background-reference,0,CHANNEL,pressure,outlet,true,true,-4530953312661427223,-4530953312661427223,-4584167589592556495,-4584167589592556495,true,true,2,true,true
HYDRAULIC,2,background-reference,0,RETURN,outlet,drum,true,true,4691043061081921217,4691043061081921217,4638790870410248843,4638790870410248843,false,false,2,true,true
HYDRAULIC,3,background-reference,0,FEEDWATER-PUMP,feedwater-inventory,drum,true,true,4697718949914299020,4697718949914299020,4629983412492716977,4629983412492716977,false,false,2,true,true
HYDRAULIC,4,background-reference,6000,MCP,suction,pressure,true,true,4696738070034335361,4696738070034335361,4639151059295380118,4639151059295380118,false,false,2,true,true
HYDRAULIC,5,background-reference,6000,CHANNEL,pressure,outlet,true,true,-4530953312708323265,-4530953312708323265,-4584167589606072194,-4584167589606072194,true,true,2,true,true
HYDRAULIC,6,background-reference,6000,RETURN,outlet,drum,true,true,4691043061035025175,4691043061035025175,4638790870395514491,4638790870395514491,false,false,2,true,true
HYDRAULIC,7,background-reference,6000,FEEDWATER-PUMP,feedwater-inventory,drum,true,true,4697718949914959756,4697718949914959756,4629983412493035273,4629983412493035273,false,false,2,true,true
HYDRAULIC,8,background-reference,12000,MCP,suction,pressure,true,true,4696738070034335361,4696738070034335361,4639151059295380118,4639151059295380118,false,false,2,true,true
HYDRAULIC,9,background-reference,12000,CHANNEL,pressure,outlet,true,true,-4530953312708323265,-4530953312708323265,-4584167589606072194,-4584167589606072194,true,true,2,true,true
HYDRAULIC,10,background-reference,12000,RETURN,outlet,drum,true,true,4691043061035025175,4691043061035025175,4638790870395514491,4638790870395514491,false,false,2,true,true
HYDRAULIC,11,background-reference,12000,FEEDWATER-PUMP,feedwater-inventory,drum,true,true,4697718949914791344,4697718949914791344,4629983412492954144,4629983412492954144,false,false,2,true,true
HYDRAULIC,12,background-reference,18000,MCP,suction,pressure,true,true,4696738070034335361,4696738070034335361,4639151059295380118,4639151059295380118,false,false,2,true,true
HYDRAULIC,13,background-reference,18000,CHANNEL,pressure,outlet,true,true,-4530953312661427223,-4530953312661427223,-4584167589592556495,-4584167589592556495,true,true,2,true,true
HYDRAULIC,14,background-reference,18000,RETURN,outlet,drum,true,true,4691043061081921217,4691043061081921217,4638790870410248843,4638790870410248843,false,false,2,true,true
HYDRAULIC,15,background-reference,18000,FEEDWATER-PUMP,feedwater-inventory,drum,true,true,4697718949916304420,4697718949916304420,4629983412493683037,4629983412493683037,false,false,2,true,true
HYDRAULIC,16,background-reference,24000,MCP,suction,pressure,true,true,4696738070034335361,4696738070034335361,4639151059295380118,4639151059295380118,false,false,2,true,true
HYDRAULIC,17,background-reference,24000,CHANNEL,pressure,outlet,true,true,-4530953312661427223,-4530953312661427223,-4584167589592556495,-4584167589592556495,true,true,2,true,true
HYDRAULIC,18,background-reference,24000,RETURN,outlet,drum,true,true,4691043061081921217,4691043061081921217,4638790870410248843,4638790870410248843,false,false,2,true,true
HYDRAULIC,19,background-reference,24000,FEEDWATER-PUMP,feedwater-inventory,drum,true,true,4697718949914887116,4697718949914887116,4629983412493000280,4629983412493000280,false,false,2,true,true
HYDRAULIC,20,background-reference,30000,MCP,suction,pressure,true,true,4696738070034335361,4696738070034335361,4639151059295380118,4639151059295380118,false,false,2,true,true
HYDRAULIC,21,background-reference,30000,CHANNEL,pressure,outlet,true,true,-4530953312661427223,-4530953312661427223,-4584167589592556495,-4584167589592556495,true,true,2,true,true
HYDRAULIC,22,background-reference,30000,RETURN,outlet,drum,true,true,4691043061081921217,4691043061081921217,4638790870410248843,4638790870410248843,false,false,2,true,true
HYDRAULIC,23,background-reference,30000,FEEDWATER-PUMP,feedwater-inventory,drum,true,true,4697718949915269192,4697718949915269192,4629983412493184338,4629983412493184338,false,false,2,true,true
HYDRAULIC,24,background-reference,36000,MCP,suction,pressure,true,true,4696738070034335361,4696738070034335361,4639151059295380118,4639151059295380118,false,false,2,true,true
HYDRAULIC,25,background-reference,36000,CHANNEL,pressure,outlet,true,true,-4530953312661427223,-4530953312661427223,-4584167589592556495,-4584167589592556495,true,true,2,true,true
HYDRAULIC,26,background-reference,36000,RETURN,outlet,drum,true,true,4691043061081921217,4691043061081921217,4638790870410248843,4638790870410248843,false,false,2,true,true
HYDRAULIC,27,background-reference,36000,FEEDWATER-PUMP,feedwater-inventory,drum,true,true,4697718949918395284,4697718949918395284,4629983412494690268,4629983412494690268,false,false,2,true,true
HYDRAULIC,28,background-reference,42000,MCP,suction,pressure,true,true,4696738070034335361,4696738070034335361,4639151059295380118,4639151059295380118,false,false,2,true,true
HYDRAULIC,29,background-reference,42000,CHANNEL,pressure,outlet,true,true,-4530953312661427223,-4530953312661427223,-4584167589592556495,-4584167589592556495,true,true,2,true,true
HYDRAULIC,30,background-reference,42000,RETURN,outlet,drum,true,true,4691043061081921217,4691043061081921217,4638790870410248843,4638790870410248843,false,false,2,true,true
HYDRAULIC,31,background-reference,42000,FEEDWATER-PUMP,feedwater-inventory,drum,true,true,4697718949916286780,4697718949916286780,4629983412493674540,4629983412493674540,false,false,2,true,true
HYDRAULIC,32,background-reference,48000,MCP,suction,pressure,true,true,4696738070034335361,4696738070034335361,4639151059295380118,4639151059295380118,false,false,2,true,true
HYDRAULIC,33,background-reference,48000,CHANNEL,pressure,outlet,true,true,-4530953312661427223,-4530953312661427223,-4584167589592556495,-4584167589592556495,true,true,2,true,true
HYDRAULIC,34,background-reference,48000,RETURN,outlet,drum,true,true,4691043061081921217,4691043061081921217,4638790870410248843,4638790870410248843,false,false,2,true,true
HYDRAULIC,35,background-reference,48000,FEEDWATER-PUMP,feedwater-inventory,drum,true,true,4697718949917507252,4697718949917507252,4629983412494262476,4629983412494262476,false,false,2,true,true
HYDRAULIC,36,background-reference,54000,MCP,suction,pressure,true,true,4696738070034335361,4696738070034335361,4639151059295380118,4639151059295380118,false,false,2,true,true
HYDRAULIC,37,background-reference,54000,CHANNEL,pressure,outlet,true,true,-4530953312661427223,-4530953312661427223,-4584167589592556495,-4584167589592556495,true,true,2,true,true
HYDRAULIC,38,background-reference,54000,RETURN,outlet,drum,true,true,4691043061081921217,4691043061081921217,4638790870410248843,4638790870410248843,false,false,2,true,true
HYDRAULIC,39,background-reference,54000,FEEDWATER-PUMP,feedwater-inventory,drum,true,true,4697718949921116452,4697718949921116452,4629983412496001134,4629983412496001134,false,false,2,true,true
HYDRAULIC,40,background-reference,60000,MCP,suction,pressure,true,true,4696738070034335361,4696738070034335361,4639151059295380118,4639151059295380118,false,false,2,true,true
HYDRAULIC,41,background-reference,60000,CHANNEL,pressure,outlet,true,true,-4530953312614531181,-4530953312614531181,-4584167589579040795,-4584167589579040795,true,true,2,true,true
HYDRAULIC,42,background-reference,60000,RETURN,outlet,drum,true,true,4691043061128817259,4691043061128817259,4638790870424983195,4638790870424983195,false,false,2,true,true
HYDRAULIC,43,background-reference,60000,FEEDWATER-PUMP,feedwater-inventory,drum,true,true,4697718949923098804,4697718949923098804,4629983412496956091,4629983412496956091,false,false,2,true,true
HYDRAULIC,44,exact-v9-5-to-6mwe,2784,MCP,suction,pressure,true,true,4696757466974534358,4696757466974534358,4639156706707730078,4639156706707730078,false,false,2,true,true
HYDRAULIC,45,exact-v9-5-to-6mwe,2784,CHANNEL,pressure,outlet,true,true,-4530266351425373949,-4530266351425373949,-4583875838136896762,-4583875838136896762,true,true,2,true,true
HYDRAULIC,46,exact-v9-5-to-6mwe,2784,RETURN,outlet,drum,true,true,4691625568357233961,4691625568357233961,4638970376927807915,4638970376927807915,false,false,2,true,true
HYDRAULIC,47,exact-v9-5-to-6mwe,2784,FEEDWATER-PUMP,feedwater-inventory,drum,true,true,4697763179692006108,4697763179692006108,4630004672059328230,4630004672059328230,false,false,2,true,true
HYDRAULIC,48,exact-v9-5-to-6mwe,8784,MCP,suction,pressure,true,true,4696674834122252368,4696674834122252368,4639132603245679871,4639132603245679871,false,false,2,true,true
HYDRAULIC,49,exact-v9-5-to-6mwe,8784,CHANNEL,pressure,outlet,true,true,-4530874831836543403,-4530874831836543403,-4584145021908885312,-4584145021908885312,true,true,2,true,true
HYDRAULIC,50,exact-v9-5-to-6mwe,8784,RETURN,outlet,drum,true,true,4691863359029207930,4691863359029207930,4639041740829188921,4639041740829188921,false,false,2,true,true
HYDRAULIC,51,exact-v9-5-to-6mwe,8784,FEEDWATER-PUMP,feedwater-inventory,drum,true,true,4697418956591098716,4697418956591098716,4629836646878974695,4629836646878974695,false,false,2,true,true
HYDRAULIC,52,exact-v9-5-to-6mwe,14784,MCP,suction,pressure,true,true,4696263138893941638,4696263138893941638,4639010713556074177,4639010713556074177,false,false,2,true,true
HYDRAULIC,53,exact-v9-5-to-6mwe,14784,CHANNEL,pressure,outlet,true,true,-4532675651944049842,-4532675651944049842,-4584718407718392681,-4584718407718392681,true,true,2,true,true
HYDRAULIC,54,exact-v9-5-to-6mwe,14784,RETURN,outlet,drum,true,true,4691847408413233488,4691847408413233488,4639036986825192774,4639036986825192774,false,false,2,true,true
HYDRAULIC,55,exact-v9-5-to-6mwe,14784,FEEDWATER-PUMP,feedwater-inventory,drum,true,true,4697607834959118852,4697607834959118852,4629929582480386198,4629929582480386198,false,false,2,true,true
HYDRAULIC,56,exact-v9-5-to-6mwe,20784,MCP,suction,pressure,true,true,4696205791081144740,4696205791081144740,4638993488576348269,4638993488576348269,false,false,2,true,true
HYDRAULIC,57,exact-v9-5-to-6mwe,20784,CHANNEL,pressure,outlet,true,true,-4532186409620953010,-4532186409620953010,-4584536589932586214,-4584536589932586214,true,true,2,true,true
HYDRAULIC,58,exact-v9-5-to-6mwe,20784,RETURN,outlet,drum,true,true,4691674117916389616,4691674117916389616,4638985033787840603,4638985033787840603,false,false,2,true,true
HYDRAULIC,59,exact-v9-5-to-6mwe,20784,FEEDWATER-PUMP,feedwater-inventory,drum,true,true,4697459079208043220,4697459079208043220,4629856543840677275,4629856543840677275,false,false,2,true,true
HYDRAULIC,60,exact-v9-5-to-6mwe,26784,MCP,suction,pressure,true,true,4696353254412547801,4696353254412547801,4639037656628369450,4639037656628369450,false,false,2,true,true
HYDRAULIC,61,exact-v9-5-to-6mwe,26784,CHANNEL,pressure,outlet,true,true,-4531524735971484458,-4531524735971484458,-4584335082094231491,-4584335082094231491,true,true,2,true,true
HYDRAULIC,62,exact-v9-5-to-6mwe,26784,RETURN,outlet,drum,true,true,4691573923433525999,4691573923433525999,4638954735957923922,4638954735957923922,false,false,2,true,true
HYDRAULIC,63,exact-v9-5-to-6mwe,26784,FEEDWATER-PUMP,feedwater-inventory,drum,true,true,4697436117302915828,4697436117302915828,4629845167366081901,4629845167366081901,false,false,2,true,true
HYDRAULIC,64,exact-v9-5-to-6mwe,32784,MCP,suction,pressure,true,true,4696513951384264286,4696513951384264286,4639085333369734213,4639085333369734213,false,false,2,true,true
HYDRAULIC,65,exact-v9-5-to-6mwe,32784,CHANNEL,pressure,outlet,true,true,-4530989971029607658,-4530989971029607658,-4584178165922641257,-4584178165922641257,true,true,2,true,true
HYDRAULIC,66,exact-v9-5-to-6mwe,32784,RETURN,outlet,drum,true,true,4691524374514152739,4691524374514152739,4638939681218840858,4638939681218840858,false,false,2,true,true
HYDRAULIC,67,exact-v9-5-to-6mwe,32784,FEEDWATER-PUMP,feedwater-inventory,drum,true,true,4697426640189114552,4697426640189114552,4629840463805015413,4629840463805015413,false,false,2,true,true
HYDRAULIC,68,exact-v9-5-to-6mwe,38784,MCP,suction,pressure,true,true,4696639508040624797,4696639508040624797,4639122262814532035,4639122262814532035,false,false,2,true,true
HYDRAULIC,69,exact-v9-5-to-6mwe,38784,CHANNEL,pressure,outlet,true,true,-4530616676628408610,-4530616676628408610,-4584070206578131896,-4584070206578131896,true,true,2,true,true
HYDRAULIC,70,exact-v9-5-to-6mwe,38784,RETURN,outlet,drum,true,true,4691500984882651198,4691500984882651198,4638932557956464294,4638932557956464294,false,false,2,true,true
HYDRAULIC,71,exact-v9-5-to-6mwe,38784,FEEDWATER-PUMP,feedwater-inventory,drum,true,true,4697426743498051024,4697426743498051024,4629840515103681969,4629840515103681969,false,false,2,true,true
HYDRAULIC,72,exact-v9-5-to-6mwe,44784,MCP,suction,pressure,true,true,4696726807439424182,4696726807439424182,4639147777234423108,4639147777234423108,false,false,2,true,true
HYDRAULIC,73,exact-v9-5-to-6mwe,44784,CHANNEL,pressure,outlet,true,true,-4530490576170679972,-4530490576170679972,-4583999401104171429,-4583999401104171429,true,true,2,true,true
HYDRAULIC,74,exact-v9-5-to-6mwe,44784,RETURN,outlet,drum,true,true,4691493360311876631,4691493360311876631,4638930233589404521,4638930233589404521,false,false,2,true,true
HYDRAULIC,75,exact-v9-5-to-6mwe,44784,FEEDWATER-PUMP,feedwater-inventory,drum,true,true,4697433434432596824,4697433434432596824,4629843836320972361,4629843836320972361,false,false,2,true,true
HYDRAULIC,76,exact-v9-5-to-6mwe,50784,MCP,suction,pressure,true,true,4696783866637564617,4696783866637564617,4639164382629912843,4639164382629912843,false,false,2,true,true
HYDRAULIC,77,exact-v9-5-to-6mwe,50784,CHANNEL,pressure,outlet,true,true,-4530404869928831965,-4530404869928831965,-4583951825591314734,-4583951825591314734,true,true,2,true,true
HYDRAULIC,78,exact-v9-5-to-6mwe,50784,RETURN,outlet,drum,true,true,4691496338176178908,4691496338176178908,4638931141533863156,4638931141533863156,false,false,2,true,true
HYDRAULIC,79,exact-v9-5-to-6mwe,50784,FEEDWATER-PUMP,feedwater-inventory,drum,true,true,4697443252311032128,4697443252311032128,4629848705384862117,4629848705384862117,false,false,2,true,true
HYDRAULIC,80,exact-v9-5-to-6mwe,56784,MCP,suction,pressure,true,true,4696822987389462367,4696822987389462367,4639175735522088175,4639175735522088175,false,false,2,true,true
HYDRAULIC,81,exact-v9-5-to-6mwe,56784,CHANNEL,pressure,outlet,true,true,-4530342944648070818,-4530342944648070818,-4583917719148741771,-4583917719148741771,true,true,2,true,true
HYDRAULIC,82,exact-v9-5-to-6mwe,56784,RETURN,outlet,drum,true,true,4691503347096812956,4691503347096812956,4638933277850819799,4638933277850819799,false,false,2,true,true
HYDRAULIC,83,exact-v9-5-to-6mwe,56784,FEEDWATER-PUMP,feedwater-inventory,drum,true,true,4697458051062685416,4697458051062685416,4629856035040169592,4629856035040169592,false,false,2,true,true
HYDRAULIC,84,exact-v9-5-to-6mwe,62784,MCP,suction,pressure,true,true,4696846197464478519,4696846197464478519,4639182458879096234,4639182458879096234,false,false,2,true,true
HYDRAULIC,85,exact-v9-5-to-6mwe,62784,CHANNEL,pressure,outlet,true,true,-4530307749847694498,-4530307749847694498,-4583898433372138427,-4583898433372138427,true,true,2,true,true
HYDRAULIC,86,exact-v9-5-to-6mwe,62784,RETURN,outlet,drum,true,true,4691513059190955000,4691513059190955000,4638936236500191861,4638936236500191861,false,false,2,true,true
HYDRAULIC,87,exact-v9-5-to-6mwe,62784,FEEDWATER-PUMP,feedwater-inventory,drum,true,true,4697474206717268384,4697474206717268384,4629864023611790987,4629864023611790987,false,false,2,true,true
HYDRAULIC,88,exact-v9-5-to-6mwe,68784,MCP,suction,pressure,true,true,4696859108141999401,4696859108141999401,4639186194840529727,4639186194840529727,false,false,2,true,true
HYDRAULIC,89,exact-v9-5-to-6mwe,68784,CHANNEL,pressure,outlet,true,true,-4530284165437880884,-4530284165437880884,-4583885549168344727,-4583885549168344727,true,true,2,true,true
HYDRAULIC,90,exact-v9-5-to-6mwe,68784,RETURN,outlet,drum,true,true,4691526538920153486,4691526538920153486,4638940339842521717,4638940339842521717,false,false,2,true,true
HYDRAULIC,91,exact-v9-5-to-6mwe,68784,FEEDWATER-PUMP,feedwater-inventory,drum,true,true,4697490488513158056,4697490488513158056,4629872060746862806,4629872060746862806,false,false,2,true,true
HYDRAULIC,92,exact-v9-5-to-6mwe,74784,MCP,suction,pressure,true,true,4696866097665539516,4696866097665539516,4639188216229855751,4639188216229855751,false,false,2,true,true
HYDRAULIC,93,exact-v9-5-to-6mwe,74784,CHANNEL,pressure,outlet,true,true,-4530267754254115763,-4530267754254115763,-4583876602220662948,-4583876602220662948,true,true,2,true,true
HYDRAULIC,94,exact-v9-5-to-6mwe,74784,RETURN,outlet,drum,true,true,4691539572349338087,4691539572349338087,4638944303949869432,4638944303949869432,false,false,2,true,true
HYDRAULIC,95,exact-v9-5-to-6mwe,74784,FEEDWATER-PUMP,feedwater-inventory,drum,true,true,4697506847737966176,4697506847737966176,4629880122211695019,4629880122211695019,false,false,2,true,true
HYDRAULIC,96,exact-v9-5-to-6mwe,80784,MCP,suction,pressure,true,true,4696869846939082561,4696869846939082561,4639189300192275645,4639189300192275645,false,false,2,true,true
HYDRAULIC,97,exact-v9-5-to-6mwe,80784,CHANNEL,pressure,outlet,true,true,-4530256500672888834,-4530256500672888834,-4583870475796227255,-4583870475796227255,true,true,2,true,true
HYDRAULIC,98,exact-v9-5-to-6mwe,80784,RETURN,outlet,drum,true,true,4691551780162613417,4691551780162613417,4638948013942451849,4638948013942451849,false,false,2,true,true
HYDRAULIC,99,exact-v9-5-to-6mwe,80784,FEEDWATER-PUMP,feedwater-inventory,drum,true,true,4697523395852493868,4697523395852493868,4629888262664113286,4629888262664113286,false,false,2,true,true
HYDRAULIC,100,exact-v9-5-to-6mwe,86784,MCP,suction,pressure,true,true,4696871448444195949,4696871448444195949,4639189763135835135,4639189763135835135,false,false,2,true,true
HYDRAULIC,101,exact-v9-5-to-6mwe,86784,CHANNEL,pressure,outlet,true,true,-4530247566983118494,-4530247566983118494,-4583865617355597968,-4583865617355597968,true,true,2,true,true
HYDRAULIC,102,exact-v9-5-to-6mwe,86784,RETURN,outlet,drum,true,true,4691565338360798903,4691565338360798903,4638952130923657886,4638952130923657886,false,false,2,true,true
HYDRAULIC,103,exact-v9-5-to-6mwe,86784,FEEDWATER-PUMP,feedwater-inventory,drum,true,true,4697539755063670300,4697539755063670300,4629896296329644405,4629896296329644405,false,false,2,true,true
HYDRAULIC,104,exact-v9-5-to-6mwe,92784,MCP,suction,pressure,true,true,4696872536469934406,4696872536469934406,4639190077624521074,4639190077624521074,false,false,2,true,true
HYDRAULIC,105,exact-v9-5-to-6mwe,92784,CHANNEL,pressure,outlet,true,true,-4530237357500648348,-4530237357500648348,-4583860070540972319,-4583860070540972319,true,true,2,true,true
HYDRAULIC,106,exact-v9-5-to-6mwe,92784,RETURN,outlet,drum,true,true,4691577550435570814,4691577550435570814,4638955836097762010,4638955836097762010,false,false,2,true,true
HYDRAULIC,107,exact-v9-5-to-6mwe,92784,FEEDWATER-PUMP,feedwater-inventory,drum,true,true,4697555145798988280,4697555145798988280,4629903841879189079,4629903841879189079,false,false,2,true,true
HYDRAULIC,108,exact-v9-5-to-6mwe,98784,MCP,suction,pressure,true,true,4696873286776154224,4696873286776154224,4639190294485424388,4639190294485424388,false,false,2,true,true
HYDRAULIC,109,exact-v9-5-to-6mwe,98784,CHANNEL,pressure,outlet,true,true,-4530230955021919756,-4530230955021919756,-4583856595027865155,-4583856595027865155,true,true,2,true,true
HYDRAULIC,110,exact-v9-5-to-6mwe,98784,RETURN,outlet,drum,true,true,4691588912377750380,4691588912377750380,4638959280747000369,4638959280747000369,false,false,2,true,true
HYDRAULIC,111,exact-v9-5-to-6mwe,98784,FEEDWATER-PUMP,feedwater-inventory,drum,true,true,4697571280754302428,4697571280754302428,4629911739328737100,4629911739328737100,false,false,2,true,true
HYDRAULIC,112,exact-v9-5-to-6mwe,104784,MCP,suction,pressure,true,true,4696872572890901912,4696872572890901912,4639190088151486103,4639190088151486103,false,false,2,true,true
HYDRAULIC,113,exact-v9-5-to-6mwe,104784,CHANNEL,pressure,outlet,true,true,-4530226082206905726,-4530226082206905726,-4583853951398714377,-4583853951398714377,true,true,2,true,true
HYDRAULIC,114,exact-v9-5-to-6mwe,104784,RETURN,outlet,drum,true,true,4691602316883600035,4691602316883600035,4638963341443408828,4638963341443408828,false,false,2,true,true
HYDRAULIC,115,exact-v9-5-to-6mwe,104784,FEEDWATER-PUMP,feedwater-inventory,drum,true,true,4697586651562391752,4697586651562391752,4629919250473478534,4629919250473478534,false,false,2,true,true
HYDRAULIC,116,exact-v9-5-to-6mwe,110784,MCP,suction,pressure,true,true,4696869907308713191,4696869907308713191,4639189317643971663,4639189317643971663,false,false,2,true,true
HYDRAULIC,117,exact-v9-5-to-6mwe,110784,CHANNEL,pressure,outlet,true,true,-4530217952666280665,-4530217952666280665,-4583849543835941852,-4583849543835941852,true,true,2,true,true
HYDRAULIC,118,exact-v9-5-to-6mwe,110784,RETURN,outlet,drum,true,true,4691650792749271956,4691650792749271956,4638977997657148137,4638977997657148137,false,false,2,true,true
HYDRAULIC,119,exact-v9-5-to-6mwe,110784,FEEDWATER-PUMP,feedwater-inventory,drum,true,true,4697676015579416088,4697676015579416088,4629962684888032360,4629962684888032360,false,false,2,true,true
HYDRAULIC,120,exact-v9-5-to-6mwe,116784,MCP,suction,pressure,true,true,4696796454613802875,4696796454613802875,4639168038509874416,4639168038509874416,false,false,2,true,true
HYDRAULIC,121,exact-v9-5-to-6mwe,116784,CHANNEL,pressure,outlet,true,true,-4530258546545279253,-4530258546545279253,-4583871589037531019,-4583871589037531019,true,true,2,true,true
HYDRAULIC,122,exact-v9-5-to-6mwe,116784,RETURN,outlet,drum,true,true,4691881746698283491,4691881746698283491,4639047215394705006,4639047215394705006,false,false,2,true,true
HYDRAULIC,123,exact-v9-5-to-6mwe,116784,FEEDWATER-PUMP,feedwater-inventory,drum,true,true,4697731863156840700,4697731863156840700,4629989629142659945,4629989629142659945,false,false,2,true,true
HYDRAULIC,124,exact-v9-5-to-6mwe,122784,MCP,suction,pressure,true,true,4696758455577193325,4696758455577193325,4639156994366591466,4639156994366591466,false,false,2,true,true
HYDRAULIC,125,exact-v9-5-to-6mwe,122784,CHANNEL,pressure,outlet,true,true,-4530185050525759287,-4530185050525759287,-4583831742587413174,-4583831742587413174,true,true,2,true,true
HYDRAULIC,126,exact-v9-5-to-6mwe,122784,RETURN,outlet,drum,true,true,4692039982390272261,4692039982390272261,4639094073643829474,4639094073643829474,false,false,2,true,true
HYDRAULIC,127,exact-v9-5-to-6mwe,122784,FEEDWATER-PUMP,feedwater-inventory,drum,true,true,4697673029251263644,4697673029251263644,4629961239810529777,4629961239810529777,false,false,2,true,true
HYDRAULIC,128,exact-v9-5-to-6mwe,128784,MCP,suction,pressure,true,true,4696737722427343105,4696737722427343105,4639150958030922718,4639150958030922718,false,false,2,true,true
HYDRAULIC,129,exact-v9-5-to-6mwe,128784,CHANNEL,pressure,outlet,true,true,-4530082274903712977,-4530082274903712977,-4583776515783547383,-4583776515783547383,true,true,2,true,true
HYDRAULIC,130,exact-v9-5-to-6mwe,128784,RETURN,outlet,drum,true,true,4692239810218067274,4692239810218067274,4639152614622412894,4639152614622412894,false,false,2,true,true
HYDRAULIC,131,exact-v9-5-to-6mwe,128784,FEEDWATER-PUMP,feedwater-inventory,drum,true,true,4697687599518873924,4697687599518873924,4629968286188969078,4629968286188969078,false,false,2,true,true
HYDRAULIC,132,exact-v9-5-to-6mwe,134784,MCP,suction,pressure,true,true,4696722759590845928,4696722759590845928,4639146597108334975,4639146597108334975,false,false,2,true,true
HYDRAULIC,133,exact-v9-5-to-6mwe,134784,CHANNEL,pressure,outlet,true,true,-4529969294098220843,-4529969294098220843,-4583716450713783167,-4583716450713783167,true,true,2,true,true
HYDRAULIC,134,exact-v9-5-to-6mwe,134784,RETURN,outlet,drum,true,true,4692453333603909849,4692453333603909849,4639214411957773180,4639214411957773180,false,false,2,true,true
HYDRAULIC,135,exact-v9-5-to-6mwe,134784,FEEDWATER-PUMP,feedwater-inventory,drum,true,true,4697692917535267292,4697692917535267292,4629970855462844500,4629970855462844500,false,false,2,true,true
HYDRAULIC,136,exact-v9-5-to-6mwe,140784,MCP,suction,pressure,true,true,4696710420664512828,4696710420664512828,4639142998028173956,4639142998028173956,false,false,2,true,true
HYDRAULIC,137,exact-v9-5-to-6mwe,140784,CHANNEL,pressure,outlet,true,true,-4529847333341289972,-4529847333341289972,-4583652345649379600,-4583652345649379600,true,true,2,true,true
HYDRAULIC,138,exact-v9-5-to-6mwe,140784,RETURN,outlet,drum,true,true,4692676567082914564,4692676567082914564,4639278214894594303,4639278214894594303,false,false,2,true,true
HYDRAULIC,139,exact-v9-5-to-6mwe,140784,FEEDWATER-PUMP,feedwater-inventory,drum,true,true,4697696867057339468,4697696867057339468,4629972762686627829,4629972762686627829,false,false,2,true,true
HYDRAULIC,140,exact-v9-5-to-6mwe,146784,MCP,suction,pressure,true,true,4696699019769741619,4696699019769741619,4639139670225022884,4639139670225022884,false,false,2,true,true
HYDRAULIC,141,exact-v9-5-to-6mwe,146784,CHANNEL,pressure,outlet,true,true,-4529718303837039469,-4529718303837039469,-4583585326389022888,-4583585326389022888,true,true,2,true,true
HYDRAULIC,142,exact-v9-5-to-6mwe,146784,RETURN,outlet,drum,true,true,4692831259294211421,4692831259294211421,4639344564490663747,4639344564490663747,false,false,2,true,true
HYDRAULIC,143,exact-v9-5-to-6mwe,146784,FEEDWATER-PUMP,feedwater-inventory,drum,true,true,4697701197475537124,4697701197475537124,4629974852970141803,4629974852970141803,false,false,2,true,true
HYDRAULIC,144,exact-v9-5-to-6mwe,152784,MCP,suction,pressure,true,true,4696687900815786327,4696687900815786327,4639136422554868712,4639136422554868712,false,false,2,true,true
HYDRAULIC,145,exact-v9-5-to-6mwe,152784,CHANNEL,pressure,outlet,true,true,-4529585444808388186,-4529585444808388186,-4583517148556541503,-4583517148556541503,true,true,2,true,true
HYDRAULIC,146,exact-v9-5-to-6mwe,152784,RETURN,outlet,drum,true,true,4692952150053563373,4692952150053563373,4639411906805468699,4639411906805468699,false,false,2,true,true
HYDRAULIC,147,exact-v9-5-to-6mwe,152784,FEEDWATER-PUMP,feedwater-inventory,drum,true,true,4697705504605847288,4697705504605847288,4629976931105948331,4629976931105948331,false,false,2,true,true
HYDRAULIC,148,exact-v9-5-to-6mwe,158784,MCP,suction,pressure,true,true,4696676835858548686,4696676835858548686,4639133188532078303,4639133188532078303,false,false,2,true,true
HYDRAULIC,149,exact-v9-5-to-6mwe,158784,CHANNEL,pressure,outlet,true,true,-4529448250066081476,-4529448250066081476,-4583447598523071641,-4583447598523071641,true,true,2,true,true
HYDRAULIC,150,exact-v9-5-to-6mwe,158784,RETURN,outlet,drum,true,true,4693077073860812084,4693077073860812084,4639480592867465148,4639480592867465148,false,false,2,true,true
HYDRAULIC,151,exact-v9-5-to-6mwe,158784,FEEDWATER-PUMP,feedwater-inventory,drum,true,true,4697709865676502716,4697709865676502716,4629979034347188972,4629979034347188972,false,false,2,true,true
HYDRAULIC,152,exact-v9-5-to-6mwe,164784,MCP,suction,pressure,true,true,4696665800257811405,4696665800257811405,4639129960974706612,4639129960974706612,false,false,2,true,true
HYDRAULIC,153,exact-v9-5-to-6mwe,164784,CHANNEL,pressure,outlet,true,true,-4529308050717655344,-4529308050717655344,-4583377388251082801,-4583377388251082801,true,true,2,true,true
HYDRAULIC,154,exact-v9-5-to-6mwe,164784,RETURN,outlet,drum,true,true,4693204845361424541,4693204845361424541,4639549931830816638,4639549931830816638,false,false,2,true,true
HYDRAULIC,155,exact-v9-5-to-6mwe,164784,FEEDWATER-PUMP,feedwater-inventory,drum,true,true,4697714309315767488,4697714309315767488,4629981176458292132,4629981176458292132,false,false,2,true,true
HYDRAULIC,156,exact-v9-5-to-6mwe,170784,MCP,suction,pressure,true,true,4696654754230848957,4696654754230848957,4639126728248865007,4639126728248865007,false,false,2,true,true
HYDRAULIC,157,exact-v9-5-to-6mwe,170784,CHANNEL,pressure,outlet,true,true,-4529165707070542933,-4529165707070542933,-4583306964525970853,-4583306964525970853,true,true,2,true,true
HYDRAULIC,158,exact-v9-5-to-6mwe,170784,RETURN,outlet,drum,true,true,4693334672276531948,4693334672276531948,4639619476955466004,4639619476955466004,false,false,2,true,true
HYDRAULIC,159,exact-v9-5-to-6mwe,170784,FEEDWATER-PUMP,feedwater-inventory,drum,true,true,4697718904837147376,4697718904837147376,4629983390777684311,4629983390777684311,false,false,2,true,true
HYDRAULIC,160,exact-v9-5-to-6mwe,176784,MCP,suction,pressure,true,true,4696643680674943164,4696643680674943164,4639123485334148285,4639123485334148285,false,false,2,true,true
HYDRAULIC,161,exact-v9-5-to-6mwe,176784,CHANNEL,pressure,outlet,true,true,-4529020037828325648,-4529020037828325648,-4583235760966728343,-4583235760966728343,true,true,2,true,true
HYDRAULIC,162,exact-v9-5-to-6mwe,176784,RETURN,outlet,drum,true,true,4693467683120355159,4693467683120355159,4639689813366882819,4639689813366882819,false,false,2,true,true
HYDRAULIC,163,exact-v9-5-to-6mwe,176784,FEEDWATER-PUMP,feedwater-inventory,drum,true,true,4697723528860438768,4697723528860438768,4629985617797084315,4629985617797084315,false,false,2,true,true
HYDRAULIC,164,exact-v9-5-to-6mwe,182784,MCP,suction,pressure,true,true,4696632589322992603,4696632589322992603,4639120235063519250,4639120235063519250,false,false,2,true,true
HYDRAULIC,165,exact-v9-5-to-6mwe,182784,CHANNEL,pressure,outlet,true,true,-4528873610225153620,-4528873610225153620,-4583165037836144825,-4583165037836144825,true,true,2,true,true
HYDRAULIC,166,exact-v9-5-to-6mwe,182784,RETURN,outlet,drum,true,true,4693601177347375415,4693601177347375415,4639759510096343951,4639759510096343951,false,false,2,true,true
HYDRAULIC,167,exact-v9-5-to-6mwe,182784,FEEDWATER-PUMP,feedwater-inventory,drum,true,true,4697728163865532124,4697728163865532124,4629987849066655461,4629987849066655461,false,false,2,true,true
HYDRAULIC,168,exact-v9-5-to-6mwe,188784,MCP,suction,pressure,true,true,4696621489270753444,4696621489270753444,4639116980090497197,4639116980090497197,false,false,2,true,true
HYDRAULIC,169,exact-v9-5-to-6mwe,188784,CHANNEL,pressure,outlet,true,true,-4528724870313630320,-4528724870313630320,-4583094040906254963,-4583094040906254963,true,true,2,true,true
HYDRAULIC,170,exact-v9-5-to-6mwe,188784,RETURN,outlet,drum,true,true,4693736917683671352,4693736917683671352,4639829494157212853,4639829494157212853,false,false,2,true,true
HYDRAULIC,171,exact-v9-5-to-6mwe,188784,FEEDWATER-PUMP,feedwater-inventory,drum,true,true,4697732875587271468,4697732875587271468,4629990116202677870,4629990116202677870,false,false,2,true,true
HYDRAULIC,172,exact-v9-5-to-6mwe,194784,MCP,suction,pressure,true,true,4696610390976148380,4696610390976148380,4639113723475456488,4639113723475456488,false,false,2,true,true
HYDRAULIC,173,exact-v9-5-to-6mwe,194784,CHANNEL,pressure,outlet,true,true,-4528575264064314211,-4528575264064314211,-4583023457908154998,-4583023457908154998,true,true,2,true,true
HYDRAULIC,174,exact-v9-5-to-6mwe,194784,RETURN,outlet,drum,true,true,4693873470520401744,4693873470520401744,4639899029440340227,4639899029440340227,false,false,2,true,true
HYDRAULIC,175,exact-v9-5-to-6mwe,194784,FEEDWATER-PUMP,feedwater-inventory,drum,true,true,4697737622852802892,4697737622852802892,4629992399357324562,4629992399357324562,false,false,2,true,true
HYDRAULIC,176,exact-v9-5-to-6mwe,200784,MCP,suction,pressure,true,true,4696599302568234836,4696599302568234836,4639110467602843004,4639110467602843004,false,false,2,true,true
HYDRAULIC,177,exact-v9-5-to-6mwe,200784,CHANNEL,pressure,outlet,true,true,-4528424970980909304,-4528424970980909304,-4582953357989957817,-4582953357989957817,true,true,2,true,true
HYDRAULIC,178,exact-v9-5-to-6mwe,200784,RETURN,outlet,drum,true,true,4694010709807372188,4694010709807372188,4639968069156390172,4639968069156390172,false,false,2,true,true
HYDRAULIC,179,exact-v9-5-to-6mwe,200784,FEEDWATER-PUMP,feedwater-inventory,drum,true,true,4697742481909857068,4697742481909857068,4629994735151949650,4629994735151949650,false,false,2,true,true
HYDRAULIC,180,exact-v9-5-to-6mwe,206784,MCP,suction,pressure,true,true,4696588232132129512,4696588232132129512,4639107214850520139,4639107214850520139,false,false,2,true,true
HYDRAULIC,181,exact-v9-5-to-6mwe,206784,CHANNEL,pressure,outlet,true,true,-4528273196029488779,-4528273196029488779,-4582883360352480901,-4582883360352480901,true,true,2,true,true
HYDRAULIC,182,exact-v9-5-to-6mwe,206784,RETURN,outlet,drum,true,true,4694149385548600643,4694149385548600643,4640037001521037083,4640037001521037083,false,false,2,true,true
HYDRAULIC,183,exact-v9-5-to-6mwe,206784,FEEDWATER-PUMP,feedwater-inventory,drum,true,true,4697747348815088312,4697747348815088312,4629997073579919803,4629997073579919803,false,false,2,true,true
HYDRAULIC,184,exact-v9-5-to-6mwe,212784,MCP,suction,pressure,true,true,4696577120372991588,4696577120372991588,4639103947785126695,4639103947785126695,false,false,2,true,true
HYDRAULIC,185,exact-v9-5-to-6mwe,212784,CHANNEL,pressure,outlet,true,true,-4528122156893470667,-4528122156893470667,-4582814467593284061,-4582814467593284061,true,true,2,true,true
HYDRAULIC,186,exact-v9-5-to-6mwe,212784,RETURN,outlet,drum,true,true,4694287405165745265,4694287405165745265,4640104808242442113,4640104808242442113,false,false,2,true,true
HYDRAULIC,187,exact-v9-5-to-6mwe,212784,FEEDWATER-PUMP,feedwater-inventory,drum,true,true,4697752276900992332,4697752276900992332,4629999440243539879,4629999440243539879,false,false,2,true,true
HYDRAULIC,188,exact-v9-5-to-6mwe,218784,MCP,suction,pressure,true,true,4696565982468999233,4696565982468999233,4639100670845159533,4639100670845159533,false,false,2,true,true
HYDRAULIC,189,exact-v9-5-to-6mwe,218784,CHANNEL,pressure,outlet,true,true,-4527969698600271136,-4527969698600271136,-4582745676940894496,-4582745676940894496,true,true,2,true,true
HYDRAULIC,190,exact-v9-5-to-6mwe,218784,RETURN,outlet,drum,true,true,4694426910901353565,4694426910901353565,4640172562303574950,4640172562303574950,false,false,2,true,true
HYDRAULIC,191,exact-v9-5-to-6mwe,218784,FEEDWATER-PUMP,feedwater-inventory,drum,true,true,4697757259714846584,4697757259714846584,4630001832004539953,4630001832004539953,false,false,2,true,true
HYDRAULIC,192,exact-v9-5-to-6mwe,224784,MCP,suction,pressure,true,true,4696554884481060649,4696554884481060649,4639097403466424103,4639097403466424103,false,false,2,true,true
HYDRAULIC,193,exact-v9-5-to-6mwe,224784,CHANNEL,pressure,outlet,true,true,-4527817873318010882,-4527817873318010882,-4582677896465446930,-4582677896465446930,true,true,2,true,true
HYDRAULIC,194,exact-v9-5-to-6mwe,224784,RETURN,outlet,drum,true,true,4694565778775360019,4694565778775360019,4640239251193791598,4640239251193791598,false,false,2,true,true
HYDRAULIC,195,exact-v9-5-to-6mwe,224784,FEEDWATER-PUMP,feedwater-inventory,drum,true,true,4697762230839502364,4697762230839502364,4630004216968943846,4630004216968943846,false,false,2,true,true
HYDRAULIC,196,exact-v9-5-to-6mwe,230784,MCP,suction,pressure,true,true,4696543831986004589,4696543831986004589,4639094147311611966,4639094147311611966,false,false,2,true,true
HYDRAULIC,197,exact-v9-5-to-6mwe,230784,CHANNEL,pressure,outlet,true,true,-4527666020662246439,-4527666020662246439,-4582610804553136376,-4582610804553136376,true,true,2,true,true
HYDRAULIC,198,exact-v9-5-to-6mwe,230784,RETURN,outlet,drum,true,true,4694704724319391315,4694704724319391315,4640305247879487256,4640305247879487256,false,false,2,true,true
HYDRAULIC,199,exact-v9-5-to-6mwe,230784,FEEDWATER-PUMP,feedwater-inventory,drum,true,true,4697767270565483032,4697767270565483032,4630006633638577708,4630006633638577708,false,false,2,true,true
HYDRAULIC,200,exact-v9-5-to-6mwe,236784,MCP,suction,pressure,true,true,4696532830223339099,4696532830223339099,4639090903948299371,4639090903948299371,false,false,2,true,true
HYDRAULIC,201,exact-v9-5-to-6mwe,236784,CHANNEL,pressure,outlet,true,true,-4527514097936302530,-4527514097936302530,-4582544361700625323,-4582544361700625323,true,true,2,true,true
HYDRAULIC,202,exact-v9-5-to-6mwe,236784,RETURN,outlet,drum,true,true,4694843690561477230,4694843690561477230,4640370547956094749,4640370547956094749,false,false,2,true,true
HYDRAULIC,203,exact-v9-5-to-6mwe,236784,FEEDWATER-PUMP,feedwater-inventory,drum,true,true,4697772272893117668,4697772272893117668,4630009031174643027,4630009031174643027,false,false,2,true,true
HYDRAULIC,204,exact-v9-5-to-6mwe,242784,MCP,suction,pressure,true,true,4696521884911447406,4696521884911447406,4639087675089448558,4639087675089448558,false,false,2,true,true
HYDRAULIC,205,exact-v9-5-to-6mwe,242784,CHANNEL,pressure,outlet,true,true,-4527363159850714258,-4527363159850714258,-4582479003027933659,-4582479003027933659,true,true,2,true,true
HYDRAULIC,206,exact-v9-5-to-6mwe,242784,RETURN,outlet,drum,true,true,4694981522246373401,4694981522246373401,4640434638922752436,4640434638922752436,false,false,2,true,true
HYDRAULIC,207,exact-v9-5-to-6mwe,242784,FEEDWATER-PUMP,feedwater-inventory,drum,true,true,4697777188669211528,4697777188669211528,4630011386064825504,4630011386064825504,false,false,2,true,true
HYDRAULIC,208,exact-v9-5-to-6mwe,248784,MCP,suction,pressure,true,true,4696510999604030368,4696510999604030368,4639084461813223829,4639084461813223829,false,false,2,true,true
HYDRAULIC,209,exact-v9-5-to-6mwe,248784,CHANNEL,pressure,outlet,true,true,-4527212093987153162,-4527212093987153162,-4582414222295855515,-4582414222295855515,true,true,2,true,true
HYDRAULIC,210,exact-v9-5-to-6mwe,248784,RETURN,outlet,drum,true,true,4695119539261161769,4695119539261161769,4640498162169177248,4640498162169177248,false,false,2,true,true
HYDRAULIC,211,exact-v9-5-to-6mwe,248784,FEEDWATER-PUMP,feedwater-inventory,drum,true,true,4697782144983523736,4697782144983523736,4630013759209209099,4630013759209209099,false,false,2,true,true
HYDRAULIC,212,exact-v9-5-to-6mwe,254784,MCP,suction,pressure,true,true,4696500178663615077,4696500178663615077,4639081265439483776,4639081265439483776,false,false,2,true,true
HYDRAULIC,213,exact-v9-5-to-6mwe,254784,CHANNEL,pressure,outlet,true,true,-4527062165913829661,-4527062165913829661,-4582350538068164980,-4582350538068164980,true,true,2,true,true
HYDRAULIC,214,exact-v9-5-to-6mwe,254784,RETURN,outlet,drum,true,true,4695256447452908390,4695256447452908390,4640560547920904459,4640560547920904459,false,false,2,true,true
HYDRAULIC,215,exact-v9-5-to-6mwe,254784,FEEDWATER-PUMP,feedwater-inventory,drum,true,true,4697787066067154104,4697787066067154104,4630016114328541966,4630016114328541966,false,false,2,true,true
HYDRAULIC,216,exact-v9-5-to-6mwe,260784,MCP,suction,pressure,true,true,4696489424930321018,4696489424930321018,4639078086841240821,4639078086841240821,false,false,2,true,true
HYDRAULIC,217,exact-v9-5-to-6mwe,260784,CHANNEL,pressure,outlet,true,true,-4526912607862985865,-4526912607862985865,-4582287598260066543,-4582287598260066543,true,true,2,true,true
HYDRAULIC,218,exact-v9-5-to-6mwe,260784,RETURN,outlet,drum,true,true,4695393075872914180,4695393075872914180,4640622201674228977,4640622201674228977,false,false,2,true,true
HYDRAULIC,219,exact-v9-5-to-6mwe,260784,FEEDWATER-PUMP,feedwater-inventory,drum,true,true,4697792038166209684,4697792038166209684,4630018492694409651,4630018492694409651,false,false,2,true,true
HYDRAULIC,220,exact-v9-5-to-6mwe,266784,MCP,suction,pressure,true,true,4696478744535507778,4696478744535507778,4639074927867373960,4639074927867373960,false,false,2,true,true
HYDRAULIC,221,exact-v9-5-to-6mwe,266784,CHANNEL,pressure,outlet,true,true,-4526764143090968439,-4526764143090968439,-4582225682898918769,-4582225682898918769,true,true,2,true,true
HYDRAULIC,222,exact-v9-5-to-6mwe,266784,RETURN,outlet,drum,true,true,4695528662339358135,4695528662339358135,4640682805252765712,4640682805252765712,false,false,2,true,true
HYDRAULIC,223,exact-v9-5-to-6mwe,266784,FEEDWATER-PUMP,feedwater-inventory,drum,true,true,4697796923147881496,4697796923147881496,4630020828246378129,4630020828246378129,false,false,2,true,true
HYDRAULIC,224,exact-v9-5-to-6mwe,272784,MCP,suction,pressure,true,true,4696468140573044796,4696468140573044796,4639071789472059769,4639071789472059769,false,false,2,true,true
HYDRAULIC,225,exact-v9-5-to-6mwe,272784,CHANNEL,pressure,outlet,true,true,-4526616373089073145,-4526616373089073145,-4582164600802625026,-4582164600802625026,true,true,2,true,true
HYDRAULIC,226,exact-v9-5-to-6mwe,272784,RETURN,outlet,drum,true,true,4695663612371077777,4695663612371077777,4640742566620533330,4640742566620533330,false,false,2,true,true
HYDRAULIC,227,exact-v9-5-to-6mwe,272784,FEEDWATER-PUMP,feedwater-inventory,drum,true,true,4697801871432450416,4697801871432450416,4630023192911738339,4630023192911738339,false,false,2,true,true
HYDRAULIC,228,exact-v9-5-to-6mwe,278784,MCP,suction,pressure,true,true,4696457610666322429,4696457610666322429,4639068670991056958,4639068670991056958,false,false,2,true,true
HYDRAULIC,229,exact-v9-5-to-6mwe,278784,CHANNEL,pressure,outlet,true,true,-4526469387012124941,-4526469387012124941,-4582104366733869437,-4582104366733869437,true,true,2,true,true
HYDRAULIC,230,exact-v9-5-to-6mwe,278784,RETURN,outlet,drum,true,true,4695797847622183910,4695797847622183910,4640801474436559941,4640801474436559941,false,false,2,true,true
HYDRAULIC,231,exact-v9-5-to-6mwe,278784,FEEDWATER-PUMP,feedwater-inventory,drum,true,true,4697806807000283780,4697806807000283780,4630025550346545184,4630025550346545184,false,false,2,true,true
HYDRAULIC,232,exact-v9-5-to-6mwe,284784,MCP,suction,pressure,true,true,4696447157790303127,4696447157790303127,4639065573344581120,4639065573344581120,false,false,2,true,true
HYDRAULIC,233,exact-v9-5-to-6mwe,284784,CHANNEL,pressure,outlet,true,true,-4526323897744994585,-4526323897744994585,-4582045247649743045,-4582045247649743045,true,true,2,true,true
HYDRAULIC,234,exact-v9-5-to-6mwe,284784,RETURN,outlet,drum,true,true,4695930657506352970,4695930657506352970,4640859243625313926,4640859243625313926,false,false,2,true,true
HYDRAULIC,235,exact-v9-5-to-6mwe,284784,FEEDWATER-PUMP,feedwater-inventory,drum,true,true,4697811734809022260,4697811734809022260,4630027902927631015,4630027902927631015,false,false,2,true,true
HYDRAULIC,236,exact-v9-5-to-6mwe,290784,MCP,suction,pressure,true,true,4696436783528969425,4696436783528969425,4639062497042333498,4639062497042333498,false,false,2,true,true
HYDRAULIC,237,exact-v9-5-to-6mwe,290784,CHANNEL,pressure,outlet,true,true,-4526178674956732500,-4526178674956732500,-4581986722185725121,-4581986722185725121,true,true,2,true,true
HYDRAULIC,238,exact-v9-5-to-6mwe,290784,RETURN,outlet,drum,true,true,4696063274902384136,4696063274902384136,4640916433004933857,4640916433004933857,false,false,2,true,true
HYDRAULIC,239,exact-v9-5-to-6mwe,290784,FEEDWATER-PUMP,feedwater-inventory,drum,true,true,4697816651138755592,4697816651138755592,4630030248887458409,4630030248887458409,false,false,2,true,true
HYDRAULIC,240,exact-v9-5-to-6mwe,296784,MCP,suction,pressure,true,true,4696426489219496860,4696426489219496860,4639059442521774583,4639059442521774583,false,false,2,true,true
HYDRAULIC,241,exact-v9-5-to-6mwe,296784,CHANNEL,pressure,outlet,true,true,-4526076342437537091,-4526076342437537091,-4581929309771736814,-4581929309771736814,true,true,2,true,true
HYDRAULIC,242,exact-v9-5-to-6mwe,296784,RETURN,outlet,drum,true,true,4696194351779323131,4696194351779323131,4640972483246155159,4640972483246155159,false,false,2,true,true
HYDRAULIC,243,exact-v9-5-to-6mwe,296784,FEEDWATER-PUMP,feedwater-inventory,drum,true,true,4697821550485303048,4697821550485303048,4630032585611101913,4630032585611101913,false,false,2,true,true
HYDRAULIC,244,exact-v9-5-to-6mwe,302784,MCP,suction,pressure,true,true,4696416236395430263,4696416236395430263,4639056398399558331,4639056398399558331,false,false,2,true,true
HYDRAULIC,245,exact-v9-5-to-6mwe,302784,CHANNEL,pressure,outlet,true,true,-4526005056260471833,-4526005056260471833,-4581872761306773222,-4581872761306773222,true,true,2,true,true
HYDRAULIC,246,exact-v9-5-to-6mwe,302784,RETURN,outlet,drum,true,true,4696324272711944156,4696324272711944156,4641027584869004189,4641027584869004189,false,false,2,true,true
HYDRAULIC,247,exact-v9-5-to-6mwe,302784,FEEDWATER-PUMP,feedwater-inventory,drum,true,true,4697826320470189876,4697826320470189876,4630034859551914647,4630034859551914647,false,false,2,true,true
HYDRAULIC,248,exact-v9-5-to-6mwe,308784,MCP,suction,pressure,true,true,4696405989404353755,4696405989404353755,4639053354099904355,4639053354099904355,false,false,2,true,true
HYDRAULIC,249,exact-v9-5-to-6mwe,308784,CHANNEL,pressure,outlet,true,true,-4525934311369103009,-4525934311369103009,-4581817072276424248,-4581817072276424248,true,true,2,true,true
HYDRAULIC,250,exact-v9-5-to-6mwe,308784,RETURN,outlet,drum,true,true,4696453269289498874,4696453269289498874,4641081857726348940,4641081857726348940,false,false,2,true,true
HYDRAULIC,251,exact-v9-5-to-6mwe,308784,FEEDWATER-PUMP,feedwater-inventory,drum,true,true,4697831075617506212,4697831075617506212,4630037125356079561,4630037125356079561,false,false,2,true,true
HYDRAULIC,252,exact-v9-5-to-6mwe,314784,MCP,suction,pressure,true,true,4696395825541493152,4696395825541493152,4639050332607859997,4639050332607859997,false,false,2,true,true
HYDRAULIC,253,exact-v9-5-to-6mwe,314784,CHANNEL,pressure,outlet,true,true,-4525864401513067044,-4525864401513067044,-4581762451948386162,-4581762451948386162,true,true,2,true,true
HYDRAULIC,254,exact-v9-5-to-6mwe,314784,RETURN,outlet,drum,true,true,4696580679080617824,4696580679080617824,4641135045816204864,4641135045816204864,false,false,2,true,true
HYDRAULIC,255,exact-v9-5-to-6mwe,314784,FEEDWATER-PUMP,feedwater-inventory,drum,true,true,4697835815104215848,4697835815104215848,4630039382643119795,4630039382643119795,false,false,2,true,true
HYDRAULIC,256,exact-v9-5-to-6mwe,320784,MCP,suction,pressure,true,true,4696385745150119121,4696385745150119121,4639047334068252476,4639047334068252476,false,false,2,true,true
HYDRAULIC,257,exact-v9-5-to-6mwe,320784,CHANNEL,pressure,outlet,true,true,-4525794789606099107,-4525794789606099107,-4581708461783797668,-4581708461783797668,true,true,2,true,true
HYDRAULIC,258,exact-v9-5-to-6mwe,320784,RETURN,outlet,drum,true,true,4696707577908250278,4696707577908250278,4641187617958078779,4641187617958078779,false,false,2,true,true
HYDRAULIC,259,exact-v9-5-to-6mwe,320784,FEEDWATER-PUMP,feedwater-inventory,drum,true,true,4697840538361719656,4697840538361719656,4630041631154320866,4630041631154320866,false,false,2,true,true
HYDRAULIC,260,exact-v9-5-to-6mwe,326784,MCP,suction,pressure,true,true,4696375793553670246,4696375793553670246,4639044372018211944,4639044372018211944,false,false,2,true,true
HYDRAULIC,261,exact-v9-5-to-6mwe,326784,CHANNEL,pressure,outlet,true,true,-4525725956251204312,-4525725956251204312,-4581655456968581454,-4581655456968581454,true,true,2,true,true
HYDRAULIC,262,exact-v9-5-to-6mwe,326784,RETURN,outlet,drum,true,true,4696833005870903224,4696833005870903224,4641239194700231654,4641239194700231654,false,false,2,true,true
HYDRAULIC,263,exact-v9-5-to-6mwe,326784,FEEDWATER-PUMP,feedwater-inventory,drum,true,true,4697845244905633284,4697845244905633284,4630043870671464311,4630043870671464311,false,false,2,true,true
HYDRAULIC,264,exact-v9-5-to-6mwe,332784,MCP,suction,pressure,true,true,4696365943452715587,4696365943452715587,4639041438391800938,4639041438391800938,false,false,2,true,true
HYDRAULIC,265,exact-v9-5-to-6mwe,332784,CHANNEL,pressure,outlet,true,true,-4525657838305854421,-4525657838305854421,-4581603368672198774,-4581603368672198774,true,true,2,true,true
HYDRAULIC,266,exact-v9-5-to-6mwe,332784,RETURN,outlet,drum,true,true,4696957090280948772,4696957090280948772,4641289849565996030,4641289849565996030,false,false,2,true,true
HYDRAULIC,267,exact-v9-5-to-6mwe,332784,FEEDWATER-PUMP,feedwater-inventory,drum,true,true,4697849934248675448,4697849934248675448,4630046100975308042,4630046100975308042,false,false,2,true,true
HYDRAULIC,268,exact-v9-5-to-6mwe,338784,MCP,suction,pressure,true,true,4696356176528816371,4696356176528816371,4639038527780099349,4639038527780099349,false,false,2,true,true
HYDRAULIC,269,exact-v9-5-to-6mwe,338784,CHANNEL,pressure,outlet,true,true,-4525590102053676858,-4525590102053676858,-4581551925495657071,-4581551925495657071,true,true,2,true,true
HYDRAULIC,270,exact-v9-5-to-6mwe,338784,RETURN,outlet,drum,true,true,4697080499275179195,4697080499275179195,4641339872066233135,4641339872066233135,false,false,2,true,true
HYDRAULIC,271,exact-v9-5-to-6mwe,338784,FEEDWATER-PUMP,feedwater-inventory,drum,true,true,4697854605765298168,4697854605765298168,4630048321781245494,4630048321781245494,false,false,2,true,true
HYDRAULIC,272,exact-v9-5-to-6mwe,344784,MCP,suction,pressure,true,true,4696346492604627872,4696346492604627872,4639035640171802481,4639035640171802481,false,false,2,true,true
HYDRAULIC,273,exact-v9-5-to-6mwe,344784,CHANNEL,pressure,outlet,true,true,-4525523202704861550,-4525523202704861550,-4581501456725057944,-4581501456725057944,true,true,2,true,true
HYDRAULIC,274,exact-v9-5-to-6mwe,344784,RETURN,outlet,drum,true,true,4697202322861658809,4697202322861658809,4641388910363624173,4641388910363624173,false,false,2,true,true
HYDRAULIC,275,exact-v9-5-to-6mwe,344784,FEEDWATER-PUMP,feedwater-inventory,drum,true,true,4697859258783376032,4697859258783376032,4630050532783008898,4630050532783008898,false,false,2,true,true
HYDRAULIC,276,exact-v9-5-to-6mwe,350784,MCP,suction,pressure,true,true,4696336891413075885,4696336891413075885,4639032775528469809,4639032775528469809,false,false,2,true,true
HYDRAULIC,277,exact-v9-5-to-6mwe,350784,CHANNEL,pressure,outlet,true,true,-4525456876272044873,-4525456876272044873,-4581451746020481977,-4581451746020481977,true,true,2,true,true
HYDRAULIC,278,exact-v9-5-to-6mwe,350784,RETURN,outlet,drum,true,true,4697288750325593308,4697288750325593308,4641437194983793306,4641437194983793306,false,false,2,true,true
HYDRAULIC,279,exact-v9-5-to-6mwe,350784,FEEDWATER-PUMP,feedwater-inventory,drum,true,true,4697863892645556888,4697863892645556888,4630052733681845231,4630052733681845231,false,false,2,true,true
HYDRAULIC,280,exact-v9-5-to-6mwe,356784,MCP,suction,pressure,true,true,4696327049242286312,4696327049242286312,4639029837220744079,4639029837220744079,false,false,2,true,true
HYDRAULIC,281,exact-v9-5-to-6mwe,356784,CHANNEL,pressure,outlet,true,true,-4525392568872566403,-4525392568872566403,-4581403852437614574,-4581403852437614574,true,true,2,true,true
HYDRAULIC,282,exact-v9-5-to-6mwe,356784,RETURN,outlet,drum,true,true,4697348542036545121,4697348542036545121,4641484691089490220,4641484691089490220,false,false,2,true,true
HYDRAULIC,283,exact-v9-5-to-6mwe,356784,FEEDWATER-PUMP,feedwater-inventory,drum,true,true,4697863651375607508,4697863651375607508,4630052619112905721,4630052619112905721,false,false,2,true,true
HYDRAULIC,284,exact-v9-5-to-6mwe,362784,MCP,suction,pressure,true,true,4696318125322940517,4696318125322940517,4639027171502912777,4639027171502912777,false,false,2,true,true
HYDRAULIC,285,exact-v9-5-to-6mwe,362784,CHANNEL,pressure,outlet,true,true,-4525341123174899411,-4525341123174899411,-4581365749405727121,-4581365749405727121,true,true,2,true,true
HYDRAULIC,286,exact-v9-5-to-6mwe,362784,RETURN,outlet,drum,true,true,4697397421844748967,4697397421844748967,4641523290255175479,4641523290255175479,false,false,2,true,true
HYDRAULIC,287,exact-v9-5-to-6mwe,362784,FEEDWATER-PUMP,feedwater-inventory,drum,true,true,4697856949954568572,4697856949954568572,4630049435809263751,4630049435809263751,false,false,2,true,true
