logical_path,canonical_sha256,uncompressed_bytes,storage
I3_HF4_ClassifierFix1/02-v2-v3-ten-millisecond-trace.csv,8FEA343B6DA0A02179E77A02A18925EE901B9F7F6D2EBBB4D564D3F56213C57F,7137942,external-frozen-payload
I3_HF5_PreH30/02-v2-v3-ten-millisecond-trace.csv,8FEA343B6DA0A02179E77A02A18925EE901B9F7F6D2EBBB4D564D3F56213C57F,7137942,external-frozen-payload
H30_RQ1_I3/02-v2-v3-ten-millisecond-trace.csv,8FEA343B6DA0A02179E77A02A18925EE901B9F7F6D2EBBB4D564D3F56213C57F,7137942,external-frozen-payload
M10FinalVR2EngineeringRepairPlanning1_RP1B_C4_Artifacts/lane-a/process-01/02-c4-r1-call-timing.csv,14184C627A9D8699544A986B80E03C72A0A1D34B780AD9AC6CFEF4418F57A817,2212659,bundled-compressed-archive:eng/frozen-evidence/archive/rp1b-c4-large-payloads.zip
M10FinalVR2EngineeringRepairPlanning1_RP1B_C4_Artifacts/lane-a/process-02/02-c4-r1-call-timing.csv,F5B1FED9C6030A7893CC2DEA69E2E6F04C07883544C10EFE95B1A7B2F676338E,2224589,bundled-compressed-archive:eng/frozen-evidence/archive/rp1b-c4-large-payloads.zip
M10FinalVR2EngineeringRepairPlanning1_RP1B_C4_Artifacts/lane-a/process-03/02-c4-r1-call-timing.csv,3EB3DB7438A62DEFECCF5995D1BE4B89A90544821E52C18A4C064E433C58D803,2224525,bundled-compressed-archive:eng/frozen-evidence/archive/rp1b-c4-large-payloads.zip
M10FinalVR2EngineeringRepairPlanning1_RP1B_C4_Artifacts/lane-a/process-04/02-c4-r1-call-timing.csv,B4DA3DC53307B946DC868EED4819D4B46BC94420A3344CC2ABDE06598EE4A6ED,2236709,bundled-compressed-archive:eng/frozen-evidence/archive/rp1b-c4-large-payloads.zip
M10FinalVR2EngineeringRepairPlanning1_RP1B_C4_Artifacts/lane-a/process-05/02-c4-r1-call-timing.csv,51CF9A1DFB403430306440E33EE66DDE81DC274DD08354269CDFE671EC010DCE,2225451,bundled-compressed-archive:eng/frozen-evidence/archive/rp1b-c4-large-payloads.zip
M10FinalVR2EngineeringRepairPlanning1_RP1B_C4_Artifacts/lane-b/process-01/02-c4-r1-call-timing.csv,FAD585355B3A460EA97926FDF3C762E90C2F8F2E5ADDB18EBC18E32C5487DC02,2212083,bundled-compressed-archive:eng/frozen-evidence/archive/rp1b-c4-large-payloads.zip
M10FinalVR2EngineeringRepairPlanning1_RP1B_C4_Artifacts/lane-b/process-02/02-c4-r1-call-timing.csv,DAF5F390910FB6CBA8E86D7715F2058C88A23454B308120860818CCDF42861A4,2227761,bundled-compressed-archive:eng/frozen-evidence/archive/rp1b-c4-large-payloads.zip
M10FinalVR2EngineeringRepairPlanning1_RP1B_C4_Artifacts/lane-b/process-03/02-c4-r1-call-timing.csv,AF65F447B76130446E0A4FE8C7C743405EE6CC4EF9E344ABEFB54A247BB822A2,2226175,bundled-compressed-archive:eng/frozen-evidence/archive/rp1b-c4-large-payloads.zip
M10FinalVR2EngineeringRepairPlanning1_RP1B_C4_Artifacts/lane-b/process-04/02-c4-r1-call-timing.csv,B1D822F277CC5AAEBFC167FE3A2DBC84A8E01301BBA7FDABD984CF5E67380E33,2226141,bundled-compressed-archive:eng/frozen-evidence/archive/rp1b-c4-large-payloads.zip
M10FinalVR2EngineeringRepairPlanning1_RP1B_C4_Artifacts/lane-b/process-05/02-c4-r1-call-timing.csv,678FE89C4543248D8D8CEFA129449613C19FAFBE99B59712FB938F00331598F8,2238766,bundled-compressed-archive:eng/frozen-evidence/archive/rp1b-c4-large-payloads.zip
M10FinalVR2EngineeringRepairPlanning1_RP1B_Refinement4_Artifacts/02-c3-r1-seam-call-timing.csv,C468232211502E256440CA333876EC2C00336E18061AD3B3426A0939D2FE7F63,1125377,bundled-compressed-archive:eng/frozen-evidence/archive/rp1b-refinement4-large-payloads.zip
M10FinalVR2EngineeringRepairPlanning1_RP1B_Refinement5_Artifacts/process-01/02-c3-r1-call-timing.csv,DB798908959EDD94AE2C1A9DACDC0ABF9FC606811EB74D5E7FA73B6E7832F1E4,1126503,bundled-compressed-archive:eng/frozen-evidence/archive/rp1b-refinement5-large-payloads.zip
M10FinalVR2EngineeringRepairPlanning1_RP1B_Refinement5_Artifacts/process-02/02-c3-r1-call-timing.csv,47C11AFE1BB0DE89BB9561B16553F570B691832678A89A57E899054F83AF993A,1126271,bundled-compressed-archive:eng/frozen-evidence/archive/rp1b-refinement5-large-payloads.zip
M10FinalVR2EngineeringRepairPlanning1_RP1B_Refinement5_Artifacts/process-03/02-c3-r1-call-timing.csv,8DF4B9E225175AE566E987577F1C79093F1FE1D6A8A304DA5A73EA8FF94DB717,1127368,bundled-compressed-archive:eng/frozen-evidence/archive/rp1b-refinement5-large-payloads.zip
M10FinalVR2EngineeringRepairPlanning1_RP1B_Refinement5_Artifacts/process-04/02-c3-r1-call-timing.csv,A2993E9E35AC5F2CD923152D20932AFFC3CAB45B9E4055995491F1FB7A3E45D2,1123470,bundled-compressed-archive:eng/frozen-evidence/archive/rp1b-refinement5-large-payloads.zip
M10FinalVR2EngineeringRepairPlanning1_RP1B_Refinement5_Artifacts/process-05/02-c3-r1-call-timing.csv,5131BE05A0EA7B729AA1C89A244E5DDDBE368365D51F5A79D584584DE9782A8E,1125642,bundled-compressed-archive:eng/frozen-evidence/archive/rp1b-refinement5-large-payloads.zip
M10FinalVR2EngineeringRepairPlanning1_RP1C_C4_DynamicPgoComparator1_Artifacts/mode-PGO-OFF-QJFL-ON/process-01/02-exact-v9-call-timing.csv,A9CC6614BDEB290C6D4E70A1A36AAB414BEA9AC85736EC4924C2FC99733D8A49,2358106,bundled-compressed-archive:eng/frozen-evidence/archive/rp1c-c4-dynamicpgocomparator1-large-payloads.zip
M10FinalVR2EngineeringRepairPlanning1_RP1C_C4_DynamicPgoComparator1_Artifacts/mode-PGO-OFF-QJFL-ON/process-02/02-exact-v9-call-timing.csv,6E325C426E2A4168427D8EB33039E86A09DE2E8A7AFC99A7E2BAEC9057DE0B82,2362029,bundled-compressed-archive:eng/frozen-evidence/archive/rp1c-c4-dynamicpgocomparator1-large-payloads.zip
M10FinalVR2EngineeringRepairPlanning1_RP1C_C4_DynamicPgoComparator1_Artifacts/mode-PGO-OFF-QJFL-ON/process-03/02-exact-v9-call-timing.csv,2365F723338AE0208ED46A6A8E65D7EB7F007BDC883CD9E634077CA2B6CBD0B5,2363713,bundled-compressed-archive:eng/frozen-evidence/archive/rp1c-c4-dynamicpgocomparator1-large-payloads.zip
M10FinalVR2EngineeringRepairPlanning1_RP1C_C4_DynamicPgoComparator1_Artifacts/mode-PGO-OFF-QJFL-ON/process-04/02-exact-v9-call-timing.csv,7981030B3E0895E33FEBEABB6A3C48DFA84BAD66D59AE02CB1E3562F562CD275,2359440,bundled-compressed-archive:eng/frozen-evidence/archive/rp1c-c4-dynamicpgocomparator1-large-payloads.zip
M10FinalVR2EngineeringRepairPlanning1_RP1C_C4_DynamicPgoComparator1_Artifacts/mode-PGO-OFF-QJFL-ON/process-05/02-exact-v9-call-timing.csv,F578903C6BB26EF9B454E883124DDD3928E69B062FF0FA6947264D218D3E3A89,2360988,bundled-compressed-archive:eng/frozen-evidence/archive/rp1c-c4-dynamicpgocomparator1-large-payloads.zip
M10FinalVR2EngineeringRepairPlanning1_RP1C_C4_DynamicPgoComparator1_Artifacts/mode-PGO-ON-QJFL-ON/process-01/02-exact-v9-call-timing.csv,CCC3FCAA2DE84F819D829C5C4173382DCA409FDED0887C87AE610F39D9093FC2,2333743,bundled-compressed-archive:eng/frozen-evidence/archive/rp1c-c4-dynamicpgocomparator1-large-payloads.zip
M10FinalVR2EngineeringRepairPlanning1_RP1C_C4_DynamicPgoComparator1_Artifacts/mode-PGO-ON-QJFL-ON/process-02/02-exact-v9-call-timing.csv,6EED1E0959E340BE1856AA8B942C148599EA7006604D8E1565E30417ECAF033A,2324259,bundled-compressed-archive:eng/frozen-evidence/archive/rp1c-c4-dynamicpgocomparator1-large-payloads.zip
M10FinalVR2EngineeringRepairPlanning1_RP1C_C4_DynamicPgoComparator1_Artifacts/mode-PGO-ON-QJFL-ON/process-03/02-exact-v9-call-timing.csv,512CFEDD26DF513B17B1BE4AA6C1A82FB379690F9073D37E9056ADCAB1ACA86B,2326276,bundled-compressed-archive:eng/frozen-evidence/archive/rp1c-c4-dynamicpgocomparator1-large-payloads.zip
M10FinalVR2EngineeringRepairPlanning1_RP1C_C4_DynamicPgoComparator1_Artifacts/mode-PGO-ON-QJFL-ON/process-04/02-exact-v9-call-timing.csv,902E04E6E58E773E292295B84D8E45BE8DFF8B908CE720165BD56EBEB2BDB3A7,2332661,bundled-compressed-archive:eng/frozen-evidence/archive/rp1c-c4-dynamicpgocomparator1-large-payloads.zip
M10FinalVR2EngineeringRepairPlanning1_RP1C_C4_DynamicPgoComparator1_Artifacts/mode-PGO-ON-QJFL-ON/process-05/02-exact-v9-call-timing.csv,AED2176A8352D2D1CD77389BF41E841BA4040599C4EE68CA8E33762B9915FE30,2329738,bundled-compressed-archive:eng/frozen-evidence/archive/rp1c-c4-dynamicpgocomparator1-large-payloads.zip
M10FinalVR2EngineeringRepairPlanning1_RP1C_C4_ExactV9TailAttribution1_Artifacts/mode-AMBIENT-UNSET-CONTROL/process-01/02-exact-v9-call-timing.csv,29D6CB7F54A2D14F162E66FA5CFC1CE3A115C992F2B5957176E0D1822E62EADB,2486679,bundled-compressed-archive:eng/frozen-evidence/archive/rp1c-c4-exactv9tailattribution1-large-payloads.zip
M10FinalVR2EngineeringRepairPlanning1_RP1C_C4_ExactV9TailAttribution1_Artifacts/mode-AMBIENT-UNSET-CONTROL/process-02/02-exact-v9-call-timing.csv,18245E8E86393FD81584FDC3D042D71FA90C96BB9F2EA8A556131FDD7B65474F,2490725,bundled-compressed-archive:eng/frozen-evidence/archive/rp1c-c4-exactv9tailattribution1-large-payloads.zip
M10FinalVR2EngineeringRepairPlanning1_RP1C_C4_ExactV9TailAttribution1_Artifacts/mode-AMBIENT-UNSET-CONTROL/process-03/02-exact-v9-call-timing.csv,7C4DD2E696D98447074106A277F0D2E5A631F717086E272ACA5353C532707B51,2487286,bundled-compressed-archive:eng/frozen-evidence/archive/rp1c-c4-exactv9tailattribution1-large-payloads.zip
M10FinalVR2EngineeringRepairPlanning1_RP1C_C4_ExactV9TailAttribution1_Artifacts/mode-AMBIENT-UNSET-CONTROL/process-04/02-exact-v9-call-timing.csv,3BD0678D1C319AD072E6FDC7E522EC6800AD21922C424919DA8654121A7C31E8,2484031,bundled-compressed-archive:eng/frozen-evidence/archive/rp1c-c4-exactv9tailattribution1-large-payloads.zip
M10FinalVR2EngineeringRepairPlanning1_RP1C_C4_ExactV9TailAttribution1_Artifacts/mode-AMBIENT-UNSET-CONTROL/process-05/02-exact-v9-call-timing.csv,DF99C5BDD24FEEE26B704906DEB63C0E0D455757A800C96DFC8124A0C3A3CD98,2489612,bundled-compressed-archive:eng/frozen-evidence/archive/rp1c-c4-exactv9tailattribution1-large-payloads.zip
M10FinalVR2EngineeringRepairPlanning1_RP1C_C4_ExactV9TailAttribution1_Artifacts/mode-TIERING-OFF/process-01/02-exact-v9-call-timing.csv,D20C9DBD756EDEB107B5831BE52F63CB0EDE615607AB5AB8FC06217881A90041,2289870,bundled-compressed-archive:eng/frozen-evidence/archive/rp1c-c4-exactv9tailattribution1-large-payloads.zip
M10FinalVR2EngineeringRepairPlanning1_RP1C_C4_ExactV9TailAttribution1_Artifacts/mode-TIERING-OFF/process-02/02-exact-v9-call-timing.csv,3BEEDF4F16164B01382801E4E1E1955EC58DA94BD6EED2E40B712953ADCFF7CA,2289428,bundled-compressed-archive:eng/frozen-evidence/archive/rp1c-c4-exactv9tailattribution1-large-payloads.zip
M10FinalVR2EngineeringRepairPlanning1_RP1C_C4_ExactV9TailAttribution1_Artifacts/mode-TIERING-OFF/process-03/02-exact-v9-call-timing.csv,70BCBED4B62CE73DC4D76EF38AFC24607EBF9A12D45CFC1370EF5649BB71FCFB,2289929,bundled-compressed-archive:eng/frozen-evidence/archive/rp1c-c4-exactv9tailattribution1-large-payloads.zip
M10FinalVR2EngineeringRepairPlanning1_RP1C_C4_ExactV9TailAttribution1_Artifacts/mode-TIERING-OFF/process-04/02-exact-v9-call-timing.csv,519D2B3A87F2712CD1C0A4535CBB06FC4690B05CD9FE80D3B3F56D9F8A1997C2,2290351,bundled-compressed-archive:eng/frozen-evidence/archive/rp1c-c4-exactv9tailattribution1-large-payloads.zip
M10FinalVR2EngineeringRepairPlanning1_RP1C_C4_ExactV9TailAttribution1_Artifacts/mode-TIERING-OFF/process-05/02-exact-v9-call-timing.csv,274CFBB7AFB36317BD61B8FDD5BF5C53BDED4CF8798E44FC947BBBC1EB911952,2289642,bundled-compressed-archive:eng/frozen-evidence/archive/rp1c-c4-exactv9tailattribution1-large-payloads.zip
M10FinalVR2EngineeringRepairPlanning1_RP1C_C4_ExactV9TailAttribution1_Artifacts/mode-TIERING-ON-PGO-OFF/process-01/02-exact-v9-call-timing.csv,2B6B32C64E110836F78D5C863948E37C90D53BB4B5D369C6C104AD2AF23DD335,2432163,bundled-compressed-archive:eng/frozen-evidence/archive/rp1c-c4-exactv9tailattribution1-large-payloads.zip
M10FinalVR2EngineeringRepairPlanning1_RP1C_C4_ExactV9TailAttribution1_Artifacts/mode-TIERING-ON-PGO-OFF/process-02/02-exact-v9-call-timing.csv,885F476DF367E32862EEEE40C5552AC79A0520175437CB7D0CCF4F85C9DBABBF,2432057,bundled-compressed-archive:eng/frozen-evidence/archive/rp1c-c4-exactv9tailattribution1-large-payloads.zip
M10FinalVR2EngineeringRepairPlanning1_RP1C_C4_ExactV9TailAttribution1_Artifacts/mode-TIERING-ON-PGO-OFF/process-03/02-exact-v9-call-timing.csv,CBFB0EF7E13068C8C2427109E98305D7FCAF4AC8B07B060F7CA4EC48A0215442,2431952,bundled-compressed-archive:eng/frozen-evidence/archive/rp1c-c4-exactv9tailattribution1-large-payloads.zip
M10FinalVR2EngineeringRepairPlanning1_RP1C_C4_ExactV9TailAttribution1_Artifacts/mode-TIERING-ON-PGO-OFF/process-04/02-exact-v9-call-timing.csv,3DC3B677B7E956DDB5447F585EA3FFA69FBC965B00815C021A667DBEC07A4433,2432731,bundled-compressed-archive:eng/frozen-evidence/archive/rp1c-c4-exactv9tailattribution1-large-payloads.zip
M10FinalVR2EngineeringRepairPlanning1_RP1C_C4_ExactV9TailAttribution1_Artifacts/mode-TIERING-ON-PGO-OFF/process-05/02-exact-v9-call-timing.csv,1748FC7989C4DB2B4C203F8341D7283A31D61B3B1C0187FF0B9A2C5DD6174D63,2430489,bundled-compressed-archive:eng/frozen-evidence/archive/rp1c-c4-exactv9tailattribution1-large-payloads.zip
M10FinalVR2EngineeringRepairPlanning1_RP1C_C4_ExactV9TailAttribution1_Artifacts/mode-TIERING-ON-PGO-ON/process-01/02-exact-v9-call-timing.csv,1A8C27A9DDF505EB65B9EC5A9DDD72477D870A43D1E6DEA9947FFEFE369B22DD,2398064,bundled-compressed-archive:eng/frozen-evidence/archive/rp1c-c4-exactv9tailattribution1-large-payloads.zip
M10FinalVR2EngineeringRepairPlanning1_RP1C_C4_ExactV9TailAttribution1_Artifacts/mode-TIERING-ON-PGO-ON/process-02/02-exact-v9-call-timing.csv,CD01215B48DBA031BB3B6264F5C35A4E25A0E85D47A31359D9CC2FD0CA552369,2398782,bundled-compressed-archive:eng/frozen-evidence/archive/rp1c-c4-exactv9tailattribution1-large-payloads.zip
M10FinalVR2EngineeringRepairPlanning1_RP1C_C4_ExactV9TailAttribution1_Artifacts/mode-TIERING-ON-PGO-ON/process-03/02-exact-v9-call-timing.csv,0C6ABE533B4BC33F052FBCDB447F1F4B2615AEAA6CE986662C20EE9D45F9C095,2408779,bundled-compressed-archive:eng/frozen-evidence/archive/rp1c-c4-exactv9tailattribution1-large-payloads.zip
M10FinalVR2EngineeringRepairPlanning1_RP1C_C4_ExactV9TailAttribution1_Artifacts/mode-TIERING-ON-PGO-ON/process-04/02-exact-v9-call-timing.csv,261E9025D893D4047FB85E1EE602CE94C63FBB8D9D84B2A63CBA13B8727128B1,2409844,bundled-compressed-archive:eng/frozen-evidence/archive/rp1c-c4-exactv9tailattribution1-large-payloads.zip
M10FinalVR2EngineeringRepairPlanning1_RP1C_C4_ExactV9TailAttribution1_Artifacts/mode-TIERING-ON-PGO-ON/process-05/02-exact-v9-call-timing.csv,053F84079555D54676C3FE699609F62802C39255B5DF84E128D3D38C2CB2DC95,2408124,bundled-compressed-archive:eng/frozen-evidence/archive/rp1c-c4-exactv9tailattribution1-large-payloads.zip
M10FinalVR2EngineeringRepairPlanning1_RP1C_C4_FullDomainPerformanceConfirmation1_Artifacts/process-01/02-exact-v9-call-timing.csv,08885F7FDD9AE284565AC208AB911665F2C19BD78DEA91CB9994DF69467FF5B5,1718852,bundled-compressed-archive:eng/frozen-evidence/archive/rp1c-c4-fulldomainperformanceconfirmation1-large-payloads.zip
M10FinalVR2EngineeringRepairPlanning1_RP1C_C4_FullDomainPerformanceConfirmation1_Artifacts/process-01/03-seam-call-timing.csv,272EDE3C0266ABA7888DD69C9CFAC990E53F04751655DD43CFB61D40B312EA02,1191696,bundled-compressed-archive:eng/frozen-evidence/archive/rp1c-c4-fulldomainperformanceconfirmation1-large-payloads.zip
M10FinalVR2EngineeringRepairPlanning1_RP1C_C4_FullDomainPerformanceConfirmation1_Artifacts/process-02/02-exact-v9-call-timing.csv,3E30C802EE2C4D8D67CB8476F1F12B21F8AF525A2AAF7B269965AAEE6A769592,1721473,bundled-compressed-archive:eng/frozen-evidence/archive/rp1c-c4-fulldomainperformanceconfirmation1-large-payloads.zip
M10FinalVR2EngineeringRepairPlanning1_RP1C_C4_FullDomainPerformanceConfirmation1_Artifacts/process-02/03-seam-call-timing.csv,3C0C90AC108D4D7005BAE9E92D39E1255D33046875CFF080F3FB0F2D77304217,1196252,bundled-compressed-archive:eng/frozen-evidence/archive/rp1c-c4-fulldomainperformanceconfirmation1-large-payloads.zip
M10FinalVR2EngineeringRepairPlanning1_RP1C_C4_FullDomainPerformanceConfirmation1_Artifacts/process-03/02-exact-v9-call-timing.csv,AE3570A06D76EA09BCA52641C1884828F46AB40BF4462E7DF30CEA56B29D2E99,1721979,bundled-compressed-archive:eng/frozen-evidence/archive/rp1c-c4-fulldomainperformanceconfirmation1-large-payloads.zip
M10FinalVR2EngineeringRepairPlanning1_RP1C_C4_FullDomainPerformanceConfirmation1_Artifacts/process-03/03-seam-call-timing.csv,BFB04D357BD1A919AD6941ED031191C1273B43F9E4A9709D60E067FC7F97AC3A,1196130,bundled-compressed-archive:eng/frozen-evidence/archive/rp1c-c4-fulldomainperformanceconfirmation1-large-payloads.zip
M10FinalVR2EngineeringRepairPlanning1_RP1C_C4_FullDomainPerformanceConfirmation1_Artifacts/process-04/02-exact-v9-call-timing.csv,C47C824017C7EBD8A844DBE68D1FBDFAC6A36BA91D9E2C53EEEDC53F343DDB3A,1723081,bundled-compressed-archive:eng/frozen-evidence/archive/rp1c-c4-fulldomainperformanceconfirmation1-large-payloads.zip
M10FinalVR2EngineeringRepairPlanning1_RP1C_C4_FullDomainPerformanceConfirmation1_Artifacts/process-04/03-seam-call-timing.csv,682EB06161AE40C64502101D150CA7DA114ED19648FEC8001DF096BCDE2FB8CC,1195589,bundled-compressed-archive:eng/frozen-evidence/archive/rp1c-c4-fulldomainperformanceconfirmation1-large-payloads.zip
M10FinalVR2EngineeringRepairPlanning1_RP1C_C4_FullDomainPerformanceConfirmation1_Artifacts/process-05/02-exact-v9-call-timing.csv,F6E6EE2E48F909EE9A5A7EE8313063BDE1B5ED51C5ABF35D586A5A525E354938,1721822,bundled-compressed-archive:eng/frozen-evidence/archive/rp1c-c4-fulldomainperformanceconfirmation1-large-payloads.zip
M10FinalVR2EngineeringRepairPlanning1_RP1C_C4_FullDomainPerformanceConfirmation1_Artifacts/process-05/03-seam-call-timing.csv,9339366C444ABF77E50C6FA08C9DB922D53EA9A86646E67AE77DF280EA19D8A5,1193501,bundled-compressed-archive:eng/frozen-evidence/archive/rp1c-c4-fulldomainperformanceconfirmation1-large-payloads.zip
M10FinalVR2EngineeringRepairPlanning1_RP1C_C4_RuntimeFactorIsolation1_Artifacts/mode-TIERING-OFF-QJ-OFF-QJFL-OFF/process-01/02-exact-v9-call-timing.csv,F98F12C7DD0B076B335EE228243618FFA3B04523F8F009CA19BC54DF55838AA6,2658749,bundled-compressed-archive:eng/frozen-evidence/archive/rp1c-c4-runtimefactorisolation1-large-payloads.zip
M10FinalVR2EngineeringRepairPlanning1_RP1C_C4_RuntimeFactorIsolation1_Artifacts/mode-TIERING-OFF-QJ-OFF-QJFL-OFF/process-02/02-exact-v9-call-timing.csv,BDAFD834676AD6D14045B9818BF1792434FAF2A8660C949F178E0F75451DDDEE,2658512,bundled-compressed-archive:eng/frozen-evidence/archive/rp1c-c4-runtimefactorisolation1-large-payloads.zip
M10FinalVR2EngineeringRepairPlanning1_RP1C_C4_RuntimeFactorIsolation1_Artifacts/mode-TIERING-OFF-QJ-OFF-QJFL-OFF/process-03/02-exact-v9-call-timing.csv,9F15A03210CA638DD661EE28AA99927F821BD9EAF42365A177E876DACA6618BB,2658239,bundled-compressed-archive:eng/frozen-evidence/archive/rp1c-c4-runtimefactorisolation1-large-payloads.zip
M10FinalVR2EngineeringRepairPlanning1_RP1C_C4_RuntimeFactorIsolation1_Artifacts/mode-TIERING-OFF-QJ-OFF-QJFL-OFF/process-04/02-exact-v9-call-timing.csv,26F7E1EEB60F4FC07222D4049A0991B31BF3271E47E6C8408BB76CD164C602EB,2658709,bundled-compressed-archive:eng/frozen-evidence/archive/rp1c-c4-runtimefactorisolation1-large-payloads.zip
M10FinalVR2EngineeringRepairPlanning1_RP1C_C4_RuntimeFactorIsolation1_Artifacts/mode-TIERING-OFF-QJ-OFF-QJFL-OFF/process-05/02-exact-v9-call-timing.csv,9FBC68DB796EB7105D322B873F3D499852A8D348404E290196992F49A9EE4069,2659195,bundled-compressed-archive:eng/frozen-evidence/archive/rp1c-c4-runtimefactorisolation1-large-payloads.zip
M10FinalVR2EngineeringRepairPlanning1_RP1C_C4_RuntimeFactorIsolation1_Artifacts/mode-TIERING-ON-QJ-OFF-QJFL-OFF/process-01/02-exact-v9-call-timing.csv,AB3215A514A2D7ED4CAD6F6F9BEFDD3778023B04ED3381FBC6BF6827F594A259,2616464,bundled-compressed-archive:eng/frozen-evidence/archive/rp1c-c4-runtimefactorisolation1-large-payloads.zip
M10FinalVR2EngineeringRepairPlanning1_RP1C_C4_RuntimeFactorIsolation1_Artifacts/mode-TIERING-ON-QJ-OFF-QJFL-OFF/process-02/02-exact-v9-call-timing.csv,FFB3F61B08AEAD0ABF328CF2E3455904D2BC803533020A126893E6186418D6FD,2614805,bundled-compressed-archive:eng/frozen-evidence/archive/rp1c-c4-runtimefactorisolation1-large-payloads.zip
M10FinalVR2EngineeringRepairPlanning1_RP1C_C4_RuntimeFactorIsolation1_Artifacts/mode-TIERING-ON-QJ-OFF-QJFL-OFF/process-03/02-exact-v9-call-timing.csv,4BE0443A613050CC0DE2DA7DD901275088E6117703AC9CAA9520D6EA5857FB70,2616453,bundled-compressed-archive:eng/frozen-evidence/archive/rp1c-c4-runtimefactorisolation1-large-payloads.zip
M10FinalVR2EngineeringRepairPlanning1_RP1C_C4_RuntimeFactorIsolation1_Artifacts/mode-TIERING-ON-QJ-OFF-QJFL-OFF/process-04/02-exact-v9-call-timing.csv,09BAD0D71DF130D8102F38D015462ED436575CC3338E10AE175A629F1F80C780,2616323,bundled-compressed-archive:eng/frozen-evidence/archive/rp1c-c4-runtimefactorisolation1-large-payloads.zip
M10FinalVR2EngineeringRepairPlanning1_RP1C_C4_RuntimeFactorIsolation1_Artifacts/mode-TIERING-ON-QJ-OFF-QJFL-OFF/process-05/02-exact-v9-call-timing.csv,9A17F2A2E5EBDAF8175D56B7C0DF0FF3B41D81A1812A7CE751CE80E67F42E263,2616259,bundled-compressed-archive:eng/frozen-evidence/archive/rp1c-c4-runtimefactorisolation1-large-payloads.zip
M10FinalVR2EngineeringRepairPlanning1_RP1C_C4_RuntimeFactorIsolation1_Artifacts/mode-TIERING-ON-QJ-ON-QJFL-OFF/process-01/02-exact-v9-call-timing.csv,8C15094E94A3483BBE4BE790ABFD798E290B749E5C56E70E40C105EDE8F2A187,2594134,bundled-compressed-archive:eng/frozen-evidence/archive/rp1c-c4-runtimefactorisolation1-large-payloads.zip
M10FinalVR2EngineeringRepairPlanning1_RP1C_C4_RuntimeFactorIsolation1_Artifacts/mode-TIERING-ON-QJ-ON-QJFL-OFF/process-02/02-exact-v9-call-timing.csv,3DDCEBE9C31C34EE33E70ABFCB9108CFD630B301B6C1B3DEF8074170939BCEF7,2594097,bundled-compressed-archive:eng/frozen-evidence/archive/rp1c-c4-runtimefactorisolation1-large-payloads.zip
M10FinalVR2EngineeringRepairPlanning1_RP1C_C4_RuntimeFactorIsolation1_Artifacts/mode-TIERING-ON-QJ-ON-QJFL-OFF/process-03/02-exact-v9-call-timing.csv,C62FFDAC8361BE25D29687A805F1616F2A3F0F97D0CDD57831AA13B5760FF073,2594061,bundled-compressed-archive:eng/frozen-evidence/archive/rp1c-c4-runtimefactorisolation1-large-payloads.zip
M10FinalVR2EngineeringRepairPlanning1_RP1C_C4_RuntimeFactorIsolation1_Artifacts/mode-TIERING-ON-QJ-ON-QJFL-OFF/process-04/02-exact-v9-call-timing.csv,B9B4675F190DE29512FDCD892D8617D016C0C20FD017EA73C6EA35E65023D1D6,2594068,bundled-compressed-archive:eng/frozen-evidence/archive/rp1c-c4-runtimefactorisolation1-large-payloads.zip
M10FinalVR2EngineeringRepairPlanning1_RP1C_C4_RuntimeFactorIsolation1_Artifacts/mode-TIERING-ON-QJ-ON-QJFL-OFF/process-05/02-exact-v9-call-timing.csv,718B4183D97E96351AC8261ECCD1B9E5E5798B0C6091FCF960E01F82F278BAD9,2593955,bundled-compressed-archive:eng/frozen-evidence/archive/rp1c-c4-runtimefactorisolation1-large-payloads.zip
M10FinalVR2EngineeringRepairPlanning1_RP1C_C4_RuntimeFactorIsolation1_Artifacts/mode-TIERING-ON-QJ-ON-QJFL-ON/process-01/02-exact-v9-call-timing.csv,2BA971073F3CE908D1CA4ADBDE4136581AA391D3DEF2E4A0803A4E3873A7FA5E,2569489,bundled-compressed-archive:eng/frozen-evidence/archive/rp1c-c4-runtimefactorisolation1-large-payloads.zip
M10FinalVR2EngineeringRepairPlanning1_RP1C_C4_RuntimeFactorIsolation1_Artifacts/mode-TIERING-ON-QJ-ON-QJFL-ON/process-02/02-exact-v9-call-timing.csv,CD3ACBA3989AEF7BF235AB20EE2184C4DECF3ADC601CE8AD354312E98E00D5F5,2570168,bundled-compressed-archive:eng/frozen-evidence/archive/rp1c-c4-runtimefactorisolation1-large-payloads.zip
M10FinalVR2EngineeringRepairPlanning1_RP1C_C4_RuntimeFactorIsolation1_Artifacts/mode-TIERING-ON-QJ-ON-QJFL-ON/process-03/02-exact-v9-call-timing.csv,4FA847799C2B8C2F7FD07D1BF502234BE61A491854F4304F40ABAC4DC00C3F1A,2571119,bundled-compressed-archive:eng/frozen-evidence/archive/rp1c-c4-runtimefactorisolation1-large-payloads.zip
M10FinalVR2EngineeringRepairPlanning1_RP1C_C4_RuntimeFactorIsolation1_Artifacts/mode-TIERING-ON-QJ-ON-QJFL-ON/process-04/02-exact-v9-call-timing.csv,2D6BF2BA3572C054692820D870E60622C0D565FF990F2C7D10AD786E2F10B85D,2571116,bundled-compressed-archive:eng/frozen-evidence/archive/rp1c-c4-runtimefactorisolation1-large-payloads.zip
M10FinalVR2EngineeringRepairPlanning1_RP1C_C4_RuntimeFactorIsolation1_Artifacts/mode-TIERING-ON-QJ-ON-QJFL-ON/process-05/02-exact-v9-call-timing.csv,5325146516D64A581663FAF8A2155AECE2717CC113C303E2D4E59FD9710EFF18,2569856,bundled-compressed-archive:eng/frozen-evidence/archive/rp1c-c4-runtimefactorisolation1-large-payloads.zip
M10FinalVR2EngineeringRepairPlanning1_RP1C_C4_RuntimeConfigurationImpactAssessment1_Artifacts/profile-AMBIENT-UNSET/process-01/02-exact-v9-call-timing.csv,C2F25929B9B54EA3E7F174BFB2F0BCDE97E4B66B0CB25F8EC36FE746FA1C98A0,2314084,bundled-compressed-archive:eng/frozen-evidence/archive/rp1c-c4-runtimeconfigurationimpactassessment1-large-payloads.zip
M10FinalVR2EngineeringRepairPlanning1_RP1C_C4_RuntimeConfigurationImpactAssessment1_Artifacts/profile-AMBIENT-UNSET/process-02/02-exact-v9-call-timing.csv,E1B8D74A6163B3A779DA622BC1DF61E261FCFE2D6B84353C156EBB4E1B8729FC,2307978,bundled-compressed-archive:eng/frozen-evidence/archive/rp1c-c4-runtimeconfigurationimpactassessment1-large-payloads.zip
M10FinalVR2EngineeringRepairPlanning1_RP1C_C4_RuntimeConfigurationImpactAssessment1_Artifacts/profile-AMBIENT-UNSET/process-03/02-exact-v9-call-timing.csv,294C9EE3B50922419B0DF14389068CDA09E7825D90194BAD68D656115B07111D,2301054,bundled-compressed-archive:eng/frozen-evidence/archive/rp1c-c4-runtimeconfigurationimpactassessment1-large-payloads.zip
M10FinalVR2EngineeringRepairPlanning1_RP1C_C4_RuntimeConfigurationImpactAssessment1_Artifacts/profile-AMBIENT-UNSET/process-04/02-exact-v9-call-timing.csv,C12DD26F6EBEF6CDCB9AE0AF1810E84EE509508CE5C6011E87B1FFACA42BF941,2304728,bundled-compressed-archive:eng/frozen-evidence/archive/rp1c-c4-runtimeconfigurationimpactassessment1-large-payloads.zip
M10FinalVR2EngineeringRepairPlanning1_RP1C_C4_RuntimeConfigurationImpactAssessment1_Artifacts/profile-AMBIENT-UNSET/process-05/02-exact-v9-call-timing.csv,0802E9C4853C46FA3CA70428B1AF927883AF266B6E60696D11D44CBA819C7A7C,2301188,bundled-compressed-archive:eng/frozen-evidence/archive/rp1c-c4-runtimeconfigurationimpactassessment1-large-payloads.zip
M10FinalVR2EngineeringRepairPlanning1_RP1C_C4_RuntimeConfigurationImpactAssessment1_Artifacts/profile-EXPLICIT-REFERENCE-ALL-ON/process-01/02-exact-v9-call-timing.csv,D2033384146C9CD9CD36AE3FA0B54EC9CCFBFF06D90DB47BA9C277194115A5D3,2573975,bundled-compressed-archive:eng/frozen-evidence/archive/rp1c-c4-runtimeconfigurationimpactassessment1-large-payloads.zip
M10FinalVR2EngineeringRepairPlanning1_RP1C_C4_RuntimeConfigurationImpactAssessment1_Artifacts/profile-EXPLICIT-REFERENCE-ALL-ON/process-02/02-exact-v9-call-timing.csv,BEF14617650B0C9E3F84C2DDAD94BC3D951639DFECEFD1F6CAB9667E253A498C,2583898,bundled-compressed-archive:eng/frozen-evidence/archive/rp1c-c4-runtimeconfigurationimpactassessment1-large-payloads.zip
M10FinalVR2EngineeringRepairPlanning1_RP1C_C4_RuntimeConfigurationImpactAssessment1_Artifacts/profile-EXPLICIT-REFERENCE-ALL-ON/process-03/02-exact-v9-call-timing.csv,E5CABB5C9DB90F45B94855C31F6298AF57D4A785760D7FF99CD4E277DD923B7F,2572327,bundled-compressed-archive:eng/frozen-evidence/archive/rp1c-c4-runtimeconfigurationimpactassessment1-large-payloads.zip
M10FinalVR2EngineeringRepairPlanning1_RP1C_C4_RuntimeConfigurationImpactAssessment1_Artifacts/profile-EXPLICIT-REFERENCE-ALL-ON/process-04/02-exact-v9-call-timing.csv,78B0D18AEC9BAC44D7C416E1BE3595563CE8AD312EDBF92F55D4CAD34B4A1C19,2575541,bundled-compressed-archive:eng/frozen-evidence/archive/rp1c-c4-runtimeconfigurationimpactassessment1-large-payloads.zip
M10FinalVR2EngineeringRepairPlanning1_RP1C_C4_RuntimeConfigurationImpactAssessment1_Artifacts/profile-EXPLICIT-REFERENCE-ALL-ON/process-05/02-exact-v9-call-timing.csv,81141111C5607893DF826C72934AB37F9BF2EFF707B71682ED0E8B4F16A9F91E,2587923,bundled-compressed-archive:eng/frozen-evidence/archive/rp1c-c4-runtimeconfigurationimpactassessment1-large-payloads.zip
M10FinalVR2EngineeringRepairPlanning1_RP1C_C4_FullDomainPerformanceConfirmation2_Artifacts/process-01/02-exact-v9-call-timing.csv,D67093A43A87D201EDFCDA4EB3AE98D73E0C9BE1BF86BDA29D99205BE54A33C0,1718177,bundled-compressed-archive:eng/frozen-evidence/archive/rp1c-c4-fulldomainperformanceconfirmation2-large-payloads.zip
M10FinalVR2EngineeringRepairPlanning1_RP1C_C4_FullDomainPerformanceConfirmation2_Artifacts/process-01/03-seam-call-timing.csv,73C0206941F5990D28A2556DFA0343CA95B738A778C2E475FB19B368D742F6A1,1196481,bundled-compressed-archive:eng/frozen-evidence/archive/rp1c-c4-fulldomainperformanceconfirmation2-large-payloads.zip
M10FinalVR2EngineeringRepairPlanning1_RP1C_C4_FullDomainPerformanceConfirmation2_Artifacts/process-02/02-exact-v9-call-timing.csv,2DC4829A1A8497AB32CEC00ADA7216AA7BABBE01EB573A9F488BCC18D78F8ECD,1715686,bundled-compressed-archive:eng/frozen-evidence/archive/rp1c-c4-fulldomainperformanceconfirmation2-large-payloads.zip
M10FinalVR2EngineeringRepairPlanning1_RP1C_C4_FullDomainPerformanceConfirmation2_Artifacts/process-02/03-seam-call-timing.csv,533B9D60939E29E67993695090165083BE31FEC8B75DE1128274D74FB90D996A,1197314,bundled-compressed-archive:eng/frozen-evidence/archive/rp1c-c4-fulldomainperformanceconfirmation2-large-payloads.zip
M10FinalVR2EngineeringRepairPlanning1_RP1C_C4_FullDomainPerformanceConfirmation2_Artifacts/process-03/02-exact-v9-call-timing.csv,7FEDE905E3B9C246791F0E9BDD654D313FD3013CC5F42DB52A173AAD14B6A041,1709272,bundled-compressed-archive:eng/frozen-evidence/archive/rp1c-c4-fulldomainperformanceconfirmation2-large-payloads.zip
M10FinalVR2EngineeringRepairPlanning1_RP1C_C4_FullDomainPerformanceConfirmation2_Artifacts/process-03/03-seam-call-timing.csv,E1F391BAEB695FFDA72C7B6EB950C01DC00BCCDFAE194D0B805F39487683E6DD,1196454,bundled-compressed-archive:eng/frozen-evidence/archive/rp1c-c4-fulldomainperformanceconfirmation2-large-payloads.zip
M10FinalVR2EngineeringRepairPlanning1_RP1C_C4_FullDomainPerformanceConfirmation2_Artifacts/process-04/02-exact-v9-call-timing.csv,6900472550D0267180415AF995817951E456B159D7695B6A11B02780ABD8826F,1702982,bundled-compressed-archive:eng/frozen-evidence/archive/rp1c-c4-fulldomainperformanceconfirmation2-large-payloads.zip
M10FinalVR2EngineeringRepairPlanning1_RP1C_C4_FullDomainPerformanceConfirmation2_Artifacts/process-04/03-seam-call-timing.csv,3E1FDF534B60A887939F949A3B10B03D35FCF144104FEB6C458DBAE3DFB16AFD,1196388,bundled-compressed-archive:eng/frozen-evidence/archive/rp1c-c4-fulldomainperformanceconfirmation2-large-payloads.zip
M10FinalVR2EngineeringRepairPlanning1_RP1C_C4_FullDomainPerformanceConfirmation2_Artifacts/process-05/02-exact-v9-call-timing.csv,EFB2309925B91FCDBB297D9B4B6B3A7CEE2C1BA4777559C4B8BB0E74E731D814,1710094,bundled-compressed-archive:eng/frozen-evidence/archive/rp1c-c4-fulldomainperformanceconfirmation2-large-payloads.zip
M10FinalVR2EngineeringRepairPlanning1_RP1C_C4_FullDomainPerformanceConfirmation2_Artifacts/process-05/03-seam-call-timing.csv,741FF715E6EA179AB5E9DE94CE4D2F3146E6FBEE70D52DA55AEAF8EAA1F31181,1198763,bundled-compressed-archive:eng/frozen-evidence/archive/rp1c-c4-fulldomainperformanceconfirmation2-large-payloads.zip
