step,seconds,mode1_electrical_mwe,mode2_electrical_mwe,mode1_primary_pump_kg_s,mode2_primary_pump_kg_s,mode1_drum_level,mode2_drum_level,mode1_governor_percent,mode2_governor_percent,mode1_rollbacks,mode2_rollbacks,mode1_key_envelope,mode2_key_envelope,mode1_fingerprint,mode2_fingerprint,fingerprint_match
1,0.01,4.999999999572232,4.989418662277176,99.99999997024275,140.37187099901976,0.49999999999288647,0.4922375494318982,29.281329836804137,32.730987516677985,0,0,true,false,7b0554643a899daead2e3e2c4d1246472405770290459074b9710a11f185965e,013664abfb421844b3d0cd64e3339d4b6ffbcdf74bebaadc12f38927473c580f,false
2,0.02,4.999999999359853,4.984150556875241,99.99999996993384,140.2567536467011,0.4999999999938612,0.49227193085313603,29.281329841515934,32.85460909668098,0,0,true,false,87bc0f6e4a03279640eb90c563ae9b8c18576931fecc0a20b218405f42e30978,3938f0f124e7a27668a68dcf8cb2c4341afca39fa910a785666ed4f4755025e1,false
3,0.03,4.999999999146792,4.978855862033229,99.99999996982532,140.14161106514888,0.49999999999482875,0.49230698653637966,29.28132984616121,32.9760760031535,0,0,true,false,c29ba60484ed45e293d689d63689276dab18013a2036305d4022df220c2c4297,a57d0592db8c10c4e1afb6bc2f5be7a7ac8388ecbc15e6773d9e737ea73c3984,false
4,0.04,4.999999998933158,4.973536369656915,99.99999996980847,140.0269445066448,0.4999999999957899,0.49234109673510823,29.281329850692654,33.09534660221503,0,0,true,false,ea4ce956f8b3e0ac9f5c59271a0533581247861db2d9e360f1eadbac6b4a600b,ab2fb973cc01ae303fc5511648cfd483ac31288ad32ac7aa556151d25a4542d0,false
5,0.05,4.999999998718953,4.96819383145097,99.99999996979638,139.91275002408597,0.499999999996745,0.4923742200109162,29.28132985517528,33.21242721589944,0,0,true,false,42aa703f39db403b38a19966bb719c1a8a3b0d25799d6842b7214d007c32747a,ceb491f00c37daa0af5b8de9be54186c1466430076bcf5eca240e2358ef37d9a,false
6,0.06,4.999999998504278,4.962829995254589,99.99999996978026,139.79902767658427,0.4999999999976943,0.4924063593988782,29.281329859524487,33.32730159617056,0,0,true,false,80efb78c7f1c01b1cefbd2e6f21978e75ecb48dda0f0edf2a7589f17726feaa6,f7bae6c23c8c7a519c517e53e1371df530ef00f7086a6d4addf6adbdd59b6ff6,false
7,0.07,4.999999998289126,4.95744660428523,99.99999996976666,139.68577660750876,0.4999999999986383,0.49243751812634057,29.281329863823483,33.439954473384844,0,0,true,false,b61b40dc39cfbafabc89389499e2b60ff17234fc2f0e75cfdb963d72153d6712,b6eb92a174c4bed193cc2ed9e24c53a426d015ece0f7fde83b828bced3315c4b,false
8,0.08,4.999999998073604,4.952045398046921,99.9999999697526,139.57299759318545,0.4999999999995775,0.49246769941138185,29.281329868044963,33.550370454293216,0,0,true,false,64af75ba0dc12a02d8c5b65db3aa9bc71e1eb31894fb2e89d64bc6e25c5768b9,85eafa152e59ac13691eb5d2f508e7664e07d3e177c3e87869100d903556a450,false
9,0.09,4.999999997857726,4.946628103314702,99.99999996978865,139.46068958461464,0.5000000000005119,0.49249690662912354,29.281329872160264,33.65853551385006,0,0,true,false,270ca98fd393b608db3c05995e4b23459dc78cdcefc7b4e7c6846dfe7259a8a6,e8610fb74b38e78c2d12b022f91992d3e644f6198b80dc53be0d97c301ed46b3,false
10,0.1,4.999999997641533,4.941196138371942,99.9999999697283,139.34885280069506,0.500000000001442,0.4925251432428791,29.281329876206204,33.76463123918549,0,0,true,false,a0c43507e63240e955a8196d244ea72b7b5f5dfc9c9cfbdc053dd38c7caf52d5,1e7b0122455ac75a3f574b8692f9f5b88699bcc04434c9ef144e5ffd8be012cf,false
11,0.11,4.999999997425089,4.9357507068201985,99.9999999697608,139.23748709105183,0.5000000000023678,0.49255241280244544,29.281329880164122,33.868788039778096,0,0,true,false,e8030042a9c00b4237b7a98c054d106d2e3a0493053129017c902a9c62cbc1d6,8d2eed0999be73cd1060ad84f845e76da5236806f377b3f4a411bc6e529baaf4,false
12,0.12,4.999999997208444,4.930293003038668,99.99999996974282,139.12659175291063,0.5000000000032896,0.4925787204379139,29.2813298840431,33.97100667196179,0,0,true,false,1ff1551e590cfbde91a97e105001431babd9361b8d10d9e9ddbaf44747874631,594d2ee98eedcb2c77c66c6b6fbfdb47c71b7cfb28073e5f9f79109424f61349,false
13,0.13,4.999999996991646,4.924824212268202,99.99999996972997,139.01616680583203,0.5000000000042074,0.4926040893362564,29.28132988782402,34.071288305691894,0,0,true,false,0e4ea8e271edb50ffed24cf910216a5abb7d68ea214e52f5874df59cbe6903c3,c4d26645c01daa8517db49428803dbb25c282ffd4795e7ee332e5d491bcf0115,false
14,0.14,4.9999999967747515,4.919345511116592,99.99999996971498,138.90621226905387,0.5000000000051215,0.4926285010905806,29.2813298915346,34.1696342418041,0,0,true,false,bb1af9c4f2817505d371be6d34ef6a62985e973ceb90c038d4712535e0924f12,c561b4ef4dc8d8b036ff0bc4092756ed24c4c552125752dae592a9aac566d288,false
15,0.15,4.999999996557803,4.913858067441122,99.99999996970492,138.79672741888697,0.500000000006032,0.4926519596389126,29.281329895156187,34.26604631267345,0,0,true,false,101dfcec7b23dd2db63a82b40914bb50ee4932e40a3f9b601bb507a37c8a48a0,d25fddbec7b0d8afee75e862b1d2df9e0d6540258ec768dc4d8eede9e2af1c28,false
16,0.16,4.9999999963408435,4.908363040251292,99.99999996968955,138.6877082050013,0.5000000000069389,0.4926744779116941,29.281329898688305,34.36052688896676,0,0,true,false,94ad2575e7477ccbcbdbc173808cc951037cb3a094da81400c171ef3ea1fb1b1,68c02aad012a0654c600eb44cca7315492b5c97013a767f81f0880d2d3262a45,false
17,0.17,4.999999996123911,4.902861580443073,99.99999996967622,138.5791538817796,0.5000000000078423,0.49269606132692284,29.281329902159136,34.453078314734256,0,0,true,false,15046b310ad5a123633f1764187de79ff3debae8dd8a1c7a7c5be95d6940ed71,1036c383c4da206021173cbc223917d7756bb594dfb9b198cd0c979b751b2bf1,false
18,0.18,4.999999995907052,4.8973548300797765,99.99999996965843,138.47106406379532,0.5000000000087423,0.4927167140666979,29.281329905521826,34.54370386459098,0,0,true,false,2ea81cf1490ca6e8d0a74270cffa0dfe08b1a1ffba08a2f48127ac5b32895cb1,8e17737aca091649e30de3a9f5fef641638cf6e13537f154d721b6913c7609f3,false
19,0.19,4.999999995690317,4.8918439229228055,99.99999996969402,138.36343818039697,0.5000000000460272,0.49273644037990333,29.281329908822737,34.632406941017365,0,0,true,false,bb4cd121c2db4cd356c054f3f005481960290f5d0a636e6711253058f6e741e5,e65da1e87060e0a4d47efe746d5aeae7f2aa0e2b8b623199183a4d2a96dc630e,false
20,0.2,4.99999999547375,4.88632998493655,99.99999996969244,138.25627620285016,0.5000000000070037,0.4927552446310612,29.281329912043667,34.719191057859405,0,0,true,false,22455649fdcf973b8217b2405dbb9b2235ba568235555cacd73980194f0b71ff,2291e790bc4f19b4be2e50c483cf42d58b84e5fad3b826831d99526fa0bf8d35,false
21,0.21,4.99999999525738,4.880814133549394,99.99999996967735,138.14957736151803,0.5000000000079003,0.49277313129952854,29.2813299151655,34.804060670024455,0,0,true,false,c941e2ead1a1306cf0c87d0db411343331a904c37e1a3c186a46adfd8271e54d,2332ef2a8856e5b972227e041e3f1ef3c0900144e3039f936d22fdb31beb2643,false
22,0.22,4.999999995041304,4.8752974786259315,99.999999969811,138.04334125028046,0.500000000008821,0.49279010495815856,29.28132991820641,34.88702004755555,0,0,true,false,81f6205acc754432a4d6e15176d5bf1e08670156a44aeaacbb221d5b4d35c073,5770f547cfa79de213232b630ec3cfafebb061f7e878dee925a3a576e6229e92,false
23,0.23,4.999999994825521,4.869781122261052,99.99999996964875,137.93756763810705,0.5000000000097354,0.49280617022441026,29.28132992116638,34.96807401038575,0,0,true,false,15cefbc79b5b1bc0532cc4d4d4dd5e92cc7292a1ec12e560b4ed9d86cdfafff6,c77535d7309845c8e1de277e8cee618aca16ee86f52f8cc446fe249c4b62f5fc,false
24,0.24,4.999999994610076,4.864266157948153,99.99999996968405,137.83225573854523,0.5000000000470322,0.4928213319284958,29.28132992404539,35.04722838180368,0,0,true,false,4a3ec24dd7b07cb79065945739db3bf8cac80ba4be5934ab224e45c7ff6d20ac,3c5a62ca6e5b1dec3ced0a35a1dd19cf3fbfad42fb6ec573f7df7b33524fa1e1,false
25,0.25,4.999999994395032,4.858753672375514,99.99999996968023,137.7274051228554,0.5000000000080186,0.4928355948749091,29.28132992684343,35.12448823011142,0,0,true,false,f7ec1e911094c66832150f6e277025293df7601787a7d1564e59d9916e7c31e1,6fc0002255b80be2b781c50e1ffff5a75439e1c40eee01358aeda6e67c48391d,false
26,0.26,4.999999994180396,4.853244744174603,99.9999999696645,137.62301536078496,0.5000000000089233,0.49284896412924695,29.281329929570028,35.199859851676976,0,0,true,false,6ee85931a117c02ed88f652217bcdc639ab98b8b03e628f52c30ae9dee1b74ca,ef8f050e9aa4154d682be70070bb939934f3283b529fa730fda199413e1ff3ef,false
27,0.27,4.99999999396625,4.847740444687534,99.9999999696984,137.51908564416155,0.5000000000098509,0.49286144470699444,29.281329932216074,35.27334944425903,0,0,true,false,26f646131fc81df6426db16f619e3d09f553e9a922f8bdaa32654ba106c72a66,c515f6d3486e76dfd6e350511fa8e16b6c0f3199685f3fc39f53a72daabd1ec5,false
28,0.28,4.999999993752605,4.842241837262773,99.9999999696334,137.4156140387518,0.5000000000471589,0.4928730446310835,29.281329934772007,35.344964077284516,0,0,true,false,6eef81335ae8596d60fc94d34c5ed0a7c7fcedbed40082f0b4ae8301c40a5edb,7fff57bf423c5a5494707f98040922cfb5022cb6b97162e1703fa1e99d149ebb,false
29,0.29,4.999999993539521,4.836749978449446,99.99999996972727,137.3125974822861,0.5000000000081555,0.4928837760702038,29.2813299372469,35.41471041312658,0,0,true,false,8d16c025b4b21a808cff7d48015537529865a923fc94804e53ffa137b291d45f,79387110f244630f0cb4c7222ae6843ef6665ce2de57000cb05df231d20edfd7,false
30,0.3,4.999999993327023,4.831265916647591,99.99999996981248,137.21003550845154,0.500000000009069,0.49289364434258787,29.281329939640734,35.48259638081353,0,0,true,false,8742be7eccc6545d53b09c048e46e8bead59bbb9b748c8922762275b9bf8bfdb,2118d2f3ce256c92af123267a6c7ddd0ecd6d3ee50676a7e6594b688d823d692,false
31,0.31,4.999999993115153,4.825790693440669,99.9999999696997,137.10792690328208,0.500000000010004,0.49290265483279005,29.2813299419726,35.54862939869935,0,0,true,false,078f68f884864663022a2d34d3b7db74836dffbc935d0aa62685e6ca4564c246,26493f277e65649fba6407557a210802a6e21470dc3a9f8bfa9915b699ce3321,false
32,0.32,4.999999992903956,4.820325342473286,99.9999999696373,137.00589153120183,0.5000000000109309,0.49291081301914097,29.28132994421474,35.612817978017794,0,0,true,false,0fb8148f2e71d8c2610f9aa0ee1bebba230de7bb4225a1eedab260a67f553024,de48929d93499ce44a3f649faf985d90a94599cef34632b3761e74e2dbeea979,false
33,0.33,4.99999999269347,4.814870890564882,99.99999996967279,136.9042294305275,0.5000000000482385,0.4929181250343782,29.28132994636668,35.6751702330191,0,0,true,false,e799c9908d0867ae738e5223b7e0f6ce1f643ce039f26e60694ed7d23595ddee,680af34d118d23ff1cee0a1f2974d5cbea7fcf59b0875d15a37fc0e6fc8bf14b,false
34,0.34,4.999999992483739,4.809428356474024,99.99999996966906,136.80302164486224,0.5000000000092344,0.49292459660959587,29.28132994844705,35.735695417668396,0,0,true,false,2de9a29c2a54a53f7acb02bb60bc3e5fb27a40883c7706acc8fc640d443b70b2,207bc28ecbff4730c8130caf0a074bd3ca364250e7d740ff49e5023304cc4b4c,false
35,0.35000000000000003,4.999999992274789,4.803998751831886,99.99999996970045,136.70226767750341,0.5000000000101473,0.4929302336500134,29.281329950475385,35.79440249012277,0,0,true,false,31c8cd7aafc3ff50867076f7ac2b2f95a09074d4441958716045e99c55505ad7,6276b06bed1bfc34194ef9fd61bfbb188237a168371c3cf33eadb51897b78fe4,false
36,0.36,4.9999999920666625,4.7985830802965745,99.99999996968964,136.60196646739504,0.500000000011082,0.4929350419623769,29.28132995236709,35.851301268230976,0,0,true,false,88261ed3387b6345b758a235e76f4703fa6e2e5e5dc2772611c90ce3df193813,48835269372afd621ae06a68470d4ed3d147d9042024a22c39702a0e29b27203,false
37,0.37,4.9999999918594025,4.7931823382346606,99.99999996967847,136.5021175023798,0.5000000000120084,0.4929390276386254,29.281329954243567,35.90640141566098,0,0,true,false,d4cfbb2eceb7538bc61382cbe9eef81b7ba59504f84d98f7b761f98cc9a801d6,39bff24953fd1726ec001eb329e31b69fd1087a9de6e54ab5e59900fc65dbf1d,false
38,0.38,4.999999991653018,4.787797514250602,99.99999996966552,136.40271933009717,0.5000000000493156,0.4929421967188844,29.281329956022034,35.959713174153265,0,0,true,false,8d84cb453dd32008ffa8d61062201a3cb7c6d235a6e3d370d59489a6d0d40c17,e8a2e3fcc13baa941018bfaca456ccc4de9933d158a439b0c8c3bce1692edf6c,false
39,0.39,4.9999999914475834,4.7824295892066875,99.99999996965761,136.30377198617276,0.500000000010311,0.4929445554565398,29.281329957711115,36.01124702624653,0,0,true,false,7efebed121f11dab09ba2754bf70f99f50deeaee7ff6168f62150766fe3c13d2,46fc69f25070365242512596e5b64789c14a2b502dc99510644028721ce95406,false
40,0.4,4.999999991243081,4.777079535562366,99.99999996969244,136.20527381740993,0.5000000000112237,0.4929461101722527,29.281329959348536,36.061014148270395,0,0,true,false,a0fc7649e3b387e3f38c7527bc9ce02c1a2864668478ce1051d227cc153f6546,e6a3753666e15fa480120a23460888981f40d5324abf143c9eb1dc8b1d641142,false
41,0.41000000000000003,4.999999991039593,4.771748318167322,99.99999996963078,136.10722466248166,0.5000000000121579,0.49294686727903636,29.2813299608879,36.10902542890788,0,0,true,false,96ae00e6807f39e2420dacaf352d0e9e7eb72d5d595f0feb0c671326e9c30e1f,7d6d3859a833f1ce1aad211a038fe59bd903ee70ffb776f9bc857da995490068,false
42,0.42,4.999999990837137,4.766436893287989,99.99999996976368,136.00962322457002,0.5000000000494722,0.4929468332801771,29.281329962366478,36.15529261182333,0,0,true,false,dc3a63850199fd5af783047bd83ff50fa90d0f751aa97df582bf3607e4270fc2,b429d7e6c93645a2cd174741cb7393600910a52be5faadf8d2aa5b5b497f35ad,false
43,0.43,4.999999990635736,4.761146208902701,99.99999996970995,135.91246536123876,0.5000000000104738,0.49294602131219534,29.281329963775615,36.19982746373434,0,0,true,false,b86f05a31a3d625eb07fae5df44f813709e01dcb0f866fc438a42c5232ce95bb,07ecf2af0fb30af038e69d915ec8d71267de06781d0b08ba44e95e79db17dd14,false
44,0.44,4.999999990435431,4.755877204587306,99.9999999696915,135.81574993825203,0.500000000011392,0.4929444405726767,29.281329965096653,36.242642009688595,0,0,true,false,4b33e1acce4d06d9b6f4a88e631e0c54111e2dcfb2116fdeaa5504261fb708ca,44bbd9f3ff39537d95a21ed6b77e4c8ab377c7201c31eef15d8c233c384c7ed5,false
45,0.45,4.999999990236236,4.750630810822595,99.99999996967864,135.71947525181614,0.5000000000123317,0.49294209771097475,29.281329966367316,36.283748912234095,0,0,true,false,78abd2ec8304e4974fc384da9c73649f2005aa9e6613f08c31603a29a0d02190,16a5aa3f41a745af053f8283c32b5eb1c58633bcc28515880bb3641c2d2b372f,false
46,0.46,4.999999990038205,4.745407949285857,99.99999996961607,135.62364053306823,0.5000000000132624,0.49293899953520903,29.281329967531658,36.32316081449238,0,0,true,false,d81f37048b89a9b85c78f2c3d8d00c0e022c6ee8260ed691a284abc3c31a32e6,b31d5961a16e7ed15ff9844858395a6db9510d6f503984921bec067c63ed831e,false
47,0.47000000000000003,4.999999989841377,4.740209532450268,99.99999996965136,135.52824500893746,0.5000000000505735,0.49293515291648127,29.281329968655143,36.360890774976035,0,0,true,false,f3534cacf0138f22bb54640f8b2847e511057d44985aff05014f8c4586aa9818,86dbab140eb6a34bdb359461427a7b8ab4382475f1c9a90c9339ead8d20bcaeb,false
48,0.48,4.999999989645764,4.735036463541489,99.99999996969365,135.43328751767135,0.5000000000115726,0.4929305648097738,29.28132996967273,36.39695201470585,0,0,true,false,aa77d4aca2452c5eec2df3586d6b9012fb26fd8276ddefd77967d5a3b3816266,904db7da245a5da82914abe3541c0ce0d0c6caf906ffeca4a7e059759e0b21c9,false
49,0.49,4.999999989451381,4.729889635844671,99.99999996962976,135.33876689451463,0.5000000000124888,0.49292524232825824,29.28132997067853,36.431358332230715,0,0,true,false,4582b7b83714359b38a57555733bcdf023621f6f76875b5a1d5085b8e247aa02,ff8db494a4f4def72ce1157b6562e7134db80cb2d74fe979019197d03f21b0d9,false
50,0.5,4.9999999892582805,4.724769932465441,99.99999996966496,135.24468215068157,0.5000000000134264,0.492919192597107,29.281329971551575,36.464123815995734,0,0,true,false,5ef9714755510e2b95a01fb3951168fb28c2c2ed41d1fd2747697cef380aae86,89a0837703ef0e8ff07c0c2f1e71d384eae777511bce7d62cf0ed66429d31c96,false
51,0.51,4.999999989066487,4.719678226820012,99.99999996960646,135.15103191643536,0.5000000000507436,0.4929124228717763,29.281329972394158,36.495262336957765,0,0,true,false,eaa0a621c3c301cffb0997ce6799c2ffd5e747df34d0ecfec29a1a2cc0da6bfc,6e1ed49b709f00faf90bd2a8cc1891d4359e192a764fd94e4b2ce632f954d6ee,false
52,0.52,4.999999988876013,4.714615381958016,99.999999969796,135.05781557155714,0.5000000000117485,0.4929049405393246,29.281329973151244,36.52478828272209,0,0,true,false,187f62ecd68a352d35d27d808bc64d67e26f97550a501a455c785e8ac3c33837,6ddf3a50f18499321cd29c94306934fd98e4bdf0b9994e75c908d693b6bdba4c,false
53,0.53,4.999999988686912,4.709582249849625,99.99999996963693,134.9650317318856,0.5000000000126694,0.4928967530171963,29.281329973841462,36.55271659444472,0,0,true,false,327de0fdc840be011454b9c6a0a2781da1d4a845e61eec627ae7d3ed44b76131,672f2a700bd26beff269a4ddbfc0d8c50caa9447dcd4bb7e052696ad4c8de9be,false
54,0.54,4.9999999884991935,4.704579671672723,99.99999996961895,134.87267880770565,0.5000000000136118,0.49288786785209204,29.2813299744557,36.57906209489502,0,0,true,false,674aeb5add01d9ce5c91a0ac352c31c22a1d06ea4d032f12b4e52aa04660bbd3,ff729ed08ef207f3355f86bcecfe47b902a621a9ae77fbe819ed1ef26de4c38b,false
55,0.55,4.999999988312884,4.699608477108299,99.99999996965379,134.78075616212578,0.5000000000145451,0.4928782926449273,29.281329975032147,36.603840118934336,0,0,true,false,c3f73b5f707485a79b4480a06aa2d5e392803f7132ff8218362c31311f2fcbe1,d2d9769eede1eb177ff475595bb063a8dc077b30ddccc2938bade556d6dc2219,false
56,0.56,4.999999988128022,4.694669483981022,99.9999999695925,134.6892627612413,0.5000000000518587,0.49286803509790794,29.281329975496206,36.62706630397618,0,0,true,false,777f49e25590cf53acaa4f7e0ce323a85e05aa698ff1120fcac6cf8d45f01069,f690208084ba047ab7916130b2981361ecb1a1be572f3ae86d1fbe0928522748,false
57,0.5700000000000001,4.999999987944604,4.689763498966433,99.99999996968424,134.5981964308775,0.5000000000128605,0.4928571030359459,29.28132997593199,36.64875584027469,0,0,true,false,d9429476d097e30025f21f0fd9b5bfa4b68334495732200186d79ed543a5c1b3,6d91898ceea96c2eb7baf62b34fe90be7145e0c80919428b1a58c1d4046242c9,false
58,0.58,4.999999987762682,4.6848913156236955,99.99999996962192,134.50755650812826,0.5000000000137789,0.4928455042878642,29.281329976303557,36.6689252363813,0,0,true,false,fcdb0e579a908efd8699ff97f5004d29dbe196f2c91ede55830babcccfa2b703,f2280fa69d827ba868615577f311e84a21f6c479453c36f38a8deea372371bb3,false
59,0.59,4.999999987582267,4.680053715449798,99.99999996970557,134.41734174542756,0.5000000000147189,0.49283324682739804,29.28132997657315,36.68759033539254,0,0,true,false,18727bd8b3d235f0988e6a796d6a6391050731e4309373adf7f71f22efd63164,d96bcd1871e0e1eca802022dfaf09a6978c0eb68c4d9756a35a84e868565d1b6,false
60,0.6,4.9999999874033945,4.675251466765909,99.99999996964176,134.32755051837654,0.5000000000520382,0.4928203387451403,29.28132997680624,36.70476771518314,0,0,true,false,ff6dba9e856c37beb275893bee2ae732c2e40b63759c682e22ae0d257b937fb8,a4ac3ef2a7d4c353330f2e91707489a2e34ecb5e4defde7743fe5e4f4bc2b979,false
61,0.61,4.9999999872260625,4.670485324939038,99.99999996973276,134.2381784970887,0.5000000000130451,0.49280679514840164,29.281329976995078,36.720473805279,0,0,true,false,3786047cab3dd6210ef71dc2287b2f885897c52ed42538c25cc0a5beb52b9485,e02f6992bd0ebf9e4290569fbd699723499776df9a217eeaa023bf01beb5ea1d,false
62,0.62,4.999999987050322,4.665756031435894,99.99999996967102,134.1492240305338,0.5000000000139684,0.49279262500917903,29.28132997708372,36.73472565263859,0,0,true,false,ad19b256b2479198c30967e5824a3e5d397541ea5a9a65eab6634a15cf37988f,3f2a18ae5744d6d8b7a1bb72234d4a18df5a57bb3988d78756b8db421b3bb9c6,false
63,0.63,4.999999986876167,4.6610643142573505,99.99999996960462,134.06068583868316,0.5000000000149127,0.49277783642450557,29.28132997711853,36.74754000057571,0,0,true,false,96f0a8592b638f49ab28177426d0326d3f6cdf4ea740630e07d10e49403c4863,d8f09cbf219edf165756c5ebfddc166b84748ab9a5365af450129f899b632c32,false
64,0.64,4.999999986703648,4.656410886848662,99.99999996963842,128.20626267229045,0.5000000000158483,0.49276243757629734,29.28132997710041,36.758934284988506,0,0,true,false,374eabe3dbaebf45a7dd568680184febda5d59d7a30485096090fd915c961fcd,795c3a44aac4a814e64dcfa14a7e3f83bdb7af985cddf564b0f7d2268b54fef9,false
65,0.65,4.999999986532765,4.651796447405707,99.99999996962808,119.41704612095455,0.5000000000531639,0.49275421387981233,29.2813299770207,36.768925671538526,0,0,true,false,cb4c7bab7671883dc74440f86ea60710e434ce8255807fa8b444ca5420471b86,73b0478c66cef595f9495fe3603de98378ff11cd3f9b1ba6776c3f0e3c86ad94,false
66,0.66,4.999999986363545,4.647221636239804,99.99999996967102,114.59411179480811,0.5000000000141677,0.49275830561634926,29.281329976879842,36.77756054866341,0,0,true,false,0a9f28a6553452be65eefa63c9515d54e2ca0acd38512b161a071605ebcdaa2a,0befac6f9e6a251d7ef47eb37d42cbb9b3c6096568535147141071117c334786,false
67,0.67,4.999999986196006,4.642687123502078,99.99999996960535,109.55884348836074,0.5000000000150882,0.49276896335014475,29.28132997667828,36.78482885118047,0,0,true,false,56c9ee70f703742e2fb55c9e17763c18bb5222206eb0c9f05d1333b600306055,d2d5023a28d428c36af5619ca828fd1692eb8911f7cf1513a95d4d25f27ee5ca,false
68,0.68,4.999999986030162,4.6381936063895814,99.99999996964233,106.22320210468689,0.5000000000160301,0.49278682037350385,29.28132997641645,36.79071996546831,0,0,true,false,27f58cb17ad3ab3fe1a08ec9cd71f90ddc53d42fed9215283716c560529a5e4b,53150bda4e61dd7133b7a83faa8950d1a96ba80de4281abcd781bd463748f881,false
69,0.6900000000000001,4.999999985866041,4.6337417225124105,99.99999996963199,103.73501604399537,0.5000000000533515,0.4928095879739464,29.281329976085246,36.79527962394401,0,0,true,false,dccd6282e8518b9662249f05fcdd1adc1bd6827ef0160afb870050a1f32d9133,bd68a0863850d89325f8e367ece16f1ffbd4076950615dd4b24117b6f5e070ae,false
70,0.7000000000000001,4.999999985703646,4.629332093641198,99.99999996967493,101.81968684896752,0.5000000000143605,0.49283611863659155,29.28132997572285,36.79852585026738,0,0,true,false,cea1e233e58fe45518559b5cf5fc5d71c5777e7fee5f7dfb67961c165b8117ac,0b4c73543f2b8833389ad1aa5269bf7867b7444c3f79f6795e9e8ef7fb0d8ac8,false
71,0.71,4.9999999855430115,4.624965325157777,99.99999996975912,100.32181363833077,0.5000000000152858,0.4928656334629789,29.281329975283327,36.80047695921646,0,0,true,false,10c5de02fac60b66381c9d660a68bc124d157ba0b96450341ced46365dbf40b2,f6222b19484e5dfdbd8a853bab6f0ab70a28ad8b88b803bb1175cacaee17268a,false
72,0.72,4.999999985384134,4.620642005519721,99.99999996964587,99.13821305004561,0.5000000000162318,0.492897562510542,29.28132997481395,36.80115155618919,0,0,true,false,a7b9b140c5879848526debf2cb5f24380a1b2c77868e88a9e3c1f3176bab943d,2cb96f5c46f3efb1c36345360c875e3fbd755cfb235949c48ea0a7afbeef49d0,false
73,0.73,4.9999999852270465,4.616362706171718,99.99999996958319,98.19519966291337,0.5000000000171692,0.4929314747849767,29.28132997424968,36.800568254384125,0,0,true,false,654338270ba0743084365e5f7f36396e63985d2ab7f73570768538c7d658b1f4,3a4ca88fb98ef7c86c4f13142af5ca66876ac3fcd0c6f648104b46b8aefd41d1,false
74,0.74,4.999999985071753,4.612127981859031,99.99999996961942,97.43811151735599,0.5000000000544869,0.49296703848948864,29.281329973655986,36.79874538501176,0,0,true,false,d94792ffff0cb601ffa62b4c66019cb5dc9c779bead1f310decbd831cf9bdb86,bea2e3d9e11819a27ce787dee407984b231c29a51064902018c0d8e359b7aabe,false
75,0.75,4.999999984918277,4.607938369678886,99.99999996966133,96.82543370228333,0.5000000000154925,0.49300399764166414,29.281329973006024,36.795701825086496,0,0,true,false,1decd9205453456e680eaba15765accd07c653ed4991d5dfd783df5e66bfb42a,f6e4d9a48501db5939ea412e6137200cf3f4285d79c8c9280412c5dde72f86e3,false
76,0.76,4.999999984766635,4.603794389240464,99.99999996959781,96.32526717259539,0.5000000000164148,0.4930421530045095,29.281329972290685,36.79145626563805,0,0,true,false,d7b7607bb8743b9373f512ad2dd4ff337cb38f0d5be08835b553228bd6f800af,536a8a778627897ffb55f37bcc8c2289ca031195fac0935cd0dd91e5b599ea0b,false
77,0.77,4.999999984616848,4.599696541578595,99.99999996963199,95.91307425183673,0.5000000000173587,0.493081345809247,29.281329971548157,36.78602805123475,0,0,true,false,15638b7bdd3ac0524f1f561a321517dbb838acae00cd1ccded443bddd30b84ad,14754ac45ec70d52e7e2882f2e89e8ccb72ad2db3906463253b4326add4e3667,false
78,0.78,4.9999999844689205,4.595645310271548,99.99999996961942,95.5697888267937,0.5000000000546819,0.4931214504263237,29.281329970713397,36.77943570991088,0,0,true,false,8e5298b9455ca64a2e18872b4699d7121d16737b383860aacfd5b172d2cd3bfb,6f750836424ebe284e8d62bcc229037079e5e0a004b1cf0cee5e037955e0d8cb,false
79,0.79,4.999999984322843,4.591641159602128,99.99999996966133,95.28055142843814,0.5000000000156927,0.4931623671835112,29.281329969861428,36.77169889947851,0,0,true,false,13e272afddf7dbd04a9f9b7e47b0bb9ae277a2211da2456f7bc4966be8174189,205700aff6483fd29c6ae35c203be1374a470fe5d6ab31399a173b42147154eb,false
80,0.8,4.9999999841786495,4.587684535521516,99.99999996960108,95.03375934984008,0.5000000000166197,0.4932040165250581,29.28132996894676,36.76283658912817,0,0,true,false,9b3220aeb51261f8dcfb250d495c7b53d9ac4e1f04cf6c8589544d20af40a398,c547e51e9b8ab3567f7f11dec6ca4d29c21a7927accc39afe139230a337b48be,false
81,0.81,4.999999984036357,4.583775865201361,99.99999996963712,94.82034166941725,0.5000000000175678,0.4932463346575416,29.281329967988484,36.752867950757334,0,0,true,false,2c178c8346d80b58a991839ee51292c2f92675e37050801d2ad0942ac90e30f4,407bb1e8eb0f9db3be7f0753a8534eff1f0f7584daada168fdfbf6112b47f423,false
82,0.8200000000000001,4.999999983895968,4.5799155562424865,99.99999996962092,94.63320133885205,0.5000000000185071,0.4932892702417776,29.281329966968393,36.74181261110762,0,0,true,false,467d9e50de2e79626f34bc662fae0b082476f024e7b3290e69472416b592b46a,6d7257aecfbbe17c996bda6a0d9e06939edcd6556d162584f828beb67cb68c7e,false
83,0.8300000000000001,4.999999983757503,4.576103997264698,99.99999996960844,94.46678220360502,0.5000000000558265,0.4933327815658563,29.281329965915127,36.72968975171796,0,0,true,false,7c5afff3ef210fc34fcff6563bd6951c6f473825f981b9fa43ce959c11cf6835,d9e64f81abc72cbfb1d913992fc5f19545120c4777f35da5ee83d8734ea283c5,false
84,0.84,4.999999983620963,4.57234155772827,99.9999999696481,94.31673462821334,0.5000000000168339,0.49337683454814363,29.28132996481094,36.716518579365314,0,0,true,false,a016692263213092710d52f53ce670a58d5c9517b12e3b0cde96597a5b96c377,c25a9f59756b8d6ab68c5d42818d41791560f7aacbf0c7c7c0e12a5ba823a830,false
85,0.85,4.999999983486379,4.568628586757967,99.99999996963805,94.17965009250426,0.5000000000177579,0.4934214011546147,29.281329963646723,36.7023190177284,0,0,true,false,0e66416a6fd0f5d753fc9fbc861783b94d4fb764978558954dd9f8b3ae0be982,cb6cc6037e8bfc67222632761969218fe4c1e45d3182f359a58681a5aa58c805,false
86,0.86,4.99999998335371,4.564965414377284,99.9999999696238,94.05286070683952,0.5000000000187035,0.4934664579908904,29.281329962460664,36.68711012356893,0,0,true,false,181d46fd43773338c981cc43575b9fb047933a83e06e949d892eff634fd9983c,7f09eb15c9961ff6c31ee89f54332d57f78b920669ad436a0f2452970243f36d,false
87,0.87,4.999999983223031,4.561352350593268,99.99999996960844,93.93427476502269,0.5000000000560284,0.49351198539724167,29.28132996119727,36.67091147470117,0,0,true,false,be0323c503b8fa1227e97407ec2357f2f361bf9e12adbd9f7edb66daa344763e,0188af27c43b0418c14ec8177b3330885de4d4b259add0006220ec36b2f3404c,false
88,0.88,4.999999983094303,4.55778968524472,99.99999996965136,93.82225413672286,0.5000000000170408,0.49355796667245244,29.281329959903367,36.65374270515406,0,0,true,false,63b9bcdba80335c31285221d03e7103e188b402b492946efa0160e8a3caddbc9,357b9b4119ba54efbc6235c64d0ac70d3273b5134637e2a94cb33502e9a27fa5,false
89,0.89,4.999999982967551,4.554277688708384,99.99999996958924,93.71551453317316,0.5000000000179696,0.49360438736430606,29.28132995858031,36.63562291680314,0,0,true,false,8e3ea55f4594f1a633f3bf5a0e4bb14aacb12096e8f208222b588c45443d8c4b,2dc9e32bf974c99f7b47fd65c7f721a756252e981802d6b88c4bb7704ad78658,false
90,0.9,4.999999982842765,4.5508166106256285,99.99999996962407,93.61305048041739,0.5000000000189194,0.49365123498376934,29.281329957210357,36.61657200212208,0,0,true,false,80ebbf941691bb30bb0771ab86d85a3a24e8cb82f4efd32cf0cd57946f5337af,d6f86c717bb858cace43e730c51215bede32faae7a796648bd8214acfc521dc0,false
91,0.91,4.999999982719974,4.547406681399792,99.99999996961057,93.51407276607982,0.5000000000198603,0.49369849833702506,29.281329955774847,36.596608810043776,0,0,true,false,eb95a14a5d247642f97132db5e14077228b201e92ea11e5958715ccb8605ee2a,3e6e6b49215b03b679cf93b38ffdbc0c6cb144e28077505e9ac6b97d718201e2,false
92,0.92,4.999999982599176,4.544048110309236,99.99999996959482,93.41797851758598,0.5000000000571814,0.49374580395368134,29.281329954321066,36.57575337499554,0,0,true,false,a9e44622fcdb166022e2358a0ea34fd65d2e2de12441968786f49f3aa465cd39,bd818d190c091844822ca48edfb61b8c3ef5035369a48db5c677e6f47dd0c8c3,false
93,0.93,4.999999982480373,4.540741086749114,99.99999996963805,93.32428235636215,0.5000000000181903,0.4937931262118237,29.28132995282217,36.55402490268638,0,0,true,false,4927491b95b55b054449b1fd6fbca9370dea2c55081ee9ab4f87b673b9636a20,d2a67e4191b1cc1cca384fe785cdf9944e09e8e70aa852a82a1f1eb32095c8e7,false
94,0.9400000000000001,4.9999999823635815,4.537485780535789,99.99999996962799,93.23260105794309,0.5000000000191159,0.4938404646325919,29.281329951269054,36.53144233468221,0,0,true,false,fb096430d01dae1896876fcdf86c928ce818c2dccfc6c1faa8e793e8a60efa79,7b4801d01b1b58e3e3e92236a10f59077e41a7f3ca6580eab7a2cf14270f5f8e,false
95,0.9500000000000001,4.999999982248809,4.5342823407254,99.99999996961337,93.1426349506353,0.5000000000200631,0.4938878186503878,29.281329949699906,36.508025350026756,0,0,true,false,41957c11a929d7ed601929b4d0110ee69e7637e35ecb176ea779669c2252fe80,f94c90ed26b8df7e31ada9f98e7af42db0bf5be78abea3b28f3440772c7eaba0,false
96,0.96,4.999999982136046,4.531130896589262,99.99999996959875,93.05414714054831,0.5000000000573896,0.49393518779479867,29.281329948059238,36.48379295912822,0,0,true,false,eb15ff43580477fb0887e62b9cba994b6728878ab15ab7569b6c783042aea2f6,b93a5ff0dab174cf7a5898522e0726ec721a12e0aff48047520773626797b5f4,false
97,0.97,4.9999999820253,4.528031556881989,99.99999996964019,92.96695192156179,0.5000000000184037,0.49398257157248315,29.281329946403428,36.4587646298276,0,0,true,false,8271c4bb692fa730d4e9f971a542c0e4bf7ee4548a6f221984f9753f3fcce942,f3f04b8c98ef500ecebf592440b23b7bb6d9e9c4cf725fe438a88a1ee02157d6,false
98,0.98,4.99999998191659,4.524984410867687,99.99999996967763,92.8809014120455,0.500000000019334,0.4940299695143894,29.281329944715186,36.43295912883674,0,0,true,false,e0704b91ca934e7271f8e0069280bfc41e3c21f05ff2b3a62d8de57c8dea6b0f,f7309493c969c3bf527e73db978a23e47e8ea70b29e2453d7ae9434df2120824,false
99,0.99,4.9999999818098955,4.521989527373879,99.99999996961411,92.79587939894549,0.5000000000202852,0.49407738115212024,29.28132994297631,36.406395831152096,0,0,true,false,4e312d0e48704550f5d4b30cb6e39b5636952b518ed1aa4332fe94720e4219c6,ac45ff452b8df3bc99a67af9fe284fb81e5e70df81aad35193e478aa4dd8adbc,false
100,1,4.999999981705242,4.519046956257241,99.99999996960014,92.7117936623989,0.5000000000212277,0.49412480597070096,29.28132994120589,36.37909312096764,0,0,true,false,59842a2bda9d0a19f61577d056c6dbb8489c7e680e976dccd661f37838b4cb38,c68f071339edc4957e1590ca50cb40c0923a86ea5165d3026867a75c0796053d,false
