probe_id,logical_step,elapsed_s,node_id,production_phase,production_quality,production_density_kg_m3,production_u_j_kg,production_temperature_c,production_pressure_mpa,reference_resolved,reference_region,reference_phase,reference_temperature_c,reference_pressure_mpa,reference_quality,reference_minus_production_pressure_mpa
background-reference,0,0,suction,SubcooledLiquid,,750.4377202844439,1175957.9999999872,279.99999999999693,6.416459281680081,true,REGION-4-MIXTURE,SaturatedMixture,269.34476251006106,5.446657821393141,0.0009044047982072967,-0.9698014602869396
background-reference,0,0,pressure,SubcooledLiquid,,750.3222372685412,1176622.859275835,280.15829982757975,6.916459281977653,true,REGION-4-MIXTURE,SaturatedMixture,269.4799217283727,5.4582106824633945,0.0009015025208173814,-1.458248599514259
background-reference,0,0,outlet,SaturatedMixture,0.21514191260962645,137.52501573325486,1467078.0884115456,282.54532551462273,6.666459282132472,true,REGION-4-MIXTURE,SaturatedMixture,275.1843705475329,5.963117165910907,0.18990745729760766,-0.703342116221565
background-reference,0,0,drum,SaturatedMixture,0.042322749720054995,391.80095385642517,1231735.7580415057,279.999999989397,6.416459280654079,true,REGION-4-MIXTURE,SaturatedMixture,270.41057386994373,5.5382678699752335,0.036630469875386214,-0.8781914106788458
background-reference,0,0,feedwater-inventory,SubcooledLiquid,,989.1562750380147,198947.65239648888,47.37848866583073,0.01748489976289241,true,REGION-1,SubcooledLiquid,47.52114057847865,0.12181746458054063,,0.10433256481764822
background-reference,6000,60,suction,SubcooledLiquid,,750.4377202844439,1175958.0000004012,280.0000000000956,6.416459282186419,true,REGION-4-MIXTURE,SaturatedMixture,269.34476251006106,5.446657821393141,0.0009044047982072967,-0.9698014607932777
background-reference,6000,60,pressure,SubcooledLiquid,,750.3222372682294,1176622.8592757045,280.1582998275487,6.916459280898974,true,REGION-4-MIXTURE,SaturatedMixture,269.4799217283727,5.4582106824633945,0.0009015025208333786,-1.4582485984355795
background-reference,6000,60,outlet,SaturatedMixture,0.21514191267031707,137.5250157016126,1467078.0883814313,282.54532551462273,6.666459282132472,true,REGION-4-MIXTURE,SaturatedMixture,275.1843705475329,5.963117165910907,0.18990745735097625,-0.703342116221565
background-reference,6000,60,drum,SaturatedMixture,0.042322749749427555,391.8009538455177,1231735.7580728983,280.0000000321028,6.4164592847876225,true,REGION-4-MIXTURE,SaturatedMixture,270.41057386994373,5.5382678699752335,0.03663046987747153,-0.878191414812389
background-reference,6000,60,feedwater-inventory,SubcooledLiquid,,989.1562750380396,198947.6523960508,47.37848866572642,0.017484899717404953,true,REGION-1,SubcooledLiquid,47.52114057842988,0.12181746458051382,,0.10433256486310886
background-reference,12000,120,suction,SubcooledLiquid,,750.4377202844439,1175958.0000015502,280.00000000036914,6.416459283635395,true,REGION-4-MIXTURE,SaturatedMixture,269.34476251006106,5.446657821393141,0.0009044047982072967,-0.9698014622422537
background-reference,12000,120,pressure,SubcooledLiquid,,750.3222372685057,1176622.8592764388,280.15829982772357,6.916459282635455,true,REGION-4-MIXTURE,SaturatedMixture,269.4799217283727,5.4582106824633945,0.0009015025208192097,-1.4582486001720607
background-reference,12000,120,outlet,SaturatedMixture,0.21514191255762516,137.52501576036673,1467078.0882366407,282.54532551462273,6.666459282132472,true,REGION-4-MIXTURE,SaturatedMixture,275.1843705475329,5.963117165910907,0.18990745725188007,-0.703342116221565
background-reference,12000,120,drum,SaturatedMixture,0.04232274972977014,391.80095381344375,1231735.758079411,279.999999989397,6.416459280654079,true,REGION-4-MIXTURE,SaturatedMixture,270.41057386994373,5.5382678699752335,0.03663046988360346,-0.8781914106788458
background-reference,12000,120,feedwater-inventory,SubcooledLiquid,,989.1562750381383,198947.65239464949,47.37848866539275,0.017484899614149164,true,REGION-1,SubcooledLiquid,47.52114057823661,0.12181746458040743,,0.10433256496625827
background-reference,18000,180,suction,SubcooledLiquid,,750.4377202844439,1175958.0000014985,280.00000000035686,6.416459283570216,true,REGION-4-MIXTURE,SaturatedMixture,269.34476251006106,5.446657821393141,0.0009044047982072967,-0.9698014621770747
background-reference,18000,180,pressure,SubcooledLiquid,,750.3222372680223,1176622.8592775452,280.158299827987,6.916459282615045,true,REGION-4-MIXTURE,SaturatedMixture,269.4799217283727,5.4582106824633945,0.0009015025208440037,-1.4582486001516504
background-reference,18000,180,outlet,SaturatedMixture,0.21514191236746674,137.52501585950955,1467078.0881331854,282.54532551462273,6.666459282132472,true,REGION-4-MIXTURE,SaturatedMixture,275.1843705475329,5.963117165910907,0.18990745708466342,-0.703342116221565
background-reference,18000,180,drum,SaturatedMixture,0.04232274973249759,391.80095380137703,1231735.7580839403,279.999999989397,6.416459280654079,true,REGION-4-MIXTURE,SaturatedMixture,270.41057386994373,5.5382678699752335,0.036630469885910386,-0.8781914106788458
background-reference,18000,180,feedwater-inventory,SubcooledLiquid,,989.156275038217,198947.6523921664,47.37848866480158,0.01748489921765343,true,REGION-1,SubcooledLiquid,47.52114057808484,0.12181746458032389,,0.10433256536267045
background-reference,24000,240,suction,SubcooledLiquid,,750.4377202844439,1175958.0000025511,280.00000000060743,6.416459284896833,true,REGION-4-MIXTURE,SaturatedMixture,269.34476251006106,5.446657821393141,0.0009044047982072967,-0.9698014635036918
background-reference,24000,240,pressure,SubcooledLiquid,,750.3222372682667,1176622.8592783234,280.1582998281723,6.916459284313931,true,REGION-4-MIXTURE,SaturatedMixture,269.4799217283727,5.4582106824633945,0.0009015025208314689,-1.4582486018505367
background-reference,24000,240,outlet,SaturatedMixture,0.21514191219961595,137.52501594702187,1467078.0880587266,282.54532551462273,6.666459282132472,true,REGION-4-MIXTURE,SaturatedMixture,275.1843705892562,5.963117169729576,0.18990745707138953,-0.703342112402896
background-reference,24000,240,drum,SaturatedMixture,0.04232274973504648,391.8009537901003,1231735.758087513,279.999999989397,6.416459280654079,true,REGION-4-MIXTURE,SaturatedMixture,270.41057386994373,5.5382678699752335,0.03663046988806629,-0.8781914106788458
background-reference,24000,240,feedwater-inventory,SubcooledLiquid,,989.1562750385899,198947.65238856038,47.37848866394302,0.017484899216694806,true,REGION-1,SubcooledLiquid,47.52114057735906,0.12181746457992443,,0.10433256536322963
background-reference,30000,300,suction,SubcooledLiquid,,750.4377202844439,1175958.0000043039,280.0000000010248,6.416459287105172,true,REGION-4-MIXTURE,SaturatedMixture,269.34476251006106,5.446657821393141,0.0009044047982072967,-0.9698014657120311
background-reference,30000,300,pressure,SubcooledLiquid,,750.3222372675948,1176622.8592804673,280.15829982868274,6.916459285049803,true,REGION-4-MIXTURE,SaturatedMixture,269.4799217283727,5.4582106824633945,0.0009015025208659237,-1.4582486025864085
background-reference,30000,300,outlet,SaturatedMixture,0.21514191202611882,137.52501607805118,1467078.0877334338,282.5453255359756,6.6664592842604415,true,REGION-4-MIXTURE,SaturatedMixture,275.18437056839457,5.963117167820244,0.18990745678322932,-0.7033421164401972
background-reference,30000,300,drum,SaturatedMixture,0.042322749738686515,391.8009537739962,1231735.758092344,279.999999989397,6.416459280654079,true,REGION-4-MIXTURE,SaturatedMixture,270.41057386994373,5.5382678699752335,0.0366304698911451,-0.8781914106788458
background-reference,30000,300,feedwater-inventory,SubcooledLiquid,,989.1562750389587,198947.6523841551,47.37848866289414,0.01748489902218667,true,REGION-1,SubcooledLiquid,47.521140576642495,0.12181746457953008,,0.10433256555734341
background-reference,36000,360,suction,SubcooledLiquid,,750.4377202844439,1175958.000006334,280.00000000150806,6.416459289663786,true,REGION-4-MIXTURE,SaturatedMixture,269.34476251006106,5.446657821393141,0.0009044047982072967,-0.9698014682706448
background-reference,36000,360,pressure,SubcooledLiquid,,750.3222372667026,1176622.8592833348,280.15829982936555,6.916459286053421,true,REGION-4-MIXTURE,SaturatedMixture,269.4799217283727,5.4582106824633945,0.0009015025209116863,-1.4582486035900262
background-reference,36000,360,outlet,SaturatedMixture,0.21514191175126693,137.5250162213506,1467078.0873767186,282.5453255359756,6.6664592842604415,true,REGION-4-MIXTURE,SaturatedMixture,275.18437056839457,5.963117167820244,0.18990745654153707,-0.7033421164401972
background-reference,36000,360,drum,SaturatedMixture,0.042322749743897846,391.8009537509404,1231735.75809811,279.999999989397,6.416459280654079,true,REGION-4-MIXTURE,SaturatedMixture,270.41057386994373,5.5382678699752335,0.036630469895552936,-0.8781914106788458
background-reference,36000,360,feedwater-inventory,SubcooledLiquid,,989.1562750394272,198947.65237879797,47.37848866161863,0.017484898830485443,true,REGION-1,SubcooledLiquid,47.521140575730726,0.12181746457902826,,0.10433256574854281
background-reference,42000,420,suction,SubcooledLiquid,,750.4377202844439,1175958.000008458,280.00000000201385,6.416459292340392,true,REGION-4-MIXTURE,SaturatedMixture,269.34476251006106,5.446657821393141,0.0009044047982072967,-0.9698014709472504
background-reference,42000,420,pressure,SubcooledLiquid,,750.3222372660342,1176622.859286598,280.1582998301425,6.916459288212195,true,REGION-4-MIXTURE,SaturatedMixture,269.4799217283727,5.4582106824633945,0.0009015025209459658,-1.4582486057488007
background-reference,42000,420,outlet,SaturatedMixture,0.21514191145568048,137.5250163754604,1467078.0870238196,282.5453255359756,6.6664592842604415,true,REGION-4-MIXTURE,SaturatedMixture,275.18437056839457,5.963117167820244,0.18990745628161176,-0.7033421164401972
background-reference,42000,420,drum,SaturatedMixture,0.042322749776183395,391.80095372714527,1231735.7581087076,280.0000000321028,6.4164592847876225,true,REGION-4-MIXTURE,SaturatedMixture,270.41057386994373,5.5382678699752335,0.03663046990010211,-0.878191414812389
background-reference,42000,420,feedwater-inventory,SubcooledLiquid,,989.1562750398986,198947.6523724118,47.37848866009807,0.017484898407590363,true,REGION-1,SubcooledLiquid,47.52114057481543,0.12181746457852446,,0.1043325661709341
background-reference,48000,480,suction,SubcooledLiquid,,750.4377202844439,1175958.0000112478,280.0000000026781,6.4164592958573765,true,REGION-4-MIXTURE,SaturatedMixture,269.34476251006106,5.446657821393141,0.0009044047982072967,-0.9698014744642354
background-reference,48000,480,pressure,SubcooledLiquid,,750.3222372647476,1176622.85929053,280.1582998310786,6.916459289402581,true,REGION-4-MIXTURE,SaturatedMixture,269.4799217283727,5.4582106824633945,0.0009015025210119517,-1.4582486069391862
background-reference,48000,480,outlet,SaturatedMixture,0.21514191117723236,137.52501656120805,1467078.0865620906,282.5453255573285,6.666459286388433,true,REGION-4-MIXTURE,SaturatedMixture,275.18437056839457,5.963117167820244,0.18990745596832528,-0.7033421185681883
background-reference,48000,480,drum,SaturatedMixture,0.04232274978377275,391.80095369356866,1231735.7581183608,280.0000000321028,6.4164592847876225,true,REGION-4-MIXTURE,SaturatedMixture,270.41057386994373,5.5382678699752335,0.03663046990652133,-0.878191414812389
background-reference,48000,480,feedwater-inventory,SubcooledLiquid,,989.1562750405255,198947.65236496713,47.37848865832552,0.01748489808811899,true,REGION-1,SubcooledLiquid,47.5211405735958,0.1218174645778532,,0.10433256648973421
background-reference,54000,540,suction,SubcooledLiquid,,750.4377202844439,1175958.0000136367,280.0000000032469,6.416459298866863,true,REGION-4-MIXTURE,SaturatedMixture,269.34476251006106,5.446657821393141,0.0009044047982072967,-0.9698014774737223
background-reference,54000,540,pressure,SubcooledLiquid,,750.3222372631434,1176622.8592951607,280.1582998321811,6.9164592905441244,true,REGION-4-MIXTURE,SaturatedMixture,269.4799217283727,5.4582106824633945,0.000901502521094229,-1.45824860808073
background-reference,54000,540,outlet,SaturatedMixture,0.21514191072156535,137.52501679877895,1467078.0860801018,282.5453255573285,6.666459286388433,true,REGION-4-MIXTURE,SaturatedMixture,275.1843705892562,5.963117169729576,0.1899074556347955,-0.7033421166588569
background-reference,54000,540,drum,SaturatedMixture,0.042322749765699504,391.80095365448614,1231735.758126714,279.999999989397,6.416459280654079,true,REGION-4-MIXTURE,SaturatedMixture,270.41057386994373,5.5382678699752335,0.036630469913993186,-0.8781914106788458
background-reference,54000,540,feedwater-inventory,SubcooledLiquid,,989.1562750412459,198947.65235642844,47.37848865629252,0.01748489772356308,true,REGION-1,SubcooledLiquid,47.52114057219461,0.12181746457708201,,0.10433256685351892
background-reference,60000,600,suction,SubcooledLiquid,,750.4377202844439,1175958.0000168593,280.00000000401417,6.416459302929708,true,REGION-4-MIXTURE,SaturatedMixture,269.34476251006106,5.446657821393141,0.0009044047982072967,-0.9698014815365665
background-reference,60000,600,pressure,SubcooledLiquid,,750.3222372619197,1176622.859299193,280.1582998331412,6.916459292045066,true,REGION-4-MIXTURE,SaturatedMixture,269.4799217283727,5.4582106824633945,0.0009015025211569903,-1.4582486095816716
background-reference,60000,600,outlet,SaturatedMixture,0.21514191032516958,137.52501704602088,1467078.085644818,282.5453255786814,6.666459288516391,true,REGION-4-MIXTURE,SaturatedMixture,275.1843705892562,5.963117169729576,0.18990745521779132,-0.7033421187868152
background-reference,60000,600,drum,SaturatedMixture,0.04232274977822259,391.8009535990819,1231735.7581452471,279.999999989397,6.416459280654079,true,REGION-4-MIXTURE,SaturatedMixture,270.41057386994373,5.5382678699752335,0.036630469924585435,-0.8781914106788458
background-reference,60000,600,feedwater-inventory,SubcooledLiquid,,989.1562750420038,198947.6523467156,47.37848865397996,0.017484897172736352,true,REGION-1,SubcooledLiquid,47.521140570721,0.12181746457627096,,0.10433256740353461
exact-v9-5-to-6mwe,2784,0,suction,SubcooledLiquid,,750.4377202844439,1176108.9339515655,280.0359366551347,6.606720344301578,true,REGION-4-MIXTURE,SaturatedMixture,269.3758408248424,5.449312614917401,0.000902381271361201,-1.1574077293841762
exact-v9-5-to-6mwe,2784,0,pressure,SubcooledLiquid,,750.3504211189918,1176643.2187331282,280.1631473174115,7.024817803136839,true,REGION-4-MIXTURE,SaturatedMixture,269.4845352351666,5.458605356238655,0.0008997551380735252,-1.5662124468981844
exact-v9-5-to-6mwe,2784,0,outlet,SaturatedMixture,0.22196450476582338,135.32033135566343,1477947.7206096025,283.2202516404262,6.733980762867575,true,REGION-4-MIXTURE,SaturatedMixture,275.8487251222133,6.024158228030869,0.1958812351730021,-0.7098225348367064
exact-v9-5-to-6mwe,2784,0,drum,SaturatedMixture,0.042498732327632564,392.0373375848495,1233408.20185973,280.3637522496052,6.451740830313978,true,REGION-4-MIXTURE,SaturatedMixture,270.7234599530699,5.565383514941363,0.036759643123033474,-0.8863573153726145
exact-v9-5-to-6mwe,2784,0,feedwater-inventory,SubcooledLiquid,,989.1763979831719,198947.63668065626,47.3784849239658,0.06223721455000462,true,REGION-1,SubcooledLiquid,47.522770723017004,0.16968907902364633,,0.10745186447364172
exact-v9-5-to-6mwe,8784,60,suction,SaturatedMixture,7.644855657431446E-06,750.4377202844439,1175673.5997796948,279.9298860587363,6.409675670370342,true,REGION-4-MIXTURE,SaturatedMixture,269.286198878288,5.441657841867017,0.0009082089892899667,-0.9680178285033252
exact-v9-5-to-6mwe,8784,60,pressure,SubcooledLiquid,,750.2534052924536,1176762.2820330847,280.19149572216304,6.8906175260492875,true,REGION-4-MIXTURE,SaturatedMixture,269.5075922548773,5.4605781522424275,0.0009032234349990809,-1.43003937380686
exact-v9-5-to-6mwe,8784,60,outlet,SaturatedMixture,0.2573436046135478,117.95550669718666,1521117.4325349736,282.19039618659315,6.631159366699092,true,REGION-4-MIXTURE,SaturatedMixture,275.26000683307655,5.970042719140328,0.22868431485697216,-0.6611166475587638
exact-v9-5-to-6mwe,8784,60,drum,SaturatedMixture,0.041866197821345034,392.31354324220206,1228975.0773336815,279.4553924811538,6.363911669521464,true,REGION-4-MIXTURE,SaturatedMixture,269.93746799826624,5.497458813549572,0.03627074384046728,-0.8664528559718923
exact-v9-5-to-6mwe,8784,60,feedwater-inventory,SaturatedMixture,2.1702521852782368E-07,986.2734001736559,198936.5576213266,47.37572998953698,0.010829923702911224,true,REGION-4-MIXTURE,SaturatedMixture,47.514584347605705,0.010906180173376944,2.1513591917951847E-07,7.625647046572044E-05
exact-v9-5-to-6mwe,14784,120,suction,SaturatedMixture,0.00011554327368165275,750.4377202844439,1171554.5330948678,278.91513148348315,6.3121088107714165,true,REGION-4-MIXTURE,SaturatedMixture,268.43746053576467,5.369587904517404,0.0009620480858722721,-0.9425209062540123
exact-v9-5-to-6mwe,14784,120,pressure,SubcooledLiquid,,750.8163702158884,1175346.7031780253,279.8544531376251,6.7563578019832855,true,REGION-4-MIXTURE,SaturatedMixture,269.2245281159875,5.436396374605828,0.0008928844818294307,-1.3199614273774571
exact-v9-5-to-6mwe,14784,120,outlet,SaturatedMixture,0.25215684380876147,117.37005392186582,1510078.1548238776,280.64811110277185,6.4794247846235695,true,REGION-4-MIXTURE,SaturatedMixture,273.84035230278926,5.841073342563729,0.2245357760629698,-0.6383514420598404
exact-v9-5-to-6mwe,14784,120,drum,SaturatedMixture,0.03963084300491945,397.8491552274789,1219237.0142181108,277.74979727068,6.201467606851032,true,REGION-4-MIXTURE,SaturatedMixture,268.4353395342828,5.369408719353976,0.03444423683968542,-0.8320588874970554
exact-v9-5-to-6mwe,14784,120,feedwater-inventory,SaturatedMixture,1.5957235742262986E-06,968.3459774969293,198866.75028061855,47.358365502998424,0.01082041972081049,true,REGION-4-MIXTURE,SaturatedMixture,47.497136956453346,0.01089657309619546,1.6027856383916987E-06,7.615337538496858E-05
exact-v9-5-to-6mwe,20784,180,suction,SaturatedMixture,0.00019484461844720513,750.4377202844439,1168393.8662971437,278.1373908959887,6.238101455326782,true,REGION-4-MIXTURE,SaturatedMixture,267.78551645874984,5.314725369421499,0.001001791617465924,-0.9233760859052831
exact-v9-5-to-6mwe,20784,180,pressure,SubcooledLiquid,,752.0175681523324,1172510.033506568,279.17905559680196,6.713792082033039,true,REGION-4-MIXTURE,SaturatedMixture,268.6578054487708,5.3882278416122125,0.0008686230330322349,-1.3255642404208263
exact-v9-5-to-6mwe,20784,180,outlet,SaturatedMixture,0.25538192065746995,115.65833927090584,1513558.4191983617,280.37297973379486,6.45263775766061,true,REGION-4-MIXTURE,SaturatedMixture,273.6215528190136,5.821387152991723,0.22761378261997248,-0.631250604668887
exact-v9-5-to-6mwe,20784,180,drum,SaturatedMixture,0.039050121107940365,400.2925708018411,1217991.5196789636,277.63107041562455,6.190278942601253,true,REGION-4-MIXTURE,SaturatedMixture,268.32134410142896,5.359784941479276,0.03395045495361322,-0.830494001121977
exact-v9-5-to-6mwe,20784,180,feedwater-inventory,SaturatedMixture,2.507599400111691E-06,956.8054044437907,198737.0290227047,47.3269875523589,0.010803264019325423,true,REGION-4-MIXTURE,SaturatedMixture,47.46560525596135,0.01087922919921552,2.5205747065400563E-06,7.596517989009663E-05
exact-v9-5-to-6mwe,26784,240,suction,SaturatedMixture,0.00022667932153571188,750.4377202844439,1167090.8854191045,277.8169922793751,6.20780681641028,true,REGION-4-MIXTURE,SaturatedMixture,267.5165805220603,5.292218956694819,0.0010177871326755921,-0.9155878597154619
exact-v9-5-to-6mwe,26784,240,pressure,SubcooledLiquid,,753.0163120359574,1170160.2923021785,278.6195934052806,6.701585713925193,true,REGION-4-MIXTURE,SaturatedMixture,268.18782694339745,5.348529845081322,0.000848616322960396,-1.353055868843871
exact-v9-5-to-6mwe,26784,240,outlet,SaturatedMixture,0.2576835094016536,114.72395425532193,1516488.295975861,280.3370606142238,6.44914689351528,true,REGION-4-MIXTURE,SaturatedMixture,273.6084401816131,5.820208972163369,0.22974826723444455,-0.6289379213519108
exact-v9-5-to-6mwe,26784,240,drum,SaturatedMixture,0.03908878505153308,400.284220187779,1218296.5493331729,277.69474219609526,6.196277369836619,true,REGION-4-MIXTURE,SaturatedMixture,268.3765215992928,5.364441516840209,0.03398037809656801,-0.8318358529964103
exact-v9-5-to-6mwe,26784,240,feedwater-inventory,SaturatedMixture,3.159264805874484E-06,948.6784172342234,198568.41440392888,47.28648958132828,0.010781156549652313,true,REGION-4-MIXTURE,SaturatedMixture,47.42490748912098,0.010856878601495297,3.1764548628204034E-06,7.572205184298332E-05
exact-v9-5-to-6mwe,32784,300,suction,SaturatedMixture,0.00023406387352894214,750.4377202844439,1166785.7260995673,277.7419733124972,6.200729812283656,true,REGION-4-MIXTURE,SaturatedMixture,267.45358095765107,5.286957257032961,0.001021500856893961,-0.913772555250695
exact-v9-5-to-6mwe,32784,300,pressure,SubcooledLiquid,,753.6229874676202,1168737.0851233306,278.28073455317406,6.704570077886365,true,REGION-4-MIXTURE,SaturatedMixture,267.90293265581147,5.324574454639616,0.0008365347013581999,-1.3799956232467494
exact-v9-5-to-6mwe,32784,300,outlet,SaturatedMixture,0.2587484425936893,114.45453726683763,1518106.4895017848,280.4162111533992,6.456841194472194,true,REGION-4-MIXTURE,SaturatedMixture,273.68795581161976,5.827356310544289,0.23069780958403946,-0.6294848839279048
exact-v9-5-to-6mwe,32784,300,drum,SaturatedMixture,0.03927407756151969,399.77217635616427,1219080.59327937,277.82974051485314,6.2090100493334655,true,REGION-4-MIXTURE,SaturatedMixture,268.495750629902,5.37451412029269,0.034132733862728346,-0.8344959290407754
exact-v9-5-to-6mwe,32784,300,feedwater-inventory,SaturatedMixture,3.6931858079972377E-06,942.0811543418462,198386.81041663824,47.2429623813764,0.010757438799553102,true,REGION-4-MIXTURE,SaturatedMixture,47.38116506189107,0.010832899915982661,3.713817922534957E-06,7.546111642955933E-05
exact-v9-5-to-6mwe,38784,360,suction,SaturatedMixture,0.00022832276961748645,750.4377202844439,1167023.0676120264,277.8003196374185,6.206233449961339,true,REGION-4-MIXTURE,SaturatedMixture,267.50258015990255,5.291049306341158,0.0010186135204932804,-0.9151841436201815
exact-v9-5-to-6mwe,38784,360,pressure,SubcooledLiquid,,753.8934668683831,1168109.2885837676,278.1312591866114,6.715504332442043,true,REGION-4-MIXTURE,SaturatedMixture,267.7772412359715,5.314031753785513,0.000831091383927257,-1.4014725786565299
exact-v9-5-to-6mwe,38784,360,outlet,SaturatedMixture,0.2592545217770513,114.49277253693417,1519149.0292460008,280.5539931854536,6.47025184386126,true,REGION-4-MIXTURE,SaturatedMixture,273.8153027057647,5.838816965987687,0.23110873263167547,-0.6314348778735734
exact-v9-5-to-6mwe,38784,360,drum,SaturatedMixture,0.03954197229242518,398.97037646270394,1220114.9717842068,278.00012810236274,6.225109061351915,true,REGION-4-MIXTURE,SaturatedMixture,268.64694446921374,5.3873079079899195,0.03435419882027748,-0.8378011533619958
exact-v9-5-to-6mwe,38784,360,feedwater-inventory,SaturatedMixture,4.140813303551106E-06,936.5903400907267,198214.53806249882,47.20170352116702,0.010734998455433072,true,REGION-4-MIXTURE,SaturatedMixture,47.339702007174424,0.010810212751176797,4.164322187595139E-06,7.521429574372518E-05
exact-v9-5-to-6mwe,44784,420,suction,SaturatedMixture,0.000215457608790746,750.4377202844439,1167552.4966286966,277.9304860942251,6.218525113536924,true,REGION-4-MIXTURE,SaturatedMixture,267.61186883449557,5.300184997454784,0.0010121460685883431,-0.9183401160821401
exact-v9-5-to-6mwe,44784,420,pressure,SubcooledLiquid,,753.9243380385176,1168048.782594607,278.116852998716,6.730616245497043,true,REGION-4-MIXTURE,SaturatedMixture,267.76519510746004,5.313022190553194,0.0008303266200798215,-1.4175940549438488
exact-v9-5-to-6mwe,44784,420,outlet,SaturatedMixture,0.2595137306668217,114.6733411740664,1519948.2226162634,280.7217914351005,6.4866127621990115,true,REGION-4-MIXTURE,SaturatedMixture,273.96743665337556,5.852530896965095,0.23127986056507,-0.6340818652339166
exact-v9-5-to-6mwe,44784,420,drum,SaturatedMixture,0.03985557431935832,398.0087687685338,1221276.1512859405,278.1872692166081,6.242827735040087,true,REGION-4-MIXTURE,SaturatedMixture,268.8133836925032,5.401418612951234,0.03461393489815718,-0.8414091220888524
exact-v9-5-to-6mwe,44784,420,feedwater-inventory,SaturatedMixture,4.52869053143181E-06,931.8681652159048,198067.8409653116,47.16656624864447,0.010715919313650724,true,REGION-4-MIXTURE,SaturatedMixture,47.30439080595971,0.010790923865630127,4.5546867515225665E-06,7.50045519794032E-05
exact-v9-5-to-6mwe,50784,480,suction,SaturatedMixture,0.000198687265747574,750.4377202844439,1168237.6567976691,278.0989726759027,6.234462954327874,true,REGION-4-MIXTURE,SaturatedMixture,267.7532800316808,5.312023754688277,0.0010037211418976318,-0.9224391996395971
exact-v9-5-to-6mwe,50784,480,pressure,SubcooledLiquid,,753.798834488219,1168358.3915772205,278.19056942314785,6.748122789874254,true,REGION-4-MIXTURE,SaturatedMixture,267.82730354666717,5.318228950815844,0.000832610772089108,-1.4298938390584102
exact-v9-5-to-6mwe,50784,480,outlet,SaturatedMixture,0.25967522034050056,114.92127677358451,1520668.5613999434,280.9079698325719,6.504802770698273,true,REGION-4-MIXTURE,SaturatedMixture,274.1351564466953,5.867678282042666,0.2313532627344529,-0.6371244886556067
exact-v9-5-to-6mwe,50784,480,drum,SaturatedMixture,0.040198283465392226,396.95593845972326,1222521.8606941018,278.38613273038993,6.261698475302319,true,REGION-4-MIXTURE,SaturatedMixture,268.9904044747353,5.416457373256479,0.03489787790235481,-0.8452411020458399
exact-v9-5-to-6mwe,50784,480,feedwater-inventory,SaturatedMixture,4.8752846365774566E-06,927.6869365616325,197956.9368833026,47.13997340244714,0.010701499074637228,true,REGION-4-MIXTURE,SaturatedMixture,47.27766643762595,0.010776345236494038,4.903501824272255E-06,7.484616185680915E-05
exact-v9-5-to-6mwe,56784,540,suction,SaturatedMixture,0.00017908196628402807,750.4377202844439,1169031.6227385025,278.29426039062434,6.252975034842899,true,REGION-4-MIXTURE,SaturatedMixture,267.9171129286291,5.325764864415422,0.000993880223736067,-0.9272101704274771
exact-v9-5-to-6mwe,56784,540,pressure,SubcooledLiquid,,753.5733282768175,1168904.5378300983,278.3206042452615,6.7674431921715845,true,REGION-4-MIXTURE,SaturatedMixture,267.93677989244463,5.327416208943265,0.0008368562369661239,-1.4400269832283197
exact-v9-5-to-6mwe,56784,540,outlet,SaturatedMixture,0.2598654342312499,115.18310818353564,1521465.7302036232,281.10873644477,6.524461711924595,true,REGION-4-MIXTURE,SaturatedMixture,274.3160987555981,5.884053386862921,0.23144688595782345,-0.6404083250616743
exact-v9-5-to-6mwe,56784,540,drum,SaturatedMixture,0.0405761368234575,395.78592932079175,1223857.9178869089,278.5962120675482,6.281680800713326,true,REGION-4-MIXTURE,SaturatedMixture,269.1776982307432,5.43240365851685,0.0352112038679234,-0.8492771421964758
exact-v9-5-to-6mwe,56784,540,feedwater-inventory,SaturatedMixture,5.1864827195393126E-06,923.9734377270745,197886.8662952403,47.12312194598218,0.01069236983547239,true,REGION-4-MIXTURE,SaturatedMixture,47.260731856524956,0.010767115875810392,5.216695574315027E-06,7.474604033800257E-05
exact-v9-5-to-6mwe,62784,600,suction,SaturatedMixture,0.0001584451696140077,750.4377202844439,1169859.3480185382,278.49790340905076,6.272323825612586,true,REGION-4-MIXTURE,SaturatedMixture,268.08787213563915,5.340115774031272,0.0009835311402743585,-0.9322080515813145
exact-v9-5-to-6mwe,62784,600,pressure,SubcooledLiquid,,753.2856090826094,1169596.2733087316,278.48530316874565,6.786634101023659,true,REGION-4-MIXTURE,SaturatedMixture,268.0753684282305,5.33906393925502,0.0008423568271336936,-1.4475701617686392
exact-v9-5-to-6mwe,62784,600,outlet,SaturatedMixture,0.25994205602255493,115.47745380326171,1522095.847621741,281.3031036573976,6.543537232833911,true,REGION-4-MIXTURE,SaturatedMixture,274.4903302550314,5.899854121915706,0.2314382016979415,-0.6436831109182046
exact-v9-5-to-6mwe,62784,600,drum,SaturatedMixture,0.040943402605917036,394.65169233329823,1225136.8532969425,278.7956744447165,6.300698294886417,true,REGION-4-MIXTURE,SaturatedMixture,269.35565841197956,5.447588466292596,0.035515781309136615,-0.853109828593821
exact-v9-5-to-6mwe,62784,600,feedwater-inventory,SaturatedMixture,5.483353540457635E-06,920.4775768417633,197858.5526892907,47.11622039563957,0.010688632867842057,true,REGION-4-MIXTURE,SaturatedMixture,47.25379668027165,0.010763338159542174,5.515474764911145E-06,7.470529170011675E-05
exact-v9-5-to-6mwe,68784,660,suction,SaturatedMixture,0.00013755993216650757,750.4377202844439,1170688.841859045,278.70203485367335,6.29176487630103,true,REGION-4-MIXTURE,SaturatedMixture,268.258955323696,5.354523505773277,0.0009730675325700006,-0.9372413705277527
exact-v9-5-to-6mwe,68784,660,pressure,SubcooledLiquid,,752.9661733713803,1170361.5676584523,278.6675161091554,6.805696807117915,true,REGION-4-MIXTURE,SaturatedMixture,268.22862460613226,5.351967049157837,0.0008485225363890691,-1.4537297579600779
exact-v9-5-to-6mwe,68784,660,outlet,SaturatedMixture,0.26001823855015666,115.7680939821337,1522717.6477121352,281.49480036979537,6.562392365144561,true,REGION-4-MIXTURE,SaturatedMixture,274.66211806535716,5.915464940975604,0.23142992277315888,-0.6469274241689567
exact-v9-5-to-6mwe,68784,660,drum,SaturatedMixture,0.041306952923868455,393.53822755848023,1226393.2509243388,278.9909156101196,6.3193558746383856,true,REGION-4-MIXTURE,SaturatedMixture,269.5298897445201,5.46248647937816,0.03581717962476893,-0.856869395260226
exact-v9-5-to-6mwe,68784,660,feedwater-inventory,SaturatedMixture,5.768385596472674E-06,917.1696165276664,197869.92179851493,47.118773529663486,0.01069001517702829,true,REGION-4-MIXTURE,SaturatedMixture,47.25636326000097,0.010764736089308044,5.8023453262868475E-06,7.472091227975382E-05
exact-v9-5-to-6mwe,74784,720,suction,SaturatedMixture,0.00011671971499102411,750.4377202844439,1171508.4992371977,278.90379843269477,6.311025602659709,true,REGION-4-MIXTURE,SaturatedMixture,268.4279694974422,5.368786123859572,0.0009626366151255175,-0.9422394788001363
exact-v9-5-to-6mwe,74784,720,pressure,SubcooledLiquid,,752.633058067509,1171157.7632127984,278.85708647923775,6.824479667621133,true,REGION-4-MIXTURE,SaturatedMixture,268.3879977881908,5.3654104108034435,0.0008550035030612451,-1.4590692568176893
exact-v9-5-to-6mwe,74784,720,outlet,SaturatedMixture,0.26009891245904604,116.05152752384781,1523334.9608288226,281.68285735255574,6.580929796950164,true,REGION-4-MIXTURE,SaturatedMixture,274.83064057230956,5.930809657975048,0.231426994562788,-0.6501201389751161
exact-v9-5-to-6mwe,74784,720,drum,SaturatedMixture,0.041666211143485045,392.44558851766976,1227623.8141807732,279.18128669188366,6.337588659436008,true,REGION-4-MIXTURE,SaturatedMixture,269.69983050823214,5.4770475685006454,0.03611495197770573,-0.8605410909353628
exact-v9-5-to-6mwe,74784,720,feedwater-inventory,SaturatedMixture,6.045008158009625E-06,914.0078821874285,197916.92782863244,47.12981623441681,0.010695995649927268,true,REGION-4-MIXTURE,SaturatedMixture,47.26746165007364,0.01077078280538208,6.080759374465404E-06,7.478715545481199E-05
exact-v9-5-to-6mwe,80784,780,suction,SaturatedMixture,9.610132789409566E-05,750.4377202844439,1172311.6824977074,279.10155795892706,6.329947759751767,true,REGION-4-MIXTURE,SaturatedMixture,268.59354792833335,5.382786922488396,0.0009523267159962462,-0.9471608372633709
exact-v9-5-to-6mwe,80784,780,pressure,SubcooledLiquid,,752.2964960332257,1171960.6603802382,279.0482524714854,6.842818703082691,true,REGION-4-MIXTURE,SaturatedMixture,268.5486411511898,5.378986992671804,0.000861599623052612,-1.4638317104108873
exact-v9-5-to-6mwe,80784,780,outlet,SaturatedMixture,0.26017558668883034,116.32805699372716,1523932.0441610173,281.8655645801688,6.598978169456726,true,REGION-4-MIXTURE,SaturatedMixture,274.9943043649197,5.945741039133511,0.23142232118333478,-0.6532371303232152
exact-v9-5-to-6mwe,80784,780,drum,SaturatedMixture,0.04201933406386771,391.3794771173819,1228823.667419796,279.36616068350156,6.355333385762487,true,REGION-4-MIXTURE,SaturatedMixture,269.86491042971613,5.491220523864266,0.036407564205610275,-0.8641128618982208
exact-v9-5-to-6mwe,80784,780,feedwater-inventory,SaturatedMixture,6.315898756720964E-06,910.9588728153351,197994.3852597716,47.148112390615324,0.010705910751387365,true,REGION-4-MIXTURE,SaturatedMixture,47.28584959805005,0.010780807500867904,6.353411934413006E-06,7.489674948053977E-05
exact-v9-5-to-6mwe,86784,840,suction,SaturatedMixture,7.581773121380622E-05,750.4377202844439,1173094.453002547,279.2943406370283,6.348435394437686,true,REGION-4-MIXTURE,SaturatedMixture,268.75488118529313,5.396455562230628,0.0009421939615095652,-0.9519798322070585
exact-v9-5-to-6mwe,86784,840,pressure,SubcooledLiquid,,751.9623697278914,1172756.4336942958,279.23772230816564,6.860654674116002,true,REGION-4-MIXTURE,SaturatedMixture,268.70778965353986,5.392463089971425,0.0008681932656547052,-1.4681915841445772
exact-v9-5-to-6mwe,86784,840,outlet,SaturatedMixture,0.26024912839844777,116.5965959823189,1524508.9098369898,282.04249392702275,6.616491799534261,true,REGION-4-MIXTURE,SaturatedMixture,275.1527390658854,5.960222683927252,0.23141690010609517,-0.6562691156070093
exact-v9-5-to-6mwe,86784,840,drum,SaturatedMixture,0.042364914304079966,390.3445893257969,1229990.1856357888,279.5453303337423,6.372566775137709,true,REGION-4-MIXTURE,SaturatedMixture,270.02492635846113,5.50498542077835,0.03669383447269851,-0.8675813543593582
exact-v9-5-to-6mwe,86784,840,feedwater-inventory,SaturatedMixture,6.582782738259282E-06,907.9996335947033,198096.62055418588,47.172310253030105,0.010719036249543715,true,REGION-4-MIXTURE,SaturatedMixture,47.31016860008242,0.010794077984110315,6.6220392982588265E-06,7.50417345665999E-05
exact-v9-5-to-6mwe,92784,900,suction,SaturatedMixture,5.580079638529683E-05,750.4377202844439,1173859.906016265,279.48290544581585,6.366558406485629,true,REGION-4-MIXTURE,SaturatedMixture,268.91260992884634,5.409844422746818,0.0009322039036155855,-0.956713983738811
exact-v9-5-to-6mwe,92784,900,pressure,SubcooledLiquid,,751.6338220764135,1173538.0366869713,279.4238182588027,6.878321597583757,true,REGION-4-MIXTURE,SaturatedMixture,268.8640391409398,5.405718774474441,0.0008747158221898253,-1.472602823109316
exact-v9-5-to-6mwe,92784,900,outlet,SaturatedMixture,0.26034376579546714,116.8558398363298,1525110.0171860957,282.2183581486021,6.633935163074834,true,REGION-4-MIXTURE,SaturatedMixture,275.3103550732136,5.974656203823785,0.23143107905029692,-0.6592789592510488
exact-v9-5-to-6mwe,92784,900,drum,SaturatedMixture,0.04270902494594504,389.32600715309866,1231149.5619913572,279.7233722093048,6.3897270204992065,true,REGION-4-MIXTURE,SaturatedMixture,270.18390763401965,5.5186873898978055,0.0369787179253488,-0.871039630601401
exact-v9-5-to-6mwe,92784,900,feedwater-inventory,SaturatedMixture,6.844864867959106E-06,905.1353760332156,198217.95863484542,47.201059015960254,0.010734648233806978,true,REGION-4-MIXTURE,SaturatedMixture,47.339061117172264,0.010809862398688596,6.885840623009597E-06,7.521416488161757E-05
exact-v9-5-to-6mwe,98784,960,suction,SaturatedMixture,3.6075326148204346E-05,750.4377202844439,1174607.5147539284,279.6671197337306,6.384301418036535,true,REGION-4-MIXTURE,SaturatedMixture,269.0666279315948,5.422942757787902,0.0009223685577617101,-0.9613586602486333
exact-v9-5-to-6mwe,98784,960,pressure,SubcooledLiquid,,751.3109331524558,1174304.970068827,279.60642144495887,6.895363808289645,true,REGION-4-MIXTURE,SaturatedMixture,269.0172909379006,5.418744300386585,0.0008811686258817958,-1.4766195079030595
exact-v9-5-to-6mwe,98784,960,outlet,SaturatedMixture,0.2604157688022404,117.11088731700265,1525659.8228704887,282.3863567951995,6.650631156479875,true,REGION-4-MIXTURE,SaturatedMixture,275.46072360575204,5.988450904262886,0.23142747359107105,-0.6621802522169888
exact-v9-5-to-6mwe,98784,960,drum,SaturatedMixture,0.04304330668032944,388.33960173111313,1232262.2826210745,279.89308397758316,6.4061172159297515,true,REGION-4-MIXTURE,SaturatedMixture,270.3355482459067,5.531780945588854,0.037255479598444954,-0.8743362703408977
exact-v9-5-to-6mwe,98784,960,feedwater-inventory,SaturatedMixture,7.104421036899722E-06,902.3363391593764,198353.05390178892,47.23308469075596,0.01075206274135073,true,REGION-4-MIXTURE,SaturatedMixture,47.37124681919806,0.010827469274392744,7.147105814978754E-06,7.540653304201339E-05
exact-v9-5-to-6mwe,104784,1020,suction,SaturatedMixture,1.69267656050852E-05,750.4377202844439,1175327.0151634056,279.8444505503504,6.401417083593089,true,REGION-4-MIXTURE,SaturatedMixture,269.2148237466812,5.43556879606626,0.0009128296651076298,-0.9658482875268293
exact-v9-5-to-6mwe,104784,1020,pressure,SubcooledLiquid,,750.9960342110566,1175051.8558579679,279.7842513947543,6.911780935479099,true,REGION-4-MIXTURE,SaturatedMixture,269.16647517681133,5.431447113618504,0.0008875015129017395,-1.4803338218605946
exact-v9-5-to-6mwe,104784,1020,outlet,SaturatedMixture,0.26047230090634804,117.36120978374868,1526171.3429093214,282.5478076609364,6.666706651322933,true,REGION-4-MIXTURE,SaturatedMixture,275.6050840735436,6.001717297026261,0.23141215946755217,-0.6649893542966723
exact-v9-5-to-6mwe,104784,1020,drum,SaturatedMixture,0.043364565606308164,387.4002349144947,1233327.4601418215,280.0552849919908,6.421812038924332,true,REGION-4-MIXTURE,SaturatedMixture,270.48048021793363,5.544317393203595,0.0375213485017539,-0.8774946457207369
exact-v9-5-to-6mwe,104784,1020,feedwater-inventory,SaturatedMixture,7.363160887876948E-06,899.5796724748521,198497.1171077442,47.267246055751514,0.01077066531572528,true,REGION-4-MIXTURE,SaturatedMixture,47.405578786134754,0.01084627739350248,7.4075547949395155E-06,7.561207777720055E-05
exact-v9-5-to-6mwe,110784,1080,suction,SubcooledLiquid,,750.4377202844439,1176013.6694577928,280.01325463280784,6.486624808977585,true,REGION-4-MIXTURE,SaturatedMixture,269.35622538924224,5.447636896492387,0.000903658825987358,-1.0389879124851982
exact-v9-5-to-6mwe,110784,1080,pressure,SubcooledLiquid,,750.6980697983397,1175777.7095714943,279.9570737074987,6.952463912592438,true,REGION-4-MIXTURE,SaturatedMixture,269.3115269780159,5.4438198454297755,0.0008932603238042413,-1.5086440671626624
exact-v9-5-to-6mwe,110784,1080,outlet,SaturatedMixture,0.2580829601900358,118.58946921978443,1523561.0829628927,282.73289069742907,6.68517168042234,true,REGION-4-MIXTURE,SaturatedMixture,275.7495581537486,6.0150165852960455,0.2291393979467038,-0.6701550951262947
exact-v9-5-to-6mwe,110784,1080,drum,SaturatedMixture,0.04384948716068182,385.6802953604484,1234479.55695294,280.18511390218043,6.434395633795146,true,REGION-4-MIXTURE,SaturatedMixture,270.60145553350435,5.554798218168749,0.0379295933577601,-0.8795974156263968
exact-v9-5-to-6mwe,110784,1080,feedwater-inventory,SaturatedMixture,7.630842072250902E-06,896.7547995158757,198646.05858070753,47.30256410724951,0.010789926829027735,true,REGION-4-MIXTURE,SaturatedMixture,47.44107317328451,0.010865751823740721,7.67700764817132E-06,7.582499471298597E-05
exact-v9-5-to-6mwe,116784,1140,suction,SubcooledLiquid,,750.4377202844439,1176085.518533568,280.0303615556114,6.577198731451028,true,REGION-4-MIXTURE,SaturatedMixture,269.3710194945336,5.448900699133983,0.0009026954062697059,-1.128298032317045
exact-v9-5-to-6mwe,116784,1140,pressure,SubcooledLiquid,,750.4661398723016,1176353.0706939,280.0940644509286,6.997968146775878,true,REGION-4-MIXTURE,SaturatedMixture,269.4265326142312,5.453644964372609,0.0008976179247981005,-1.5443231824032688
exact-v9-5-to-6mwe,116784,1140,outlet,SaturatedMixture,0.24125195078940784,125.87924993901754,1502289.1446729554,282.96302279764325,6.708185551202427,true,REGION-4-MIXTURE,SaturatedMixture,275.8048092722893,6.0201085661169715,0.2136080753250367,-0.6880769850854556
exact-v9-5-to-6mwe,116784,1140,drum,SaturatedMixture,0.043814762934565925,385.51386869572735,1233990.0781266894,280.07285116733044,6.423513530230919,true,REGION-4-MIXTURE,SaturatedMixture,270.50527734756463,5.54646448755082,0.03790683792601092,-0.877049042680099
exact-v9-5-to-6mwe,116784,1140,feedwater-inventory,SaturatedMixture,8.371451343565297E-06,888.8353789591962,198797.05549408018,47.33811645876267,0.010809346004261644,true,REGION-4-MIXTURE,SaturatedMixture,47.476804162561905,0.010885386399457025,8.422460058228179E-06,7.604039519538107E-05
exact-v9-5-to-6mwe,122784,1200,suction,SubcooledLiquid,,750.4377202844439,1176152.410823164,280.04628829122964,6.661539949276517,true,REGION-4-MIXTURE,SaturatedMixture,269.38479275703435,5.450077496381163,0.0009017977962849385,-1.2114624528953541
exact-v9-5-to-6mwe,122784,1200,pressure,SubcooledLiquid,,750.3407576538073,1176680.8470827497,280.1721064482738,7.043985031956815,true,REGION-4-MIXTURE,SaturatedMixture,269.4921368777751,5.4592557049658925,0.0008997531618703611,-1.5847293269909226
exact-v9-5-to-6mwe,122784,1200,outlet,SaturatedMixture,0.2322450009981426,130.39976245563605,1491340.777632834,283.23160158135727,6.735120691416085,true,REGION-4-MIXTURE,SaturatedMixture,275.95865174531946,6.034304135780119,0.20526297604318353,-0.7008165556359653
exact-v9-5-to-6mwe,122784,1200,drum,SaturatedMixture,0.04376100067571452,385.93566110401065,1234189.4122039056,280.1411935099587,6.4301365682872875,true,REGION-4-MIXTURE,SaturatedMixture,270.5621895730495,5.551394713261203,0.03785637800639095,-0.8787418550260844
exact-v9-5-to-6mwe,122784,1200,feedwater-inventory,SaturatedMixture,8.987173043899707E-06,882.4026367661199,198948.20669904974,47.37377294836108,0.010828852210903826,true,REGION-4-MIXTURE,SaturatedMixture,47.51263943389063,0.010905108883089832,9.042224188550537E-06,7.625667218600675E-05
exact-v9-5-to-6mwe,128784,1260,suction,SubcooledLiquid,,750.4377202844439,1176239.4511491351,280.06701217836553,6.771307785826116,true,REGION-4-MIXTURE,SaturatedMixture,269.40271410346065,5.4516089993576555,0.0009006288867409062,-1.3196987864684608
exact-v9-5-to-6mwe,128784,1260,pressure,SubcooledLiquid,,750.2614123237316,1176910.0979048738,280.22668997735093,7.10079615277354,true,REGION-4-MIXTURE,SaturatedMixture,269.53814047574997,5.463192745969509,0.0009008113784521002,-1.6376034068040317
exact-v9-5-to-6mwe,128784,1260,outlet,SaturatedMixture,0.22248868609873837,135.64704350635785,1479543.6743172419,283.5332857705233,6.765474352365559,true,REGION-4-MIXTURE,SaturatedMixture,276.1304154813289,6.050183544355614,0.19624190616993337,-0.7152908080099456
exact-v9-5-to-6mwe,128784,1260,drum,SaturatedMixture,0.04389713449404367,385.50620839002096,1234583.7503140168,280.19560112196007,6.4354129231719,true,REGION-4-MIXTURE,SaturatedMixture,270.61141203641887,5.555661483615154,0.037969842517482685,-0.8797514395567463
exact-v9-5-to-6mwe,128784,1260,feedwater-inventory,SaturatedMixture,9.60501849567801E-06,876.0608099553831,199098.5318311032,47.40923164606215,0.010848280194734954,true,REGION-4-MIXTURE,SaturatedMixture,47.54827588349582,0.010924752374610679,9.664133970348962E-06,7.647217987572473E-05
exact-v9-5-to-6mwe,134784,1320,suction,SubcooledLiquid,,750.4377202844439,1176325.0680154017,280.08739714652427,6.879305800897826,true,REGION-4-MIXTURE,SaturatedMixture,269.4203418850898,5.453115735746688,0.0008994780573275343,-1.4261900651511379
exact-v9-5-to-6mwe,134784,1320,pressure,SubcooledLiquid,,750.1995465377959,1177098.4310027973,280.27153119114234,7.157289792494885,true,REGION-4-MIXTURE,SaturatedMixture,269.5759793758393,5.466432667326818,0.0009015073195845932,-1.6908571251680673
exact-v9-5-to-6mwe,134784,1320,outlet,SaturatedMixture,0.21345073839488377,140.89551070344496,1468719.3712852204,283.8378529212579,6.796223997677557,true,REGION-4-MIXTURE,SaturatedMixture,276.3073304116723,6.066572512561029,0.1878979666225404,-0.7296514851165279
exact-v9-5-to-6mwe,134784,1320,drum,SaturatedMixture,0.044000638169751374,385.2082848466819,1234922.026399423,280.2467146223365,6.440372832866041,true,REGION-4-MIXTURE,SaturatedMixture,270.6571163117886,5.559625526918188,0.03805547981985691,-0.8807473059478532
exact-v9-5-to-6mwe,134784,1320,feedwater-inventory,SaturatedMixture,1.0241018651391857E-05,869.6429760577515,199247.69445773654,47.44440379854416,0.0108675807526288,true,REGION-4-MIXTURE,SaturatedMixture,47.58362434357406,0.010944267139681222,1.0304324491348649E-05,7.668638705242252E-05
exact-v9-5-to-6mwe,140784,1380,suction,SubcooledLiquid,,750.4377202844439,1176412.6925747877,280.10826013685426,6.989862358129922,true,REGION-4-MIXTURE,SaturatedMixture,269.43838264346107,5.454658100578438,0.0008982991698660478,-1.5352042575514835
exact-v9-5-to-6mwe,140784,1380,pressure,SubcooledLiquid,,750.1449250571285,1177270.9384458398,280.31260439186667,7.215111195834727,true,REGION-4-MIXTURE,SaturatedMixture,269.6106666266918,5.469404020297653,0.0009020375812201814,-1.745707175537074
exact-v9-5-to-6mwe,140784,1380,outlet,SaturatedMixture,0.205147999507057,146.0971950774316,1458895.5671372565,284.1483422983439,6.8276813761848,true,REGION-4-MIXTURE,SaturatedMixture,276.49290496110916,6.083800092245996,0.18024202744427067,-0.743881283938804
exact-v9-5-to-6mwe,140784,1380,drum,SaturatedMixture,0.044105261579465364,384.9146133707594,1235272.8730326763,280.3006527695153,6.445610003953092,true,REGION-4-MIXTURE,SaturatedMixture,270.7052416622638,5.563801889778611,0.03814188261006413,-0.8818081141744818
exact-v9-5-to-6mwe,140784,1380,feedwater-inventory,SaturatedMixture,1.0883431034132427E-05,863.2735804843118,199395.7066492712,47.479298608906106,0.010886758262839576,true,REGION-4-MIXTURE,SaturatedMixture,47.61869406104091,0.01096365760132372,1.0950977071224791E-05,7.689933848414356E-05
exact-v9-5-to-6mwe,146784,1440,suction,SubcooledLiquid,,750.4377202844439,1176501.767212478,280.1294683839234,7.102275476689744,true,REGION-4-MIXTURE,SaturatedMixture,269.45672143101694,5.456226286297494,0.0008970996694808129,-1.64604919039225
exact-v9-5-to-6mwe,146784,1440,pressure,SubcooledLiquid,,750.0927290046831,1177438.5300420357,280.35250715286577,7.273902573771082,true,REGION-4-MIXTURE,SaturatedMixture,269.644376009703,5.4722927893097415,0.0009025070189356952,-1.8016097844613403
exact-v9-5-to-6mwe,146784,1440,outlet,SaturatedMixture,0.19746746525532272,151.26609300796085,1449917.3545372167,284.46285883205485,6.859660087545931,true,REGION-4-MIXTURE,SaturatedMixture,276.68489103913305,6.101662166072096,0.1731689637831605,-0.7579979214738355
exact-v9-5-to-6mwe,146784,1440,drum,SaturatedMixture,0.04421218737058697,384.6139042701119,1235628.9526130822,280.35516577942315,6.450906296167523,true,REGION-4-MIXTURE,SaturatedMixture,270.7539018630981,5.568027102484115,0.03823020734751475,-0.882879193683408
exact-v9-5-to-6mwe,146784,1440,feedwater-inventory,SaturatedMixture,1.1532442464512572E-05,856.9509924427936,199542.799724361,47.51397105018498,0.010905842349367617,true,REGION-4-MIXTURE,SaturatedMixture,47.65354026705023,0.010982953700612195,1.160427986274331E-05,7.711135124457806E-05
exact-v9-5-to-6mwe,152784,1500,suction,SubcooledLiquid,,750.4377202844439,1176591.8659637421,280.15092046755774,7.2160087283660115,true,REGION-4-MIXTURE,SaturatedMixture,269.475270628929,5.457812814788884,0.0008958852387003936,-1.7581959135771275
exact-v9-5-to-6mwe,152784,1500,pressure,SubcooledLiquid,,750.0411186438121,1177605.2412129994,280.3922002888095,7.333366357486586,true,REGION-4-MIXTURE,SaturatedMixture,269.67791057229067,5.475167732663439,0.0009029574412277423,-1.8581986248231468
exact-v9-5-to-6mwe,152784,1500,outlet,SaturatedMixture,0.19035820855126562,156.3883919870267,1441710.8460805698,284.77967468856366,6.891988178294143,true,REGION-4-MIXTURE,SaturatedMixture,276.88175147771847,6.1200192965391,0.16663045216128056,-0.7719688817550425
exact-v9-5-to-6mwe,152784,1500,drum,SaturatedMixture,0.04432025269669176,384.31115863139735,1235988.757187433,280.4102600579291,6.4562624390433685,true,REGION-4-MIXTURE,SaturatedMixture,270.8030768454074,5.572299502638413,0.03831945471321713,-0.8839629364049557
exact-v9-5-to-6mwe,152784,1500,feedwater-inventory,SaturatedMixture,1.2187531354616333E-05,850.6808076783648,199689.3271133809,47.54850556241706,0.01092487907652851,true,REGION-4-MIXTURE,SaturatedMixture,47.68824782669549,0.011002202013082888,1.2263708083947949E-05,7.732293655437865E-05
exact-v9-5-to-6mwe,158784,1560,suction,SubcooledLiquid,,750.4377202844439,1176682.7958538008,280.17257044138125,7.330819389518613,true,REGION-4-MIXTURE,SaturatedMixture,269.49399043321625,5.459414292482041,0.0008946584465405691,-1.8714050970365719
exact-v9-5-to-6mwe,158784,1560,pressure,SubcooledLiquid,,749.9894907786156,1177772.4267473882,280.43200636842573,7.393446527080026,true,REGION-4-MIXTURE,SaturatedMixture,269.7115400552751,5.4780519716317,0.0009034021284856428,-1.9153945554483256
exact-v9-5-to-6mwe,158784,1560,outlet,SaturatedMixture,0.18376360362695685,161.46209616367028,1434201.2684362747,285.0991116133424,6.924701481838371,true,REGION-4-MIXTURE,SaturatedMixture,277.0836132824419,6.138886563339894,0.1605726439266025,-0.7858149184984766
exact-v9-5-to-6mwe,158784,1560,drum,SaturatedMixture,0.044429653583038665,384.00553688825056,1236352.4793825625,280.4659196330655,6.461676987306488,true,REGION-4-MIXTURE,SaturatedMixture,270.85275713801377,5.576618346228665,0.038409793331354934,-0.8850586410778227
exact-v9-5-to-6mwe,158784,1560,feedwater-inventory,SaturatedMixture,1.2848585834955457E-05,844.4644623326233,199835.686141252,47.58299681367714,0.010943920439420527,true,REGION-4-MIXTURE,SaturatedMixture,47.72291185855869,0.011021455097793323,1.2929149381491053E-05,7.753465837279615E-05
exact-v9-5-to-6mwe,164784,1620,suction,SubcooledLiquid,,750.4377202844439,1176774.3819973345,280.1943766660321,7.4464873534141125,true,REGION-4-MIXTURE,SaturatedMixture,269.512844836712,5.4610276477900594,0.0008934216226146621,-1.985459705624053
exact-v9-5-to-6mwe,164784,1620,pressure,SubcooledLiquid,,749.9376396441078,1177940.402226988,280.4720005302353,7.453939542702407,true,REGION-4-MIXTURE,SaturatedMixture,269.74532633423803,5.480950826336363,0.0009038475922783309,-1.9729887163660438
exact-v9-5-to-6mwe,164784,1620,outlet,SaturatedMixture,0.17762434791271367,166.4877148783989,1427303.6651356767,285.41923430780423,6.957603941374568,true,REGION-4-MIXTURE,SaturatedMixture,277.28852211534956,6.158084017178993,0.15494042075489814,-0.7995199241955753
exact-v9-5-to-6mwe,164784,1620,drum,SaturatedMixture,0.04454022251615693,383.6973510253762,1236719.290785475,280.5219911056105,6.467135111087759,true,REGION-4-MIXTURE,SaturatedMixture,270.9028086423874,5.580972044291628,0.038501088665817675,-0.8861630667961311
exact-v9-5-to-6mwe,164784,1620,feedwater-inventory,SaturatedMixture,1.3515744947268557E-05,838.3009948595949,199982.260350052,47.617536034223235,0.010963016843806498,true,REGION-4-MIXTURE,SaturatedMixture,47.757624070346424,0.011040763932517954,1.360074401414986E-05,7.774708871145612E-05
exact-v9-5-to-6mwe,170784,1680,suction,SubcooledLiquid,,750.4377202844439,1176866.480894988,280.2163049749971,7.56283195272149,true,REGION-4-MIXTURE,SaturatedMixture,269.53180425763105,5.4626503564161615,0.0008921766834385507,-2.1001815963053287
exact-v9-5-to-6mwe,170784,1680,pressure,SubcooledLiquid,,749.8855703927929,1178109.1228847755,280.5121721154228,7.514804860848408,true,REGION-4-MIXTURE,SaturatedMixture,269.77926023006455,5.483863525360821,0.000904294163918309,-2.0309413354875874
exact-v9-5-to-6mwe,170784,1680,outlet,SaturatedMixture,0.171892734749605,171.46792229642168,1420955.3252948185,285.74035653143653,6.990729052976916,true,REGION-4-MIXTURE,SaturatedMixture,277.4965558946134,6.1776211021776435,0.14968873376737082,-0.8131079507992727
exact-v9-5-to-6mwe,170784,1680,drum,SaturatedMixture,0.044651953646167156,383.3863284242224,1237088.717453723,280.5783569492122,6.472625438151009,true,REGION-4-MIXTURE,SaturatedMixture,270.9531313061716,5.585351944806585,0.03859334277462345,-0.8872734933444235
exact-v9-5-to-6mwe,170784,1680,feedwater-inventory,SaturatedMixture,1.4189244330244085E-05,832.1886111149412,200129.3789429333,47.652201493104144,0.010982211815600005,true,REGION-4-MIXTURE,SaturatedMixture,47.79246309995665,0.011060172515496517,1.4278729463527637E-05,7.796069989651246E-05
exact-v9-5-to-6mwe,176784,1740,suction,SubcooledLiquid,,750.4377202844439,1176958.9753054148,280.2383274536702,7.67970552535474,true,REGION-4-MIXTURE,SaturatedMixture,269.55084462165814,5.464280363346507,0.0008909251908592374,-2.2154251620082333
exact-v9-5-to-6mwe,176784,1740,pressure,SubcooledLiquid,,749.8333238191099,1178278.4357881478,280.55248471146376,7.57596941012827,true,REGION-4-MIXTURE,SaturatedMixture,269.81331082582483,5.486787429095725,0.000904741772626453,-2.089181981032545
exact-v9-5-to-6mwe,176784,1740,outlet,SaturatedMixture,0.16652701053425675,176.40410909712506,1415099.2298669904,286.06207300622975,7.024036214254445,true,REGION-4-MIXTURE,SaturatedMixture,277.70717749595633,6.197449399517608,0.14477843414318856,-0.8265868147368369
exact-v9-5-to-6mwe,176784,1740,drum,SaturatedMixture,0.04476456058777234,383.0737703951486,1237460.481698266,280.6350424884075,6.478150495015429,true,REGION-4-MIXTURE,SaturatedMixture,271.00374035835273,5.589759417934446,0.03868630785629731,-0.8883910770809829
exact-v9-5-to-6mwe,176784,1740,feedwater-inventory,SaturatedMixture,1.4869357782462244E-05,826.1252333035249,200277.29103063972,47.68705234852507,0.011001538536635871,true,REGION-4-MIXTURE,SaturatedMixture,47.827488413453125,0.011079714406014254,1.4963381640703339E-05,7.817586937838329E-05
exact-v9-5-to-6mwe,182784,1800,suction,SubcooledLiquid,,750.4377202844439,1177051.760812143,280.2604192409865,7.796976473796455,true,REGION-4-MIXTURE,SaturatedMixture,269.5699443995951,5.465915829672343,0.0008896685453588766,-2.331060644124112
exact-v9-5-to-6mwe,182784,1800,pressure,SubcooledLiquid,,749.780929094786,1178448.1702654308,280.5928976822455,7.637303254039469,true,REGION-4-MIXTURE,SaturatedMixture,269.8474434912206,5.489719574607868,0.0009051911966636977,-2.147583679431601
exact-v9-5-to-6mwe,182784,1800,outlet,SaturatedMixture,0.1614863017479058,181.29954300420394,1409677.0962170346,286.38316781274045,7.057399836570761,true,REGION-4-MIXTURE,SaturatedMixture,277.9191054522993,6.217449694590683,0.14017168440248198,-0.8399501419800783
exact-v9-5-to-6mwe,182784,1800,drum,SaturatedMixture,0.044878019299990496,382.75931885473807,1237833.8730902916,280.6918761740111,6.4836936072017295,true,REGION-4-MIXTURE,SaturatedMixture,271.0544894754886,5.594181755183046,0.03877997402388445,-0.8895118520186838
exact-v9-5-to-6mwe,182784,1800,feedwater-inventory,SaturatedMixture,1.5556367806920464E-05,820.1087460839092,200426.15221309694,47.72212550897041,0.011021018023220294,true,REGION-4-MIXTURE,SaturatedMixture,47.862737081945,0.011099410844179348,1.5654985176226882E-05,7.839282095905425E-05
exact-v9-5-to-6mwe,188784,1860,suction,SubcooledLiquid,,750.4377202844439,1177144.7391106964,280.28255693111817,7.914520796495989,true,REGION-4-MIXTURE,SaturatedMixture,269.58908331394184,5.467555022031855,0.0008884080705134151,-2.4469657744641333
exact-v9-5-to-6mwe,188784,1860,pressure,SubcooledLiquid,,749.7284646249448,1178618.161706063,280.633371834777,7.698828387943838,true,REGION-4-MIXTURE,SaturatedMixture,269.8816254317761,5.492657151944929,0.0009056405510384544,-2.2061712359989087
exact-v9-5-to-6mwe,188784,1860,outlet,SaturatedMixture,0.1567417266091578,186.15635819479314,1404653.1309826444,286.70455126773106,7.090914630504583,true,REGION-4-MIXTURE,SaturatedMixture,278.13301288485525,6.237686742146946,0.1358409741585088,-0.8532278883576376
exact-v9-5-to-6mwe,188784,1860,drum,SaturatedMixture,0.04499218175287745,382.4436308580454,1238208.7227585067,280.74886479624536,6.489255467599774,true,REGION-4-MIXTURE,SaturatedMixture,271.1053811609744,5.598619198118851,0.038874213549072896,-0.8906362694809227
exact-v9-5-to-6mwe,188784,1860,feedwater-inventory,SaturatedMixture,1.6250555015392944E-05,814.1370616044061,200576.0210245418,47.757434736383175,0.011040658535841411,true,REGION-4-MIXTURE,SaturatedMixture,47.89822296798229,0.011119270202672725,1.6353822798472466E-05,7.861166683131339E-05
exact-v9-5-to-6mwe,194784,1920,suction,SubcooledLiquid,,750.4377202844439,1177237.8262979125,280.3047205471221,8.032232580108786,true,REGION-4-MIXTURE,SaturatedMixture,269.60824417471883,5.469196470008422,0.0008871448915401767,-2.5630361101003647
exact-v9-5-to-6mwe,194784,1920,pressure,SubcooledLiquid,,749.6759541448822,1178788.2557664618,280.67387042058624,7.76041906635186,true,REGION-4-MIXTURE,SaturatedMixture,269.9158253133297,5.495597472140865,0.0009060906814126842,-2.2648215942109946
exact-v9-5-to-6mwe,194784,1920,outlet,SaturatedMixture,0.1522627214463927,190.9761904458393,1399982.2883805432,287.0248929575181,7.12444174136329,true,REGION-4-MIXTURE,SaturatedMixture,278.3475722014904,6.258035954183596,0.13175815882505487,-0.8664057871796942
exact-v9-5-to-6mwe,194784,1920,drum,SaturatedMixture,0.045106847351616935,382.1274144229641,1238584.5673782083,280.8059579195641,6.494831180439507,true,REGION-4-MIXTURE,SaturatedMixture,271.15636810064314,5.603067641180313,0.03896885733947543,-0.8917635392591947
exact-v9-5-to-6mwe,194784,1920,feedwater-inventory,SaturatedMixture,1.6952176800021983E-05,808.2082827112195,200726.86287420537,47.79297168178016,0.0110604560597763,true,REGION-4-MIXTURE,SaturatedMixture,47.93393765389919,0.01113928840948686,1.7060153775035382E-05,7.883234971056002E-05
exact-v9-5-to-6mwe,200784,1980,suction,SubcooledLiquid,,750.4377202844439,1177330.9381886073,280.3268900449066,8.150005447325587,true,REGION-4-MIXTURE,SaturatedMixture,269.627409541607,5.470838680385202,0.0008858801546890522,-2.6791667669403845
exact-v9-5-to-6mwe,200784,1980,pressure,SubcooledLiquid,,749.6234463890613,1178958.3114041286,280.71435985812593,7.822039556486897,true,REGION-4-MIXTURE,SaturatedMixture,269.9500148475171,5.498538103852888,0.0009065409412907675,-2.3235014526340088
exact-v9-5-to-6mwe,200784,1980,outlet,SaturatedMixture,0.14802456193531746,195.76174590928161,1395631.6775550577,287.34424596540623,7.15798588516026,true,REGION-4-MIXTURE,SaturatedMixture,278.56269953846925,6.278489896163884,0.1279000697380893,-0.8794959889963758
exact-v9-5-to-6mwe,200784,1980,drum,SaturatedMixture,0.04522203261273737,381.8102833725807,1238960.966535543,280.8630385727903,6.500409332833737,true,REGION-4-MIXTURE,SaturatedMixture,271.20735141038915,5.6075184654446595,0.0390639271321025,-0.8928908673890774
exact-v9-5-to-6mwe,200784,1980,feedwater-inventory,SaturatedMixture,1.766147595154046E-05,802.320602022912,200878.55930518222,47.82870800986541,0.01108039539690309,true,REGION-4-MIXTURE,SaturatedMixture,47.96985266357666,0.0111594500999022,1.7774222638992802E-05,7.905470299911059E-05
exact-v9-5-to-6mwe,206784,2040,suction,SubcooledLiquid,,750.4377202844439,1177423.99938648,280.3490474729715,8.26774403383524,true,REGION-4-MIXTURE,SaturatedMixture,269.6465640187264,5.472480333816607,0.000884614875680247,-2.7952637000186336
exact-v9-5-to-6mwe,206784,2040,pressure,SubcooledLiquid,,749.5709950924003,1179128.1956919867,280.7548084980921,7.883678887994383,true,REGION-4-MIXTURE,SaturatedMixture,269.984167456627,5.501476758986423,0.00090699031178017,-2.3822021290079594
exact-v9-5-to-6mwe,206784,2040,outlet,SaturatedMixture,0.14400774297548222,200.51381145652394,1391575.9402742386,287.66286960099353,7.191573634775008,true,REGION-4-MIXTURE,SaturatedMixture,278.77853245735173,6.299062188517196,0.12424827650769203,-0.8925114462578119
exact-v9-5-to-6mwe,206784,2040,drum,SaturatedMixture,0.045337507064780846,381.493329363793,1239337.7987837056,280.9201528781841,6.505994435754498,true,REGION-4-MIXTURE,SaturatedMixture,271.2583651363849,5.6119746463846045,0.039159222023086,-0.8940197893698931
exact-v9-5-to-6mwe,206784,2040,feedwater-inventory,SaturatedMixture,1.837867178060432E-05,796.4723668941708,201030.9206786962,47.86459843114153,0.011100451774093897,true,REGION-4-MIXTURE,SaturatedMixture,48.00592249780897,0.011179730235908587,1.8496250241919607E-05,7.927846181468926E-05
exact-v9-5-to-6mwe,212784,2100,suction,SubcooledLiquid,,750.4377202844439,1177516.9416452902,280.371176582212,8.385361928149852,true,REGION-4-MIXTURE,SaturatedMixture,269.665693461895,5.474120217062952,0.0008833499914814083,-2.9112417110869
exact-v9-5-to-6mwe,212784,2100,pressure,SubcooledLiquid,,749.518611132981,1179297.785972093,280.7951871362127,7.945213051832361,true,REGION-4-MIXTURE,SaturatedMixture,270.01825814843176,5.50441128222243,0.000907439891396265,-2.440801769609932
exact-v9-5-to-6mwe,212784,2100,outlet,SaturatedMixture,0.14019017658964708,205.23420543387002,1387781.2604377244,287.97943887423264,7.2250640477506485,true,REGION-4-MIXTURE,SaturatedMixture,278.99378421306585,6.319630317377965,0.1207826244768461,-0.9054337303726836
exact-v9-5-to-6mwe,212784,2100,drum,SaturatedMixture,0.04545322340724483,381.17641811329815,1239714.5354828872,280.9771824552771,6.511574909761898,true,REGION-4-MIXTURE,SaturatedMixture,271.3093077659606,5.616427314501431,0.039254709204179374,-0.8951475952604673
exact-v9-5-to-6mwe,212784,2100,feedwater-inventory,SaturatedMixture,1.9103958191034177E-05,790.6620879025021,201183.70069008434,47.90058421446133,0.011120592735208734,true,REGION-4-MIXTURE,SaturatedMixture,48.042088118195466,0.011200095993050059,1.9226431775534558E-05,7.950325784132455E-05
exact-v9-5-to-6mwe,218784,2160,suction,SubcooledLiquid,,750.4377202844439,1177609.6963875836,280.39326104466284,8.502772212052422,true,REGION-4-MIXTURE,SaturatedMixture,269.6847838103771,5.475757122931954,0.0008820864372566563,-3.027015089120468
exact-v9-5-to-6mwe,218784,2160,pressure,SubcooledLiquid,,749.466355151022,1179466.9692444773,280.83546886773274,8.006676251486327,true,REGION-4-MIXTURE,SaturatedMixture,270.0522645592689,5.507339741148836,0.0009078880252199767,-2.499336510337492
exact-v9-5-to-6mwe,218784,2160,outlet,SaturatedMixture,0.13655759184336239,209.924349884001,1384231.4562487483,288.2948821664369,7.2585538464883745,true,REGION-4-MIXTURE,SaturatedMixture,279.20919802188894,6.340265239444113,0.11748938693648206,-0.9182886070442615
exact-v9-5-to-6mwe,218784,2160,drum,SaturatedMixture,0.04556912469939176,380.8597330313884,1240091.0282513679,281.0341087697542,6.517148924838502,true,REGION-4-MIXTURE,SaturatedMixture,271.36016235947625,5.620874977668143,0.03935034107829655,-0.8962739471703598
exact-v9-5-to-6mwe,218784,2160,feedwater-inventory,SaturatedMixture,1.9837514631145363E-05,784.888346114816,201336.6114457054,47.93659671025705,0.01114078005698498,true,REGION-4-MIXTURE,SaturatedMixture,48.07828054577118,0.0112205087299641,1.9964947844077434E-05,7.972867297911974E-05
exact-v9-5-to-6mwe,224784,2220,suction,SubcooledLiquid,,750.4377202844439,1177702.2070289815,280.4152873878528,8.619903066500875,true,REGION-4-MIXTURE,SaturatedMixture,269.7038233816626,5.4773900471246595,0.0008808249942171053,-3.1425130193762154
exact-v9-5-to-6mwe,224784,2220,pressure,SubcooledLiquid,,749.4142459461416,1179635.639497635,280.8756284518179,8.067988501221958,true,REGION-4-MIXTURE,SaturatedMixture,270.086165201664,5.5102602757380295,0.0009083351710392996,-2.5577282254839284
exact-v9-5-to-6mwe,224784,2220,outlet,SaturatedMixture,0.13309417545204333,214.5846901656818,1380902.596029704,288.6083753838483,7.291954105979281,true,REGION-4-MIXTURE,SaturatedMixture,279.42397137880334,6.3608899991217465,0.11435404180450633,-0.9310641068575345
exact-v9-5-to-6mwe,224784,2220,drum,SaturatedMixture,0.04568501794456365,380.5440654935134,1240467.0261657487,281.0909322913784,6.52271650886981,true,REGION-4-MIXTURE,SaturatedMixture,271.4109251201154,5.625317290678886,0.03944595210764702,-0.897399218190924
exact-v9-5-to-6mwe,224784,2220,feedwater-inventory,SaturatedMixture,2.057949502891098E-05,779.1498909015896,201489.33814070016,47.97256087376746,0.011160971683745425,true,REGION-4-MIXTURE,SaturatedMixture,48.11442436575891,0.011240925924257539,2.0711953301300457E-05,7.995424051211383E-05
exact-v9-5-to-6mwe,230784,2280,suction,SubcooledLiquid,,750.4377202844439,1177794.4175484446,280.4372422734392,8.736683314097366,true,REGION-4-MIXTURE,SaturatedMixture,269.7228007018567,5.479018002333597,0.0008795664327853848,-3.257665311763769
exact-v9-5-to-6mwe,230784,2280,pressure,SubcooledLiquid,,749.3623071541346,1179803.7018356908,280.91564329421215,8.129097970687496,true,REGION-4-MIXTURE,SaturatedMixture,270.11994096636784,5.51317122799742,0.0009087813796254093,-2.6159267426900765
exact-v9-5-to-6mwe,230784,2280,outlet,SaturatedMixture,0.12978560503786604,219.21701220122617,1377774.4095283505,288.919593620766,7.325228133589325,true,REGION-4-MIXTURE,SaturatedMixture,279.63773699402816,6.381468825344261,0.11136333814034974,-0.9437593082450633
exact-v9-5-to-6mwe,230784,2280,drum,SaturatedMixture,0.045800946135810816,380.228924910415,1240842.1526154664,281.14754313813535,6.528266867020013,true,REGION-4-MIXTURE,SaturatedMixture,271.46150371432316,5.629746152579223,0.03954158656193777,-0.8985207144407896
exact-v9-5-to-6mwe,230784,2280,feedwater-inventory,SaturatedMixture,2.133003972270706E-05,773.4455496929488,201641.55264233975,48.00839852135516,0.01118112353137827,true,REGION-4-MIXTURE,SaturatedMixture,48.15044099241493,0.011261302992122227,2.1467589256691103E-05,8.017946074395654E-05
exact-v9-5-to-6mwe,236784,2340,suction,SubcooledLiquid,,750.4377202844439,1177886.2773031178,280.4591136435995,8.85304852050003,true,REGION-4-MIXTURE,SaturatedMixture,269.7417052984239,5.480640086297664,0.00087831145985838,-3.3724084342023657
exact-v9-5-to-6mwe,236784,2340,pressure,SubcooledLiquid,,749.3105871898425,1179971.0685517648,280.955492512325,8.190034622340223,true,REGION-4-MIXTURE,SaturatedMixture,270.1535745382308,5.516071092031928,0.0009092252942583847,-2.6739635303082947
exact-v9-5-to-6mwe,236784,2340,outlet,SaturatedMixture,0.12662229839278422,223.82166382206287,1374836.2663206838,289.2292433591839,7.35844960402162,true,REGION-4-MIXTURE,SaturatedMixture,279.8510682284831,6.402056488081979,0.10850801803531035,-0.9563931159396404
exact-v9-5-to-6mwe,236784,2340,drum,SaturatedMixture,0.04591675613005225,379.91505824519476,1241216.3871562742,281.2039870052273,6.533804444790553,true,REGION-4-MIXTURE,SaturatedMixture,271.51193360686295,5.6341646436292265,0.03963711015713397,-0.8996398011613262
exact-v9-5-to-6mwe,236784,2340,feedwater-inventory,SaturatedMixture,2.2089276155648843E-05,767.7742347618878,201792.92553388316,48.04403113307484,0.011201191054022184,true,REGION-4-MIXTURE,SaturatedMixture,48.1862515375019,0.011281594901854998,2.223198383115482E-05,8.04038478328141E-05
exact-v9-5-to-6mwe,242784,2400,suction,SubcooledLiquid,,750.4377202844439,1177977.7445707733,280.48089156446997,8.968945492619993,true,REGION-4-MIXTURE,SaturatedMixture,269.7605286598206,5.482255564273977,0.0008770606546617512,-3.4866899283460153
exact-v9-5-to-6mwe,242784,2400,pressure,SubcooledLiquid,,749.2590832020032,1180137.6605559664,280.9951572752301,8.25068861974363,true,REGION-4-MIXTURE,SaturatedMixture,270.1870496869085,5.518958453185912,0.000909668152802956,-2.7317301665577185
exact-v9-5-to-6mwe,242784,2400,outlet,SaturatedMixture,0.12359109451317718,228.39954284242722,1372066.2940024002,289.53605401623986,7.39148003145693,true,REGION-4-MIXTURE,SaturatedMixture,280.0627813100815,6.422538103653541,0.10577623997933351,-0.9689419278033888
exact-v9-5-to-6mwe,242784,2400,drum,SaturatedMixture,0.04603238295853442,379.6025260270544,1241589.373997156,281.2601950082043,6.5393224473327844,true,REGION-4-MIXTURE,SaturatedMixture,271.5621550083159,5.638567498270978,0.03973247198372388,-0.9007549490618061
exact-v9-5-to-6mwe,242784,2400,feedwater-inventory,SaturatedMixture,2.2857314855867634E-05,762.1349871824543,201943.13636395137,48.07938235630047,0.011221130658145291,true,REGION-4-MIXTURE,SaturatedMixture,48.22177927196026,0.0113017575729875,2.300524806770802E-05,8.062691484220924E-05
exact-v9-5-to-6mwe,248784,2460,suction,SubcooledLiquid,,750.4377202844439,1178068.775927447,280.50256569701116,9.084318828760237,true,REGION-4-MIXTURE,SaturatedMixture,269.7792617738247,5.483863657895556,0.0008758146319084572,-3.600455170864681
exact-v9-5-to-6mwe,248784,2460,pressure,SubcooledLiquid,,749.2078361485251,1180303.4085039613,281.0346210723718,8.311091125942173,true,REGION-4-MIXTURE,SaturatedMixture,270.2203527688979,5.5218321178885645,0.0009101087419261354,-2.789259008053609
exact-v9-5-to-6mwe,248784,2460,outlet,SaturatedMixture,0.12068382561778515,232.95186375594417,1369455.9733122834,289.8407773420728,7.424397897632921,true,REGION-4-MIXTURE,SaturatedMixture,280.2734861910343,6.442971835092438,0.10316011024773743,-0.9814260625404829
exact-v9-5-to-6mwe,248784,2460,drum,SaturatedMixture,0.04614784143441475,379.29115273477333,1241960.9880556194,281.31613029196376,6.544817209864789,true,REGION-4-MIXTURE,SaturatedMixture,271.6121370434762,5.642951975668904,0.03982768743716165,-0.9018652341958848
exact-v9-5-to-6mwe,248784,2460,feedwater-inventory,SaturatedMixture,2.3634264010422734E-05,756.5268760474219,202091.88200061646,48.11437997019152,0.01124090082619989,true,REGION-4-MIXTURE,SaturatedMixture,48.256951592117616,0.011321749007899265,2.378749059772209E-05,8.084818169937572E-05
exact-v9-5-to-6mwe,254784,2520,suction,SubcooledLiquid,,750.4377202844439,1178159.338018474,280.52412809963664,9.199125840671531,true,REGION-4-MIXTURE,SaturatedMixture,269.7978978395462,5.485463778013837,0.0008745738612883097,-3.7136620626576944
exact-v9-5-to-6mwe,254784,2520,pressure,SubcooledLiquid,,749.1568628500829,1180468.2486108406,281.07386871686685,8.371209355585268,true,REGION-4-MIXTURE,SaturatedMixture,270.25347097516044,5.524690962822038,0.0009105470487279202,-2.8465183927632305
exact-v9-5-to-6mwe,254784,2520,outlet,SaturatedMixture,0.11789191271728305,237.4786555512503,1366992.7373170864,290.14312221126636,7.457169566574451,true,REGION-4-MIXTURE,SaturatedMixture,280.48288751244525,6.463328307597143,0.10065168323196329,-0.9938412589773078
exact-v9-5-to-6mwe,254784,2520,drum,SaturatedMixture,0.04626296385967568,378.98170071280776,1242331.1448460207,281.3718270638493,6.550292045966577,true,REGION-4-MIXTURE,SaturatedMixture,271.66190503835685,5.647320263100236,0.03992261055880085,-0.9029717828663406
exact-v9-5-to-6mwe,254784,2520,feedwater-inventory,SaturatedMixture,2.4420220735096647E-05,750.9490789318274,202238.88311617996,48.14895739107283,0.011260462991538992,true,REGION-4-MIXTURE,SaturatedMixture,48.29170162081721,0.011341530226767585,2.4578808955240703E-05,8.106723522859245E-05
exact-v9-5-to-6mwe,260784,2580,suction,SubcooledLiquid,,750.4377202844439,1178249.3937941429,280.5455699509864,9.313319114135496,true,REGION-4-MIXTURE,SaturatedMixture,269.81642926335314,5.487055266897173,0.000873338867030893,-3.826263847238323
exact-v9-5-to-6mwe,260784,2580,pressure,SubcooledLiquid,,749.1061630176089,1180632.126473917,281.11288725569455,8.430972084125944,true,REGION-4-MIXTURE,SaturatedMixture,270.28639316558827,5.5275340071627355,0.0009109838422333178,-2.9034380769632087
exact-v9-5-to-6mwe,260784,2580,outlet,SaturatedMixture,0.11520566113154505,241.98146613539728,1364661.2315788295,290.44238876122506,7.489716457726039,true,REGION-4-MIXTURE,SaturatedMixture,280.6903158664703,6.483541378687517,0.09824218240227715,-1.0061750790385222
exact-v9-5-to-6mwe,260784,2580,drum,SaturatedMixture,0.04637781140095252,378.6735965332001,1242699.4906689178,281.4271748439643,6.555736042044852,true,REGION-4-MIXTURE,SaturatedMixture,271.71136682629583,5.651664231423629,0.04001730164747268,-0.9040718106212227
exact-v9-5-to-6mwe,260784,2580,feedwater-inventory,SaturatedMixture,2.521528511589484E-05,745.4007886649355,202383.88890051906,48.183054862858285,0.01127978224306022,true,REGION-4-MIXTURE,SaturatedMixture,48.32596928700798,0.011361065913860425,2.537930359507157E-05,8.128367080020502E-05
exact-v9-5-to-6mwe,266784,2640,suction,SubcooledLiquid,,750.4377202844439,1178338.8607351487,280.56687160360696,9.426793513010647,true,REGION-4-MIXTURE,SaturatedMixture,269.8348390221596,5.488636656191929,0.000872110804543449,-3.9381568568187184
exact-v9-5-to-6mwe,266784,2640,pressure,SubcooledLiquid,,749.0557956045793,1180794.914495175,281.151646308375,8.490388832961585,true,REGION-4-MIXTURE,SaturatedMixture,270.3190940141677,5.530359042915462,0.0009114177536872014,-2.960029790046123
exact-v9-5-to-6mwe,266784,2640,outlet,SaturatedMixture,0.11262088374164629,246.45864837525696,1362457.7346650846,290.7392054504529,7.522104172046293,true,REGION-4-MIXTURE,SaturatedMixture,280.8963150322435,6.503662931149712,0.09592737193640359,-1.018441240896581
exact-v9-5-to-6mwe,266784,2640,drum,SaturatedMixture,0.04649202792959557,378.3683718718126,1243065.7200184239,281.48221437363907,6.561153145395117,true,REGION-4-MIXTURE,SaturatedMixture,271.76054902672774,5.6559861742030275,0.04011145274484312,-0.9051669711920898
exact-v9-5-to-6mwe,266784,2640,feedwater-inventory,SaturatedMixture,2.6019385082379086E-05,739.882481409277,202526.68013945335,48.21662022041755,0.011298827793489497,true,REGION-4-MIXTURE,SaturatedMixture,48.35970218628648,0.011380324944312396,2.6188901710217643E-05,8.149715082289913E-05
exact-v9-5-to-6mwe,272784,2700,suction,SubcooledLiquid,,750.4377202844439,1178427.8122219983,280.58805052904734,9.539641607696492,true,REGION-4-MIXTURE,SaturatedMixture,269.85314221978194,5.490209236889209,0.0008708886873087519,-4.049432370807283
exact-v9-5-to-6mwe,272784,2700,pressure,SubcooledLiquid,,749.0057435189892,1180956.6669645968,281.1901588010945,8.54947732568477,true,REGION-4-MIXTURE,SaturatedMixture,270.3515844941138,5.53316699652762,0.0009118489458522835,-3.0163103291571494
exact-v9-5-to-6mwe,272784,2700,outlet,SaturatedMixture,0.11012934501188541,250.912905416024,1360370.727248754,291.03341089374373,7.554312618370004,true,REGION-4-MIXTURE,SaturatedMixture,281.1006812334059,6.523672077861695,0.09369971225579947,-1.0306405405083083
exact-v9-5-to-6mwe,272784,2700,drum,SaturatedMixture,0.046606054996298565,378.0642025313525,1243430.3734533421,281.53693565971696,6.566542315628965,true,REGION-4-MIXTURE,SaturatedMixture,271.80945309996594,5.6602861778725595,0.04020544349334972,-0.9062561377564053
exact-v9-5-to-6mwe,272784,2700,feedwater-inventory,SaturatedMixture,2.683269372847116E-05,734.3928857274617,202667.07087271006,48.24960910310392,0.011317573138443065,true,REGION-4-MIXTURE,SaturatedMixture,48.392855721712124,0.011399280503060171,2.700777724802077E-05,8.170736461710591E-05
exact-v9-5-to-6mwe,278784,2760,suction,SubcooledLiquid,,750.4377202844439,1178516.1880021647,280.6090923814678,9.651786466850082,true,REGION-4-MIXTURE,SaturatedMixture,269.87132650613796,5.491771941587262,0.0008696733605962244,-4.160014525262819
exact-v9-5-to-6mwe,278784,2760,pressure,SubcooledLiquid,,748.9560146265023,1181117.3389021063,281.22841402431106,8.608202119881291,true,REGION-4-MIXTURE,SaturatedMixture,270.38385555148113,5.535957064219906,0.0009122776238107948,-3.0722450556613854
exact-v9-5-to-6mwe,278784,2760,outlet,SaturatedMixture,0.10772515528318545,255.34458728895038,1358391.864500298,291.32489482473136,7.58632710950115,true,REGION-4-MIXTURE,SaturatedMixture,281.3032880485058,6.5435553494856205,0.09155373242258863,-1.0427717600155297
exact-v9-5-to-6mwe,278784,2760,drum,SaturatedMixture,0.046719618719078516,377.76211525578753,1243793.0127661347,281.5913183315332,6.5719014871976285,true,REGION-4-MIXTURE,SaturatedMixture,271.85805572271363,5.664562148327447,0.04029904069717619,-0.9073393388701811
exact-v9-5-to-6mwe,278784,2760,feedwater-inventory,SaturatedMixture,2.7655381055811666E-05,728.9308548370557,202804.90926465043,48.28198526437279,0.011335996270479817,true,REGION-4-MIXTURE,SaturatedMixture,48.42539348453289,0.011417910341151714,2.7836101094889847E-05,8.191407067189779E-05
exact-v9-5-to-6mwe,284784,2820,suction,SubcooledLiquid,,750.4377202844439,1178603.9735069885,280.62999369214015,9.763209079783092,true,REGION-4-MIXTURE,SaturatedMixture,269.8893888354303,5.493324501843102,0.0008684650499623678,-4.26988457793999
exact-v9-5-to-6mwe,284784,2820,pressure,SubcooledLiquid,,748.9066205908296,1181276.8955930714,281.26640371263613,8.666551970272792,true,REGION-4-MIXTURE,SaturatedMixture,270.4159002184865,5.538728621608807,0.0009127036546252036,-3.127823348663985
exact-v9-5-to-6mwe,284784,2820,outlet,SaturatedMixture,0.1054028161233209,259.7543473987322,1356513.572578268,291.61361445220643,7.618140261719533,true,REGION-4-MIXTURE,SaturatedMixture,281.5040671765804,6.563304891107259,0.08948431974989707,-1.054835370612274
exact-v9-5-to-6mwe,284784,2820,drum,SaturatedMixture,0.04683270949963455,377.46209614447076,1244153.5814289898,281.64535085852265,6.577229461831949,true,REGION-4-MIXTURE,SaturatedMixture,271.90634704828267,5.668813173634164,0.04039223727257891,-0.9084162881977846
exact-v9-5-to-6mwe,284784,2820,feedwater-inventory,SaturatedMixture,2.8487546296253724E-05,723.4958288879809,202940.07679638482,48.313720422310325,0.011354079631731896,true,REGION-4-MIXTURE,SaturatedMixture,48.45728705078358,0.011436196697612457,2.8673972888121814E-05,8.211706588056103E-05
exact-v9-5-to-6mwe,290784,2880,suction,SubcooledLiquid,,750.4377202844439,1178691.1529240927,280.65075069621264,9.873888842027885,true,REGION-4-MIXTURE,SaturatedMixture,269.90732603669187,5.494866638268398,0.0008672639899900221,-4.379022203759487
exact-v9-5-to-6mwe,290784,2880,pressure,SubcooledLiquid,,748.8575697892454,1181435.3099034177,281.30412140557576,8.724515598117229,true,REGION-4-MIXTURE,SaturatedMixture,270.4477130711076,5.54148117712994,0.0009131269735124795,-3.1830344209872887
exact-v9-5-to-6mwe,290784,2880,outlet,SaturatedMixture,0.1031573366429667,264.1427378171811,1354728.9798856762,291.89953428765295,7.649745454113844,true,REGION-4-MIXTURE,SaturatedMixture,281.7029600799086,6.582913756731737,0.08748683051640017,-1.0668316973821064
exact-v9-5-to-6mwe,290784,2880,drum,SaturatedMixture,0.04694529439072003,377.164229338352,1244511.9994620765,281.6990235891751,6.582525224257975,true,REGION-4-MIXTURE,SaturatedMixture,271.95431818962084,5.673038424681676,0.04048500592771187,-0.9094867995762996
exact-v9-5-to-6mwe,290784,2880,feedwater-inventory,SaturatedMixture,2.9329295580930114E-05,718.0872757915749,203072.4869135467,48.34479391798732,0.011371809954702827,true,REGION-4-MIXTURE,SaturatedMixture,48.48851566314704,0.011454126153000852,2.9521499235631006E-05,8.231619829802451E-05
exact-v9-5-to-6mwe,296784,2940,suction,SubcooledLiquid,,750.4377202844439,1178777.7135043396,280.6713603581761,9.983809023655569,true,REGION-4-MIXTURE,SaturatedMixture,269.92513548135753,5.496398117933954,0.0008660703795524911,-4.487410905721615
exact-v9-5-to-6mwe,296784,2940,pressure,SubcooledLiquid,,748.8088689107788,1181592.5601429027,281.3415619387864,8.782083676982996,true,REGION-4-MIXTURE,SaturatedMixture,270.47928985357294,5.5442143397969605,0.0009135475255151004,-3.2378693371860354
exact-v9-5-to-6mwe,296784,2940,outlet,SaturatedMixture,0.10098413010352215,268.5103018509882,1353031.790302338,292.18262810971135,7.681137060839915,true,REGION-4-MIXTURE,SaturatedMixture,281.8999184429648,6.602375966833371,0.08555699672178615,-1.078761094006544
exact-v9-5-to-6mwe,296784,2940,drum,SaturatedMixture,0.04705734887703568,376.8685676589877,1244868.202327408,281.7523280250374,6.58778787110892,true,REGION-4-MIXTURE,SaturatedMixture,272.00196151137345,5.6772371811977065,0.04057732658586686,-0.9105506899112132
exact-v9-5-to-6mwe,296784,2940,feedwater-inventory,SaturatedMixture,3.0180740063417902E-05,712.704707494533,203202.083105283,48.375192235019085,0.011389178020583944,true,REGION-4-MIXTURE,SaturatedMixture,48.51906575113537,0.011471689386895554,3.03787918349558E-05,8.251136631160991E-05
exact-v9-5-to-6mwe,302784,3000,suction,SubcooledLiquid,,750.4377202844439,1178863.644668648,280.69182015920194,10.092955639547142,true,REGION-4-MIXTURE,SaturatedMixture,269.9428149163722,5.4979187400670675,0.0008648843928346774,-4.595036899480075
exact-v9-5-to-6mwe,302784,3000,pressure,SubcooledLiquid,,748.7605233264642,1181748.628824239,281.3787211486284,8.839248347656046,true,REGION-4-MIXTURE,SaturatedMixture,270.5106271028518,5.546927786882517,0.0009139652713696375,-3.292320560773529
exact-v9-5-to-6mwe,302784,3000,outlet,SaturatedMixture,0.09887898077414338,272.85756033559403,1351416.2324550087,292.46287721324245,7.712310273263128,true,REGION-4-MIXTURE,SaturatedMixture,282.0949025034904,6.621686355326797,0.08369089475203428,-1.0906239179363313
exact-v9-5-to-6mwe,302784,3000,drum,SaturatedMixture,0.04716885114069968,376.5751558805281,1245222.1345558127,281.80525686341787,6.593016615528535,true,REGION-4-MIXTURE,SaturatedMixture,272.04927046298974,5.681408817366673,0.040669181416813076,-0.911607798161862
exact-v9-5-to-6mwe,302784,3000,feedwater-inventory,SaturatedMixture,3.104199789249142E-05,707.3476685520386,203328.83655451183,48.40490844972834,0.011406178374065512,true,REGION-4-MIXTURE,SaturatedMixture,48.548930336534966,0.011488880865469404,3.124596940294339E-05,8.2702491403892E-05
exact-v9-5-to-6mwe,308784,3060,suction,SubcooledLiquid,,750.4377202844439,1178948.9378023474,280.712128048178,10.201317191578347,true,REGION-4-MIXTURE,SaturatedMixture,269.9603627145292,5.499428357627526,0.0008637061623908476,-4.701888833950822
exact-v9-5-to-6mwe,308784,3060,pressure,SubcooledLiquid,,748.7125372854147,1181903.5020856275,281.4155957346733,8.896003065487482,true,REGION-4-MIXTURE,SaturatedMixture,270.54172206521014,5.549621256826255,0.000914380182831246,-3.346381808661228
exact-v9-5-to-6mwe,308784,3060,outlet,SaturatedMixture,0.09683800615719122,277.1850146606496,1349877.006371024,292.74026959791786,7.74326102314009,true,REGION-4-MIXTURE,SaturatedMixture,282.28788021802904,6.64084049701058,0.08188491044554737,-1.1024205261295101
exact-v9-5-to-6mwe,308784,3060,drum,SaturatedMixture,0.04727978245481258,376.28402980650617,1245573.7489971193,281.8578041682114,6.598210804451939,true,REGION-4-MIXTURE,SaturatedMixture,272.09623962044714,5.6855528058038844,0.04076055509031608,-0.9126579986480543
exact-v9-5-to-6mwe,308784,3060,feedwater-inventory,SaturatedMixture,3.191319505415309E-05,702.0157315452032,203452.74350176286,48.43394159589661,0.011422808985176936,true,REGION-4-MIXTURE,SaturatedMixture,48.578108470141956,0.011505698542849266,3.2123158629364795E-05,8.288955767232938E-05
exact-v9-5-to-6mwe,314784,3120,suction,SubcooledLiquid,,750.4377202844439,1179033.5860458754,280.7322823918752,10.308884405728842,true,REGION-4-MIXTURE,SaturatedMixture,269.9777773737907,5.50092683428004,0.000862535812608351,-4.807957571448801
exact-v9-5-to-6mwe,314784,3120,pressure,SubcooledLiquid,,748.664914058497,1182057.1692507227,281.452183154934,8.952342467870947,true,REGION-4-MIXTURE,SaturatedMixture,270.5725726544857,5.552294545740403,0.0009147922379160597,-3.400047922130544
exact-v9-5-to-6mwe,314784,3120,outlet,SaturatedMixture,0.09485762492427799,281.4931468894248,1348409.2380633866,293.01479907139685,7.7739858942753415,true,REGION-4-MIXTURE,SaturatedMixture,282.4788263857366,6.659834629548312,0.08013570937283208,-1.1141512647270293
exact-v9-5-to-6mwe,314784,3120,drum,SaturatedMixture,0.04739012655058504,375.9952173708106,1245923.0060525562,281.90996481472155,6.603369864112383,true,REGION-4-MIXTURE,SaturatedMixture,272.1428643941882,5.689668692063452,0.04085143439040568,-0.9137011720489312
exact-v9-5-to-6mwe,314784,3120,feedwater-inventory,SaturatedMixture,3.2794465926555656E-05,696.708493703742,203573.82244665513,48.462296002823905,0.011439070891566518,true,REGION-4-MIXTURE,SaturatedMixture,48.60660451203586,0.011522143468147986,3.301049466223114E-05,8.307257658146834E-05
exact-v9-5-to-6mwe,320784,3180,suction,SubcooledLiquid,,750.4377202844439,1179117.5841109552,280.75228193117994,10.415650001165496,true,REGION-4-MIXTURE,SaturatedMixture,269.99505785107624,5.502414073138238,0.0008613734372003052,-4.913235928027258
exact-v9-5-to-6mwe,320784,3180,pressure,SubcooledLiquid,,748.6176560587509,1182209.62246418,281.48848153909046,9.008262268839177,true,REGION-4-MIXTURE,SaturatedMixture,270.6031772851942,5.554947493052333,0.0009152014258355897,-3.4533147757868443
exact-v9-5-to-6mwe,320784,3180,outlet,SaturatedMixture,0.09293452956212157,285.7824199386874,1347008.441823488,293.2864652066213,7.80448212811754,true,REGION-4-MIXTURE,SaturatedMixture,282.6677221894266,6.67866561574929,0.07844021084224058,-1.1258165123682495
exact-v9-5-to-6mwe,320784,3180,drum,SaturatedMixture,0.04749986964902079,375.70873948497865,1246269.872962194,281.9617347886042,6.608493329898194,true,REGION-4-MIXTURE,SaturatedMixture,272.18914115428936,5.693756105917986,0.04094180813960483,-0.9147372239802083
exact-v9-5-to-6mwe,320784,3180,feedwater-inventory,SaturatedMixture,3.3685953637434963E-05,691.4255740379883,203692.11129023216,48.489980612036334,0.011454967824358168,true,REGION-4-MIXTURE,SaturatedMixture,48.634427432715825,0.01153821940010395,3.390812144640319E-05,8.325157574578211E-05
exact-v9-5-to-6mwe,326784,3240,suction,SubcooledLiquid,,750.4377202844439,1179200.9280948318,280.7721257368647,10.521608456465506,true,REGION-4-MIXTURE,SaturatedMixture,270.0122033536435,5.503889998846662,0.000860219113112955,-5.017718457618844
exact-v9-5-to-6mwe,326784,3240,pressure,SubcooledLiquid,,748.5707650689744,1182360.8563803541,281.52448961437005,9.063759536030933,true,REGION-4-MIXTURE,SaturatedMixture,270.63353503942506,5.557579996063622,0.0009156077236940463,-3.5061795399673104
exact-v9-5-to-6mwe,326784,3240,outlet,SaturatedMixture,0.09106566992956491,290.05327742289126,1345670.5179712113,293.55527872274627,7.834748240588276,true,REGION-4-MIXTURE,SaturatedMixture,282.8545599937439,6.69733143083666,0.07679557124877807,-1.137416809751616
exact-v9-5-to-6mwe,326784,3240,drum,SaturatedMixture,0.047608999904052346,375.42461151203463,1246614.3231581186,282.0131108869241,6.613580817087217,true,REGION-4-MIXTURE,SaturatedMixture,272.23506702184693,5.697814743164656,0.04103166677675099,-0.915766073922561
exact-v9-5-to-6mwe,326784,3240,feedwater-inventory,SaturatedMixture,3.458781036153935E-05,686.16661049849,203807.66450231674,48.51700832068468,0.011470505845351215,true,REGION-4-MIXTURE,SaturatedMixture,48.661590208113125,0.011553932471940021,3.4816192105850345E-05,8.342662658880617E-05
exact-v9-5-to-6mwe,332784,3300,suction,SubcooledLiquid,,750.4377202844439,1179283.6153541892,280.791813179569,10.626755851392023,true,REGION-4-MIXTURE,SaturatedMixture,270.02921333909023,5.505354557604314,0.0008590729004464013,-5.1214012937877085
exact-v9-5-to-6mwe,332784,3300,pressure,SubcooledLiquid,,748.5242423383145,1182510.8678789567,281.5602066378468,9.118832616104845,true,REGION-4-MIXTURE,SaturatedMixture,270.6636452496051,5.560191973857533,0.0009160111196289211,-3.558640642247312
exact-v9-5-to-6mwe,332784,3300,outlet,SaturatedMixture,0.08924822707615129,294.3061427820186,1344391.7086582272,293.82125870926336,7.864783726902702,true,REGION-4-MIXTURE,SaturatedMixture,283.03934067487717,6.7158309071041336,0.07519916030673499,-1.1489528197985681
exact-v9-5-to-6mwe,332784,3300,drum,SaturatedMixture,0.04771750721263266,375.1428449496296,1246956.3362379433,282.0640910170973,6.6186320507274425,true,REGION-4-MIXTURE,SaturatedMixture,272.2806400775909,5.701844384268872,0.04112100214620031,-0.9167876664585703
exact-v9-5-to-6mwe,332784,3300,feedwater-inventory,SaturatedMixture,3.5500197373437366E-05,680.9312578195799,203920.55037975998,48.543395303589136,0.011485692968270077,true,REGION-4-MIXTURE,SaturatedMixture,48.6881090790032,0.011569290774161642,3.573486890483215E-05,8.359780589156478E-05
exact-v9-5-to-6mwe,338784,3360,suction,SubcooledLiquid,,750.4377202844439,1179365.6443568605,280.81134389449073,10.73108968014637,true,REGION-4-MIXTURE,SaturatedMixture,270.0460875153541,5.506807717187623,0.0008579348423767799,-5.224281962958747
exact-v9-5-to-6mwe,338784,3360,pressure,SubcooledLiquid,,748.4780885131817,1182659.6558135375,281.5956323365566,9.173480613907769,true,REGION-4-MIXTURE,SaturatedMixture,270.6935077905654,5.562783392689579,0.000916411596609241,-3.6106972212181896
exact-v9-5-to-6mwe,338784,3360,outlet,SaturatedMixture,0.08747958606734521,298.54141975117676,1343168.5424244783,294.0844276294207,7.89458850858303,true,REGION-4-MIXTURE,SaturatedMixture,283.2220691144465,6.7341632905138695,0.07364853708977144,-1.16042521806916
exact-v9-5-to-6mwe,338784,3360,drum,SaturatedMixture,0.047825382728547486,374.86344845622614,1247295.8971492166,282.1146738552444,6.623646832089748,true,REGION-4-MIXTURE,SaturatedMixture,272.32585906982433,5.705844868757024,0.041209807109108106,-0.9178019633327246
exact-v9-5-to-6mwe,338784,3360,feedwater-inventory,SaturatedMixture,3.642328510876028E-05,675.7191852693664,204030.84844556195,48.56916039934441,0.011500538813463015,true,REGION-4-MIXTURE,SaturatedMixture,48.71400299817316,0.011584304042502129,3.6664323410854114E-05,8.37652290391136E-05
exact-v9-5-to-6mwe,344784,3420,suction,SubcooledLiquid,,750.4377202844439,1179447.014576924,280.83071775641054,10.834608719528426,true,REGION-4-MIXTURE,SaturatedMixture,270.06282575726516,5.508249459784203,0.0008568049707157653,-5.326359259744223
exact-v9-5-to-6mwe,344784,3420,pressure,SubcooledLiquid,,748.4323036988498,1182807.2207907226,281.630766854934,9.227703294767077,true,REGION-4-MIXTURE,SaturatedMixture,270.7231227874755,5.565354240714251,0.0009168091489883651,-3.662349054052825
exact-v9-5-to-6mwe,344784,3420,outlet,SaturatedMixture,0.08575731705647814,302.75949333513205,1341997.80777921,294.34481042340394,7.924162836678663,true,REGION-4-MIXTURE,SaturatedMixture,283.4027534067633,6.752328165142736,0.07214143270317529,-1.171834671535927
exact-v9-5-to-6mwe,344784,3420,drum,SaturatedMixture,0.04793261893174579,374.5864278847705,1247632.995492547,282.1648589316011,6.628625047371366,true,REGION-4-MIXTURE,SaturatedMixture,272.3707235813141,5.709816110157342,0.041298075654385466,-0.918808937214024
exact-v9-5-to-6mwe,344784,3420,feedwater-inventory,SaturatedMixture,3.735725311489959E-05,670.5300748802205,204138.64702467097,48.59432453912916,0.01151505428425797,true,REGION-4-MIXTURE,SaturatedMixture,48.739292983710754,0.011598983288564187,3.76047363253798E-05,8.392900430621679E-05
exact-v9-5-to-6mwe,350784,3480,suction,SubcooledLiquid,,750.4377202844439,1179527.7263865585,280.8499348539425,10.937312892776431,true,REGION-4-MIXTURE,SaturatedMixture,270.0794281482697,5.509679785602554,0.0008556833030399346,-5.427633107173877
exact-v9-5-to-6mwe,350784,3480,pressure,SubcooledLiquid,,748.3868875200354,1182953.5649771197,281.665610708838,9.28150101866171,true,REGION-4-MIXTURE,SaturatedMixture,270.7524907827377,5.567904542519021,0.0009172037679597825,-3.7135964761426896
exact-v9-5-to-6mwe,350784,3480,outlet,SaturatedMixture,0.0840791594352721,306.96073096045836,1340876.5299860984,294.6024345510406,7.953507300272262,true,REGION-4-MIXTURE,SaturatedMixture,283.581404775381,6.7703254480568225,0.0706757354364547,-1.1831818522154398
exact-v9-5-to-6mwe,350784,3480,drum,SaturatedMixture,0.04803920940989077,374.31178647616457,1247967.6247235995,282.2146463742853,6.63356664250497,true,REGION-4-MIXTURE,SaturatedMixture,272.41523357033736,5.713758055542784,0.04138580257893774,-0.9198085869621861
exact-v9-5-to-6mwe,350784,3480,feedwater-inventory,SaturatedMixture,3.830228996810919E-05,665.3636196687887,204244.0410204399,48.61891021288352,0.011529251262306315,true,REGION-4-MIXTURE,SaturatedMixture,48.76400166004896,0.011613340536697958,3.8556297528652304E-05,8.408927439164382E-05
exact-v9-5-to-6mwe,356784,3540,suction,SubcooledLiquid,,750.4377202844439,1179603.566021282,280.86799190982913,11.033837986771502,true,REGION-4-MIXTURE,SaturatedMixture,270.0950280129906,5.511024000382143,0.0008546284891913405,-5.522813986389359
exact-v9-5-to-6mwe,356784,3540,pressure,SubcooledLiquid,,748.3419871416147,1183096.5966006303,281.699665857293,9.332624780942,true,REGION-4-MIXTURE,SaturatedMixture,270.78118436336524,5.570397140207878,0.0009176168266594888,-3.762227640734122
exact-v9-5-to-6mwe,356784,3540,outlet,SaturatedMixture,0.08249763683271535,311.01143271957005,1339846.9849356883,294.8513197915071,7.981935373875966,true,REGION-4-MIXTURE,SaturatedMixture,283.75422302484503,6.787769959667375,0.06929664510709205,-1.194165414208591
exact-v9-5-to-6mwe,356784,3540,drum,SaturatedMixture,0.04812179263005962,374.11828245414034,1248252.8367567447,282.2598427302995,6.638054991215536,true,REGION-4-MIXTURE,SaturatedMixture,272.45532531738286,5.717310485824585,0.041453280580963016,-0.9207445053909504
exact-v9-5-to-6mwe,356784,3540,feedwater-inventory,SaturatedMixture,3.923432232270699E-05,660.3564925540144,204347.63994444453,48.64307552280491,0.01154322013974012,true,REGION-4-MIXTURE,SaturatedMixture,48.78828783631326,0.011627467147162403,3.9494772359180835E-05,8.424700742228237E-05
exact-v9-5-to-6mwe,362784,3600,suction,SubcooledLiquid,,750.4377202844439,1179663.0873126807,280.8821636458764,11.109607895632697,true,REGION-4-MIXTURE,SaturatedMixture,270.1072710335253,5.512079136764695,0.0008538000588545077,-5.597528758868003
exact-v9-5-to-6mwe,362784,3600,pressure,SubcooledLiquid,,748.303310433867,1183216.935926732,281.72831807779335,9.373027917219591,true,REGION-4-MIXTURE,SaturatedMixture,270.80531049966817,5.572493625460157,0.0009180126690343663,-3.8005342917594342
exact-v9-5-to-6mwe,362784,3600,outlet,SaturatedMixture,0.08132347313715003,314.10480916889054,1339136.5620173137,295.0498714248557,8.00467004362931,true,REGION-4-MIXTURE,SaturatedMixture,283.8935488522053,6.801858689105436,0.06827265782886191,-1.2028113545238748
exact-v9-5-to-6mwe,362784,3600,drum,SaturatedMixture,0.04816437496339546,374.0512473508993,1248445.2954397616,282.2947173087904,6.6415198928474535,true,REGION-4-MIXTURE,SaturatedMixture,272.4857955574988,5.72001150588309,0.04148723189994979,-0.9215083869643639
exact-v9-5-to-6mwe,362784,3600,feedwater-inventory,SaturatedMixture,3.997257239435722E-05,656.5187761476099,204457.34354266708,48.66879873485021,0.011558105529612594,true,REGION-4-MIXTURE,SaturatedMixture,48.81413910388949,0.0116425203302435,4.023817744488553E-05,8.441480063090499E-05
