probe_id,logical_step,elapsed_s,node_id,reference_region,reference_phase,sample_count,median_us,p95_us,max_us,max_pass_index,max_row_index,calls_over_max_ceiling,exceedance_fraction,tail_classification
background-reference,0,0,feedwater-inventory,REGION-1,SubcooledLiquid,64,14.5,20.5,27.5,14,4,0,0,WITHIN-CEILING
background-reference,12000,120,feedwater-inventory,REGION-1,SubcooledLiquid,64,14.3,16.5,34.2,0,14,0,0,WITHIN-CEILING
background-reference,6000,60,feedwater-inventory,REGION-1,SubcooledLiquid,64,14.3,16.3,18.9,61,9,0,0,WITHIN-CEILING
background-reference,18000,180,feedwater-inventory,REGION-1,SubcooledLiquid,64,14.350000000000001,15.4,16.9,25,19,0,0,WITHIN-CEILING
background-reference,42000,420,feedwater-inventory,REGION-1,SubcooledLiquid,64,14.3,15.2,18.3,28,39,0,0,WITHIN-CEILING
background-reference,48000,480,feedwater-inventory,REGION-1,SubcooledLiquid,64,14.3,15.1,19.3,28,44,0,0,WITHIN-CEILING
background-reference,24000,240,feedwater-inventory,REGION-1,SubcooledLiquid,64,14.350000000000001,15.1,16.5,51,24,0,0,WITHIN-CEILING
background-reference,60000,600,feedwater-inventory,REGION-1,SubcooledLiquid,64,14.350000000000001,15.1,15.9,60,54,0,0,WITHIN-CEILING
background-reference,54000,540,feedwater-inventory,REGION-1,SubcooledLiquid,64,14.3,15,150.5,60,49,0,0,WITHIN-CEILING
exact-v9-5-to-6mwe,2784,0,feedwater-inventory,REGION-1,SubcooledLiquid,64,14.3,15,121.6,60,59,0,0,WITHIN-CEILING
background-reference,30000,300,feedwater-inventory,REGION-1,SubcooledLiquid,64,14.4,15,16.7,51,29,0,0,WITHIN-CEILING
background-reference,36000,360,feedwater-inventory,REGION-1,SubcooledLiquid,64,14.3,15,15.1,53,34,0,0,WITHIN-CEILING
exact-v9-5-to-6mwe,128784,1260,outlet,REGION-4-MIXTURE,SaturatedMixture,64,2.3,2.7,3.5,10,162,0,0,WITHIN-CEILING
exact-v9-5-to-6mwe,110784,1080,outlet,REGION-4-MIXTURE,SaturatedMixture,64,2.2,2.6,26.6,33,147,0,0,WITHIN-CEILING
exact-v9-5-to-6mwe,110784,1080,drum,REGION-4-MIXTURE,SaturatedMixture,64,2.2,2.6,3.2,15,148,0,0,WITHIN-CEILING
exact-v9-5-to-6mwe,116784,1140,outlet,REGION-4-MIXTURE,SaturatedMixture,64,2.2,2.6,2.8,52,152,0,0,WITHIN-CEILING
exact-v9-5-to-6mwe,50784,480,drum,REGION-4-MIXTURE,SaturatedMixture,64,2.1,2.5,66.2,42,98,0,0,WITHIN-CEILING
exact-v9-5-to-6mwe,116784,1140,suction,REGION-4-MIXTURE,SaturatedMixture,64,2.2,2.5,9.4,61,150,0,0,WITHIN-CEILING
exact-v9-5-to-6mwe,56784,540,suction,REGION-4-MIXTURE,SaturatedMixture,64,2.2,2.5,3.5,25,100,0,0,WITHIN-CEILING
exact-v9-5-to-6mwe,74784,720,pressure,REGION-4-MIXTURE,SaturatedMixture,64,2.2,2.5,3.5,56,116,0,0,WITHIN-CEILING
exact-v9-5-to-6mwe,38784,360,outlet,REGION-4-MIXTURE,SaturatedMixture,64,2.2,2.5,3.4,42,87,0,0,WITHIN-CEILING
exact-v9-5-to-6mwe,50784,480,outlet,REGION-4-MIXTURE,SaturatedMixture,64,2.2,2.5,3.4,28,97,0,0,WITHIN-CEILING
exact-v9-5-to-6mwe,362784,3600,drum,REGION-4-MIXTURE,SaturatedMixture,64,2.2,2.5,3.4,62,358,0,0,WITHIN-CEILING
exact-v9-5-to-6mwe,128784,1260,pressure,REGION-4-MIXTURE,SaturatedMixture,64,2.2,2.5,3.2,49,161,0,0,WITHIN-CEILING
exact-v9-5-to-6mwe,104784,1020,suction,REGION-4-MIXTURE,SaturatedMixture,64,2.2,2.5,3.1,53,140,0,0,WITHIN-CEILING
exact-v9-5-to-6mwe,104784,1020,pressure,REGION-4-MIXTURE,SaturatedMixture,64,2.2,2.5,3.1,53,141,0,0,WITHIN-CEILING
exact-v9-5-to-6mwe,116784,1140,pressure,REGION-4-MIXTURE,SaturatedMixture,64,2.2,2.5,3.1,52,151,0,0,WITHIN-CEILING
exact-v9-5-to-6mwe,128784,1260,suction,REGION-4-MIXTURE,SaturatedMixture,64,2.2,2.5,3.1,49,160,0,0,WITHIN-CEILING
exact-v9-5-to-6mwe,68784,660,suction,REGION-4-MIXTURE,SaturatedMixture,64,2.2,2.5,3,15,110,0,0,WITHIN-CEILING
exact-v9-5-to-6mwe,44784,420,outlet,REGION-4-MIXTURE,SaturatedMixture,64,2.2,2.5,2.7,25,92,0,0,WITHIN-CEILING
exact-v9-5-to-6mwe,140784,1380,outlet,REGION-4-MIXTURE,SaturatedMixture,64,2.2,2.5,2.7,0,172,0,0,WITHIN-CEILING
exact-v9-5-to-6mwe,146784,1440,outlet,REGION-4-MIXTURE,SaturatedMixture,64,2.2,2.5,2.7,0,177,0,0,WITHIN-CEILING
exact-v9-5-to-6mwe,146784,1440,drum,REGION-4-MIXTURE,SaturatedMixture,64,2.2,2.5,2.7,0,178,0,0,WITHIN-CEILING
exact-v9-5-to-6mwe,50784,480,pressure,REGION-4-MIXTURE,SaturatedMixture,64,2.1,2.5,2.6,25,96,0,0,WITHIN-CEILING
exact-v9-5-to-6mwe,50784,480,suction,REGION-4-MIXTURE,SaturatedMixture,64,2.1,2.5,2.5,10,95,0,0,WITHIN-CEILING
exact-v9-5-to-6mwe,134784,1320,drum,REGION-4-MIXTURE,SaturatedMixture,64,2.2,2.4,16.5,14,168,0,0,WITHIN-CEILING
exact-v9-5-to-6mwe,332784,3300,outlet,REGION-4-MIXTURE,SaturatedMixture,64,2.3,2.4,13.9,61,332,0,0,WITHIN-CEILING
exact-v9-5-to-6mwe,152784,1500,pressure,REGION-4-MIXTURE,SaturatedMixture,64,2.1500000000000004,2.4,12.2,49,181,0,0,WITHIN-CEILING
background-reference,0,0,suction,REGION-4-MIXTURE,SaturatedMixture,64,2.1,2.4,4.9,0,0,0,0,WITHIN-CEILING
exact-v9-5-to-6mwe,158784,1560,outlet,REGION-4-MIXTURE,SaturatedMixture,64,2.2,2.4,3.4,43,187,0,0,WITHIN-CEILING
exact-v9-5-to-6mwe,230784,2280,outlet,REGION-4-MIXTURE,SaturatedMixture,64,2.3,2.4,3.4,52,247,0,0,WITHIN-CEILING
exact-v9-5-to-6mwe,236784,2340,outlet,REGION-4-MIXTURE,SaturatedMixture,64,2.2,2.4,3.4,53,252,0,0,WITHIN-CEILING
exact-v9-5-to-6mwe,62784,600,drum,REGION-4-MIXTURE,SaturatedMixture,64,2.2,2.4,3.2,15,108,0,0,WITHIN-CEILING
exact-v9-5-to-6mwe,128784,1260,drum,REGION-4-MIXTURE,SaturatedMixture,64,2.2,2.4,3.2,15,163,0,0,WITHIN-CEILING
exact-v9-5-to-6mwe,338784,3360,outlet,REGION-4-MIXTURE,SaturatedMixture,64,2.3,2.4,3,25,337,0,0,WITHIN-CEILING
background-reference,6000,60,suction,REGION-4-MIXTURE,SaturatedMixture,64,2.1,2.4,2.9,61,5,0,0,WITHIN-CEILING
exact-v9-5-to-6mwe,356784,3540,outlet,REGION-4-MIXTURE,SaturatedMixture,64,2.3,2.4,2.8,61,352,0,0,WITHIN-CEILING
exact-v9-5-to-6mwe,74784,720,outlet,REGION-4-MIXTURE,SaturatedMixture,64,2.2,2.4,2.7,10,117,0,0,WITHIN-CEILING
exact-v9-5-to-6mwe,122784,1200,pressure,REGION-4-MIXTURE,SaturatedMixture,64,2.1,2.4,2.7,20,156,0,0,WITHIN-CEILING
exact-v9-5-to-6mwe,134784,1320,suction,REGION-4-MIXTURE,SaturatedMixture,64,2.2,2.4,2.7,15,165,0,0,WITHIN-CEILING
exact-v9-5-to-6mwe,134784,1320,outlet,REGION-4-MIXTURE,SaturatedMixture,64,2.2,2.4,2.7,0,167,0,0,WITHIN-CEILING
exact-v9-5-to-6mwe,146784,1440,suction,REGION-4-MIXTURE,SaturatedMixture,64,2.1,2.4,2.7,0,175,0,0,WITHIN-CEILING
exact-v9-5-to-6mwe,152784,1500,outlet,REGION-4-MIXTURE,SaturatedMixture,64,2.2,2.4,2.7,0,182,0,0,WITHIN-CEILING
exact-v9-5-to-6mwe,224784,2220,outlet,REGION-4-MIXTURE,SaturatedMixture,64,2.3,2.4,2.7,53,242,0,0,WITHIN-CEILING
exact-v9-5-to-6mwe,38784,360,suction,REGION-4-MIXTURE,SaturatedMixture,64,2.1,2.4,2.6,25,85,0,0,WITHIN-CEILING
exact-v9-5-to-6mwe,38784,360,drum,REGION-4-MIXTURE,SaturatedMixture,64,2.2,2.4,2.6,10,88,0,0,WITHIN-CEILING
exact-v9-5-to-6mwe,44784,420,pressure,REGION-4-MIXTURE,SaturatedMixture,64,2.1,2.4,2.6,25,91,0,0,WITHIN-CEILING
exact-v9-5-to-6mwe,44784,420,drum,REGION-4-MIXTURE,SaturatedMixture,64,2.1,2.4,2.6,25,93,0,0,WITHIN-CEILING
exact-v9-5-to-6mwe,56784,540,outlet,REGION-4-MIXTURE,SaturatedMixture,64,2.2,2.4,2.6,56,102,0,0,WITHIN-CEILING
exact-v9-5-to-6mwe,68784,660,pressure,REGION-4-MIXTURE,SaturatedMixture,64,2.2,2.4,2.6,10,111,0,0,WITHIN-CEILING
exact-v9-5-to-6mwe,68784,660,outlet,REGION-4-MIXTURE,SaturatedMixture,64,2.2,2.4,2.6,10,112,0,0,WITHIN-CEILING
exact-v9-5-to-6mwe,104784,1020,outlet,REGION-4-MIXTURE,SaturatedMixture,64,2.2,2.4,2.6,10,142,0,0,WITHIN-CEILING
exact-v9-5-to-6mwe,122784,1200,outlet,REGION-4-MIXTURE,SaturatedMixture,64,2.2,2.4,2.6,10,157,0,0,WITHIN-CEILING
exact-v9-5-to-6mwe,134784,1320,pressure,REGION-4-MIXTURE,SaturatedMixture,64,2.2,2.4,2.6,0,166,0,0,WITHIN-CEILING
exact-v9-5-to-6mwe,140784,1380,pressure,REGION-4-MIXTURE,SaturatedMixture,64,2.2,2.4,2.6,0,171,0,0,WITHIN-CEILING
exact-v9-5-to-6mwe,140784,1380,drum,REGION-4-MIXTURE,SaturatedMixture,64,2.2,2.4,2.6,0,173,0,0,WITHIN-CEILING
exact-v9-5-to-6mwe,146784,1440,pressure,REGION-4-MIXTURE,SaturatedMixture,64,2.2,2.4,2.6,0,176,0,0,WITHIN-CEILING
exact-v9-5-to-6mwe,200784,1980,outlet,REGION-4-MIXTURE,SaturatedMixture,64,2.2,2.4,2.6,42,222,0,0,WITHIN-CEILING
exact-v9-5-to-6mwe,260784,2580,outlet,REGION-4-MIXTURE,SaturatedMixture,64,2.3,2.4,2.6,43,272,0,0,WITHIN-CEILING
exact-v9-5-to-6mwe,344784,3420,outlet,REGION-4-MIXTURE,SaturatedMixture,64,2.3,2.4,2.6,25,342,0,0,WITHIN-CEILING
exact-v9-5-to-6mwe,56784,540,pressure,REGION-4-MIXTURE,SaturatedMixture,64,2.1,2.4,2.5,10,101,0,0,WITHIN-CEILING
exact-v9-5-to-6mwe,140784,1380,suction,REGION-4-MIXTURE,SaturatedMixture,64,2.2,2.4,2.5,0,170,0,0,WITHIN-CEILING
exact-v9-5-to-6mwe,170784,1680,outlet,REGION-4-MIXTURE,SaturatedMixture,64,2.2,2.4,2.5,14,197,0,0,WITHIN-CEILING
exact-v9-5-to-6mwe,2784,0,suction,REGION-4-MIXTURE,SaturatedMixture,64,2.2,2.4,2.4,26,55,0,0,WITHIN-CEILING
exact-v9-5-to-6mwe,8784,60,suction,REGION-4-MIXTURE,SaturatedMixture,64,2.2,2.4,2.4,14,60,0,0,WITHIN-CEILING
exact-v9-5-to-6mwe,14784,120,outlet,REGION-4-MIXTURE,SaturatedMixture,64,2.2,2.4,2.4,15,67,0,0,WITHIN-CEILING
exact-v9-5-to-6mwe,272784,2700,outlet,REGION-4-MIXTURE,SaturatedMixture,64,2.3,2.4,2.4,0,282,0,0,WITHIN-CEILING
exact-v9-5-to-6mwe,284784,2820,outlet,REGION-4-MIXTURE,SaturatedMixture,64,2.2,2.4,2.4,41,292,0,0,WITHIN-CEILING
exact-v9-5-to-6mwe,338784,3360,drum,REGION-4-MIXTURE,SaturatedMixture,64,2.2,2.3,119.6,25,338,0,0,WITHIN-CEILING
exact-v9-5-to-6mwe,32784,300,drum,REGION-4-MIXTURE,SaturatedMixture,64,2.2,2.3,44.6,7,83,0,0,WITHIN-CEILING
exact-v9-5-to-6mwe,8784,60,outlet,REGION-4-MIXTURE,SaturatedMixture,64,2.2,2.3,30.8,51,62,0,0,WITHIN-CEILING
exact-v9-5-to-6mwe,32784,300,outlet,REGION-4-MIXTURE,SaturatedMixture,64,2.2,2.3,30.8,7,82,0,0,WITHIN-CEILING
exact-v9-5-to-6mwe,26784,240,pressure,REGION-4-MIXTURE,SaturatedMixture,64,2.1,2.3,20.5,13,76,0,0,WITHIN-CEILING
exact-v9-5-to-6mwe,332784,3300,pressure,REGION-4-MIXTURE,SaturatedMixture,64,2.2,2.3,15.4,61,331,0,0,WITHIN-CEILING
exact-v9-5-to-6mwe,212784,2100,suction,REGION-4-MIXTURE,SaturatedMixture,64,2.2,2.3,13.6,0,230,0,0,WITHIN-CEILING
exact-v9-5-to-6mwe,338784,3360,suction,REGION-4-MIXTURE,SaturatedMixture,64,2.2,2.3,9.7,61,335,0,0,WITHIN-CEILING
exact-v9-5-to-6mwe,278784,2760,outlet,REGION-4-MIXTURE,SaturatedMixture,64,2.2,2.3,5.1,0,287,0,0,WITHIN-CEILING
exact-v9-5-to-6mwe,278784,2760,pressure,REGION-4-MIXTURE,SaturatedMixture,64,2.2,2.3,4.7,0,286,0,0,WITHIN-CEILING
background-reference,12000,120,suction,REGION-4-MIXTURE,SaturatedMixture,64,2.1,2.3,4.2,25,10,0,0,WITHIN-CEILING
background-reference,0,0,pressure,REGION-4-MIXTURE,SaturatedMixture,64,2.1,2.3,3.6,0,1,0,0,WITHIN-CEILING
exact-v9-5-to-6mwe,158784,1560,drum,REGION-4-MIXTURE,SaturatedMixture,64,2.1500000000000004,2.3,3.6,0,188,0,0,WITHIN-CEILING
exact-v9-5-to-6mwe,188784,1860,suction,REGION-4-MIXTURE,SaturatedMixture,64,2.1,2.3,3.6,14,210,0,0,WITHIN-CEILING
exact-v9-5-to-6mwe,74784,720,drum,REGION-4-MIXTURE,SaturatedMixture,64,2.2,2.3,3.5,7,118,0,0,WITHIN-CEILING
background-reference,36000,360,suction,REGION-4-MIXTURE,SaturatedMixture,64,2.1,2.3,3.4,51,30,0,0,WITHIN-CEILING
background-reference,48000,480,suction,REGION-4-MIXTURE,SaturatedMixture,64,2.1,2.3,3.4,28,40,0,0,WITHIN-CEILING
background-reference,54000,540,suction,REGION-4-MIXTURE,SaturatedMixture,64,2.1,2.3,3.4,28,45,0,0,WITHIN-CEILING
exact-v9-5-to-6mwe,200784,1980,suction,REGION-4-MIXTURE,SaturatedMixture,64,2.2,2.3,3.4,52,220,0,0,WITHIN-CEILING
exact-v9-5-to-6mwe,224784,2220,pressure,REGION-4-MIXTURE,SaturatedMixture,64,2.2,2.3,3.4,14,241,0,0,WITHIN-CEILING
background-reference,60000,600,suction,REGION-4-MIXTURE,SaturatedMixture,64,2.1,2.3,3.3,60,50,0,0,WITHIN-CEILING
exact-v9-5-to-6mwe,20784,180,drum,REGION-4-MIXTURE,SaturatedMixture,64,2.2,2.3,3.3,14,73,0,0,WITHIN-CEILING
exact-v9-5-to-6mwe,26784,240,outlet,REGION-4-MIXTURE,SaturatedMixture,64,2.2,2.3,3.3,15,77,0,0,WITHIN-CEILING
exact-v9-5-to-6mwe,182784,1800,suction,REGION-4-MIXTURE,SaturatedMixture,64,2.2,2.3,3.3,43,205,0,0,WITHIN-CEILING
exact-v9-5-to-6mwe,266784,2640,outlet,REGION-4-MIXTURE,SaturatedMixture,64,2.2,2.3,3.3,43,277,0,0,WITHIN-CEILING
exact-v9-5-to-6mwe,266784,2640,drum,REGION-4-MIXTURE,SaturatedMixture,64,2.2,2.3,3.3,34,278,0,0,WITHIN-CEILING
exact-v9-5-to-6mwe,272784,2700,suction,REGION-4-MIXTURE,SaturatedMixture,64,2.2,2.3,3.3,15,280,0,0,WITHIN-CEILING
exact-v9-5-to-6mwe,278784,2760,suction,REGION-4-MIXTURE,SaturatedMixture,64,2.2,2.3,3.3,0,285,0,0,WITHIN-CEILING
exact-v9-5-to-6mwe,290784,2880,drum,REGION-4-MIXTURE,SaturatedMixture,64,2.2,2.3,3.3,25,298,0,0,WITHIN-CEILING
exact-v9-5-to-6mwe,326784,3240,pressure,REGION-4-MIXTURE,SaturatedMixture,64,2.2,2.3,3.3,15,326,0,0,WITHIN-CEILING
exact-v9-5-to-6mwe,326784,3240,outlet,REGION-4-MIXTURE,SaturatedMixture,64,2.3,2.3,3.3,61,327,0,0,WITHIN-CEILING
exact-v9-5-to-6mwe,20784,180,outlet,REGION-4-MIXTURE,SaturatedMixture,64,2.2,2.3,3.2,14,72,0,0,WITHIN-CEILING
exact-v9-5-to-6mwe,26784,240,suction,REGION-4-MIXTURE,SaturatedMixture,64,2.2,2.3,3.2,14,75,0,0,WITHIN-CEILING
exact-v9-5-to-6mwe,266784,2640,suction,REGION-4-MIXTURE,SaturatedMixture,64,2.2,2.3,3.2,43,275,0,0,WITHIN-CEILING
exact-v9-5-to-6mwe,266784,2640,pressure,REGION-4-MIXTURE,SaturatedMixture,64,2.2,2.3,3.2,43,276,0,0,WITHIN-CEILING
exact-v9-5-to-6mwe,272784,2700,pressure,REGION-4-MIXTURE,SaturatedMixture,64,2.2,2.3,3.2,59,281,0,0,WITHIN-CEILING
exact-v9-5-to-6mwe,278784,2760,drum,REGION-4-MIXTURE,SaturatedMixture,64,2.2,2.3,3.2,0,288,0,0,WITHIN-CEILING
exact-v9-5-to-6mwe,326784,3240,suction,REGION-4-MIXTURE,SaturatedMixture,64,2.2,2.3,3.2,15,325,0,0,WITHIN-CEILING
exact-v9-5-to-6mwe,326784,3240,drum,REGION-4-MIXTURE,SaturatedMixture,64,2.2,2.3,3.2,61,328,0,0,WITHIN-CEILING
exact-v9-5-to-6mwe,20784,180,pressure,REGION-4-MIXTURE,SaturatedMixture,64,2.2,2.3,3.1,14,71,0,0,WITHIN-CEILING
exact-v9-5-to-6mwe,272784,2700,drum,REGION-4-MIXTURE,SaturatedMixture,64,2.2,2.3,3.1,0,283,0,0,WITHIN-CEILING
exact-v9-5-to-6mwe,206784,2040,drum,REGION-4-MIXTURE,SaturatedMixture,64,2.2,2.3,2.9,52,228,0,0,WITHIN-CEILING
exact-v9-5-to-6mwe,362784,3600,outlet,REGION-4-MIXTURE,SaturatedMixture,64,2.2,2.3,2.8,61,357,0,0,WITHIN-CEILING
background-reference,0,0,outlet,REGION-4-MIXTURE,SaturatedMixture,64,2.2,2.3,2.7,61,2,0,0,WITHIN-CEILING
background-reference,0,0,drum,REGION-4-MIXTURE,SaturatedMixture,64,2.1,2.3,2.7,61,3,0,0,WITHIN-CEILING
background-reference,6000,60,pressure,REGION-4-MIXTURE,SaturatedMixture,64,2.1,2.3,2.7,61,6,0,0,WITHIN-CEILING
exact-v9-5-to-6mwe,236784,2340,suction,REGION-4-MIXTURE,SaturatedMixture,64,2.2,2.3,2.7,33,250,0,0,WITHIN-CEILING
exact-v9-5-to-6mwe,290784,2880,outlet,REGION-4-MIXTURE,SaturatedMixture,64,2.3,2.3,2.7,25,297,0,0,WITHIN-CEILING
background-reference,6000,60,outlet,REGION-4-MIXTURE,SaturatedMixture,64,2.2,2.3,2.6,51,7,0,0,WITHIN-CEILING
exact-v9-5-to-6mwe,38784,360,pressure,REGION-4-MIXTURE,SaturatedMixture,64,2.2,2.3,2.6,25,86,0,0,WITHIN-CEILING
exact-v9-5-to-6mwe,44784,420,suction,REGION-4-MIXTURE,SaturatedMixture,64,2.2,2.3,2.6,10,90,0,0,WITHIN-CEILING
exact-v9-5-to-6mwe,56784,540,drum,REGION-4-MIXTURE,SaturatedMixture,64,2.2,2.3,2.6,20,103,0,0,WITHIN-CEILING
exact-v9-5-to-6mwe,62784,600,pressure,REGION-4-MIXTURE,SaturatedMixture,64,2.2,2.3,2.6,20,106,0,0,WITHIN-CEILING
exact-v9-5-to-6mwe,62784,600,outlet,REGION-4-MIXTURE,SaturatedMixture,64,2.2,2.3,2.6,20,107,0,0,WITHIN-CEILING
exact-v9-5-to-6mwe,68784,660,drum,REGION-4-MIXTURE,SaturatedMixture,64,2.2,2.3,2.6,10,113,0,0,WITHIN-CEILING
exact-v9-5-to-6mwe,74784,720,suction,REGION-4-MIXTURE,SaturatedMixture,64,2.2,2.3,2.6,20,115,0,0,WITHIN-CEILING
exact-v9-5-to-6mwe,80784,780,suction,REGION-4-MIXTURE,SaturatedMixture,64,2.1500000000000004,2.3,2.6,10,120,0,0,WITHIN-CEILING
exact-v9-5-to-6mwe,80784,780,pressure,REGION-4-MIXTURE,SaturatedMixture,64,2.2,2.3,2.6,10,121,0,0,WITHIN-CEILING
exact-v9-5-to-6mwe,80784,780,outlet,REGION-4-MIXTURE,SaturatedMixture,64,2.2,2.3,2.6,10,122,0,0,WITHIN-CEILING
exact-v9-5-to-6mwe,80784,780,drum,REGION-4-MIXTURE,SaturatedMixture,64,2.2,2.3,2.6,10,123,0,0,WITHIN-CEILING
exact-v9-5-to-6mwe,86784,840,pressure,REGION-4-MIXTURE,SaturatedMixture,64,2.2,2.3,2.6,10,126,0,0,WITHIN-CEILING
exact-v9-5-to-6mwe,86784,840,drum,REGION-4-MIXTURE,SaturatedMixture,64,2.2,2.3,2.6,10,128,0,0,WITHIN-CEILING
exact-v9-5-to-6mwe,92784,900,suction,REGION-4-MIXTURE,SaturatedMixture,64,2.1,2.3,2.6,20,130,0,0,WITHIN-CEILING
exact-v9-5-to-6mwe,92784,900,outlet,REGION-4-MIXTURE,SaturatedMixture,64,2.2,2.3,2.6,10,132,0,0,WITHIN-CEILING
exact-v9-5-to-6mwe,98784,960,outlet,REGION-4-MIXTURE,SaturatedMixture,64,2.2,2.3,2.6,10,137,0,0,WITHIN-CEILING
exact-v9-5-to-6mwe,98784,960,drum,REGION-4-MIXTURE,SaturatedMixture,64,2.2,2.3,2.6,20,138,0,0,WITHIN-CEILING
exact-v9-5-to-6mwe,104784,1020,drum,REGION-4-MIXTURE,SaturatedMixture,64,2.2,2.3,2.6,20,143,0,0,WITHIN-CEILING
exact-v9-5-to-6mwe,110784,1080,suction,REGION-4-MIXTURE,SaturatedMixture,64,2.2,2.3,2.6,20,145,0,0,WITHIN-CEILING
exact-v9-5-to-6mwe,164784,1620,suction,REGION-4-MIXTURE,SaturatedMixture,64,2.2,2.3,2.6,42,190,0,0,WITHIN-CEILING
exact-v9-5-to-6mwe,170784,1680,suction,REGION-4-MIXTURE,SaturatedMixture,64,2.2,2.3,2.6,14,195,0,0,WITHIN-CEILING
exact-v9-5-to-6mwe,170784,1680,drum,REGION-4-MIXTURE,SaturatedMixture,64,2.2,2.3,2.6,42,198,0,0,WITHIN-CEILING
exact-v9-5-to-6mwe,176784,1740,pressure,REGION-4-MIXTURE,SaturatedMixture,64,2.2,2.3,2.6,42,201,0,0,WITHIN-CEILING
exact-v9-5-to-6mwe,176784,1740,outlet,REGION-4-MIXTURE,SaturatedMixture,64,2.2,2.3,2.6,42,202,0,0,WITHIN-CEILING
exact-v9-5-to-6mwe,182784,1800,outlet,REGION-4-MIXTURE,SaturatedMixture,64,2.2,2.3,2.6,42,207,0,0,WITHIN-CEILING
exact-v9-5-to-6mwe,188784,1860,outlet,REGION-4-MIXTURE,SaturatedMixture,64,2.2,2.3,2.6,42,212,0,0,WITHIN-CEILING
exact-v9-5-to-6mwe,194784,1920,suction,REGION-4-MIXTURE,SaturatedMixture,64,2.2,2.3,2.6,42,215,0,0,WITHIN-CEILING
exact-v9-5-to-6mwe,194784,1920,outlet,REGION-4-MIXTURE,SaturatedMixture,64,2.2,2.3,2.6,42,217,0,0,WITHIN-CEILING
exact-v9-5-to-6mwe,344784,3420,drum,REGION-4-MIXTURE,SaturatedMixture,64,2.2,2.3,2.6,61,343,0,0,WITHIN-CEILING
exact-v9-5-to-6mwe,350784,3480,suction,REGION-4-MIXTURE,SaturatedMixture,64,2.2,2.3,2.6,61,345,0,0,WITHIN-CEILING
exact-v9-5-to-6mwe,350784,3480,outlet,REGION-4-MIXTURE,SaturatedMixture,64,2.3,2.3,2.6,61,347,0,0,WITHIN-CEILING
exact-v9-5-to-6mwe,350784,3480,drum,REGION-4-MIXTURE,SaturatedMixture,64,2.2,2.3,2.6,61,348,0,0,WITHIN-CEILING
exact-v9-5-to-6mwe,356784,3540,suction,REGION-4-MIXTURE,SaturatedMixture,64,2.2,2.3,2.6,61,350,0,0,WITHIN-CEILING
exact-v9-5-to-6mwe,356784,3540,pressure,REGION-4-MIXTURE,SaturatedMixture,64,2.1,2.3,2.6,61,351,0,0,WITHIN-CEILING
exact-v9-5-to-6mwe,356784,3540,drum,REGION-4-MIXTURE,SaturatedMixture,64,2.2,2.3,2.6,61,353,0,0,WITHIN-CEILING
exact-v9-5-to-6mwe,362784,3600,pressure,REGION-4-MIXTURE,SaturatedMixture,64,2.2,2.3,2.6,61,356,0,0,WITHIN-CEILING
background-reference,6000,60,drum,REGION-4-MIXTURE,SaturatedMixture,64,2.1,2.3,2.5,61,8,0,0,WITHIN-CEILING
background-reference,18000,180,suction,REGION-4-MIXTURE,SaturatedMixture,64,2.1,2.3,2.5,51,15,0,0,WITHIN-CEILING
background-reference,24000,240,suction,REGION-4-MIXTURE,SaturatedMixture,64,2.1,2.3,2.5,51,20,0,0,WITHIN-CEILING
background-reference,30000,300,suction,REGION-4-MIXTURE,SaturatedMixture,64,2.1,2.3,2.5,51,25,0,0,WITHIN-CEILING
exact-v9-5-to-6mwe,62784,600,suction,REGION-4-MIXTURE,SaturatedMixture,64,2.2,2.3,2.5,10,105,0,0,WITHIN-CEILING
exact-v9-5-to-6mwe,86784,840,outlet,REGION-4-MIXTURE,SaturatedMixture,64,2.2,2.3,2.5,10,127,0,0,WITHIN-CEILING
exact-v9-5-to-6mwe,92784,900,drum,REGION-4-MIXTURE,SaturatedMixture,64,2.2,2.3,2.5,10,133,0,0,WITHIN-CEILING
exact-v9-5-to-6mwe,98784,960,suction,REGION-4-MIXTURE,SaturatedMixture,64,2.2,2.3,2.5,10,135,0,0,WITHIN-CEILING
exact-v9-5-to-6mwe,98784,960,pressure,REGION-4-MIXTURE,SaturatedMixture,64,2.2,2.3,2.5,10,136,0,0,WITHIN-CEILING
exact-v9-5-to-6mwe,110784,1080,pressure,REGION-4-MIXTURE,SaturatedMixture,64,2.2,2.3,2.5,10,146,0,0,WITHIN-CEILING
exact-v9-5-to-6mwe,116784,1140,drum,REGION-4-MIXTURE,SaturatedMixture,64,2.2,2.3,2.5,10,153,0,0,WITHIN-CEILING
exact-v9-5-to-6mwe,122784,1200,suction,REGION-4-MIXTURE,SaturatedMixture,64,2.1500000000000004,2.3,2.5,10,155,0,0,WITHIN-CEILING
exact-v9-5-to-6mwe,122784,1200,drum,REGION-4-MIXTURE,SaturatedMixture,64,2.2,2.3,2.5,10,158,0,0,WITHIN-CEILING
exact-v9-5-to-6mwe,152784,1500,suction,REGION-4-MIXTURE,SaturatedMixture,64,2.1,2.3,2.5,0,180,0,0,WITHIN-CEILING
exact-v9-5-to-6mwe,152784,1500,drum,REGION-4-MIXTURE,SaturatedMixture,64,2.2,2.3,2.5,0,183,0,0,WITHIN-CEILING
exact-v9-5-to-6mwe,158784,1560,suction,REGION-4-MIXTURE,SaturatedMixture,64,2.1,2.3,2.5,0,185,0,0,WITHIN-CEILING
exact-v9-5-to-6mwe,158784,1560,pressure,REGION-4-MIXTURE,SaturatedMixture,64,2.2,2.3,2.5,0,186,0,0,WITHIN-CEILING
exact-v9-5-to-6mwe,164784,1620,pressure,REGION-4-MIXTURE,SaturatedMixture,64,2.2,2.3,2.5,42,191,0,0,WITHIN-CEILING
exact-v9-5-to-6mwe,164784,1620,outlet,REGION-4-MIXTURE,SaturatedMixture,64,2.2,2.3,2.5,42,192,0,0,WITHIN-CEILING
exact-v9-5-to-6mwe,164784,1620,drum,REGION-4-MIXTURE,SaturatedMixture,64,2.2,2.3,2.5,42,193,0,0,WITHIN-CEILING
exact-v9-5-to-6mwe,176784,1740,suction,REGION-4-MIXTURE,SaturatedMixture,64,2.2,2.3,2.5,42,200,0,0,WITHIN-CEILING
exact-v9-5-to-6mwe,176784,1740,drum,REGION-4-MIXTURE,SaturatedMixture,64,2.2,2.3,2.5,42,203,0,0,WITHIN-CEILING
exact-v9-5-to-6mwe,182784,1800,drum,REGION-4-MIXTURE,SaturatedMixture,64,2.2,2.3,2.5,42,208,0,0,WITHIN-CEILING
exact-v9-5-to-6mwe,188784,1860,drum,REGION-4-MIXTURE,SaturatedMixture,64,2.2,2.3,2.5,42,213,0,0,WITHIN-CEILING
exact-v9-5-to-6mwe,194784,1920,pressure,REGION-4-MIXTURE,SaturatedMixture,64,2.2,2.3,2.5,42,216,0,0,WITHIN-CEILING
exact-v9-5-to-6mwe,194784,1920,drum,REGION-4-MIXTURE,SaturatedMixture,64,2.2,2.3,2.5,42,218,0,0,WITHIN-CEILING
exact-v9-5-to-6mwe,200784,1980,pressure,REGION-4-MIXTURE,SaturatedMixture,64,2.2,2.3,2.5,42,221,0,0,WITHIN-CEILING
exact-v9-5-to-6mwe,206784,2040,suction,REGION-4-MIXTURE,SaturatedMixture,64,2.2,2.3,2.5,42,225,0,0,WITHIN-CEILING
exact-v9-5-to-6mwe,242784,2400,outlet,REGION-4-MIXTURE,SaturatedMixture,64,2.2,2.3,2.5,33,257,0,0,WITHIN-CEILING
exact-v9-5-to-6mwe,350784,3480,pressure,REGION-4-MIXTURE,SaturatedMixture,64,2.2,2.3,2.5,61,346,0,0,WITHIN-CEILING
exact-v9-5-to-6mwe,362784,3600,suction,REGION-4-MIXTURE,SaturatedMixture,64,2.2,2.3,2.5,51,355,0,0,WITHIN-CEILING
background-reference,12000,120,pressure,REGION-4-MIXTURE,SaturatedMixture,64,2.1,2.3,2.4,0,11,0,0,WITHIN-CEILING
exact-v9-5-to-6mwe,182784,1800,pressure,REGION-4-MIXTURE,SaturatedMixture,64,2.1500000000000004,2.3,2.4,42,206,0,0,WITHIN-CEILING
exact-v9-5-to-6mwe,212784,2100,pressure,REGION-4-MIXTURE,SaturatedMixture,64,2.2,2.3,2.4,0,231,0,0,WITHIN-CEILING
exact-v9-5-to-6mwe,212784,2100,outlet,REGION-4-MIXTURE,SaturatedMixture,64,2.2,2.3,2.4,14,232,0,0,WITHIN-CEILING
exact-v9-5-to-6mwe,212784,2100,drum,REGION-4-MIXTURE,SaturatedMixture,64,2.2,2.3,2.4,14,233,0,0,WITHIN-CEILING
exact-v9-5-to-6mwe,218784,2160,suction,REGION-4-MIXTURE,SaturatedMixture,64,2.2,2.3,2.4,14,235,0,0,WITHIN-CEILING
exact-v9-5-to-6mwe,218784,2160,pressure,REGION-4-MIXTURE,SaturatedMixture,64,2.2,2.3,2.4,14,236,0,0,WITHIN-CEILING
exact-v9-5-to-6mwe,218784,2160,outlet,REGION-4-MIXTURE,SaturatedMixture,64,2.2,2.3,2.4,14,237,0,0,WITHIN-CEILING
exact-v9-5-to-6mwe,218784,2160,drum,REGION-4-MIXTURE,SaturatedMixture,64,2.2,2.3,2.4,14,238,0,0,WITHIN-CEILING
exact-v9-5-to-6mwe,230784,2280,pressure,REGION-4-MIXTURE,SaturatedMixture,64,2.2,2.3,2.4,40,246,0,0,WITHIN-CEILING
exact-v9-5-to-6mwe,236784,2340,drum,REGION-4-MIXTURE,SaturatedMixture,64,2.2,2.3,2.4,33,253,0,0,WITHIN-CEILING
exact-v9-5-to-6mwe,242784,2400,drum,REGION-4-MIXTURE,SaturatedMixture,64,2.2,2.3,2.4,33,258,0,0,WITHIN-CEILING
exact-v9-5-to-6mwe,248784,2460,pressure,REGION-4-MIXTURE,SaturatedMixture,64,2.2,2.3,2.4,33,261,0,0,WITHIN-CEILING
exact-v9-5-to-6mwe,248784,2460,outlet,REGION-4-MIXTURE,SaturatedMixture,64,2.2,2.3,2.4,33,262,0,0,WITHIN-CEILING
exact-v9-5-to-6mwe,254784,2520,pressure,REGION-4-MIXTURE,SaturatedMixture,64,2.2,2.3,2.4,33,266,0,0,WITHIN-CEILING
exact-v9-5-to-6mwe,254784,2520,outlet,REGION-4-MIXTURE,SaturatedMixture,64,2.2,2.3,2.4,14,267,0,0,WITHIN-CEILING
exact-v9-5-to-6mwe,254784,2520,drum,REGION-4-MIXTURE,SaturatedMixture,64,2.2,2.3,2.4,33,268,0,0,WITHIN-CEILING
exact-v9-5-to-6mwe,284784,2820,drum,REGION-4-MIXTURE,SaturatedMixture,64,2.2,2.3,2.4,62,293,0,0,WITHIN-CEILING
exact-v9-5-to-6mwe,296784,2940,outlet,REGION-4-MIXTURE,SaturatedMixture,64,2.2,2.3,2.4,14,302,0,0,WITHIN-CEILING
exact-v9-5-to-6mwe,296784,2940,drum,REGION-4-MIXTURE,SaturatedMixture,64,2.2,2.3,2.4,14,303,0,0,WITHIN-CEILING
exact-v9-5-to-6mwe,302784,3000,outlet,REGION-4-MIXTURE,SaturatedMixture,64,2.2,2.3,2.4,26,307,0,0,WITHIN-CEILING
exact-v9-5-to-6mwe,308784,3060,outlet,REGION-4-MIXTURE,SaturatedMixture,64,2.2,2.3,2.4,14,312,0,0,WITHIN-CEILING
exact-v9-5-to-6mwe,314784,3120,outlet,REGION-4-MIXTURE,SaturatedMixture,64,2.3,2.3,2.4,14,317,0,0,WITHIN-CEILING
exact-v9-5-to-6mwe,320784,3180,outlet,REGION-4-MIXTURE,SaturatedMixture,64,2.3,2.3,2.4,14,322,0,0,WITHIN-CEILING
background-reference,42000,420,suction,REGION-4-MIXTURE,SaturatedMixture,64,2.1,2.3,2.3,25,35,0,0,WITHIN-CEILING
exact-v9-5-to-6mwe,2784,0,pressure,REGION-4-MIXTURE,SaturatedMixture,64,2.2,2.3,2.3,9,56,0,0,WITHIN-CEILING
exact-v9-5-to-6mwe,2784,0,outlet,REGION-4-MIXTURE,SaturatedMixture,64,2.2,2.3,2.3,0,57,0,0,WITHIN-CEILING
exact-v9-5-to-6mwe,2784,0,drum,REGION-4-MIXTURE,SaturatedMixture,64,2.2,2.3,2.3,0,58,0,0,WITHIN-CEILING
exact-v9-5-to-6mwe,8784,60,drum,REGION-4-MIXTURE,SaturatedMixture,64,2.2,2.3,2.3,0,63,0,0,WITHIN-CEILING
exact-v9-5-to-6mwe,14784,120,pressure,REGION-4-MIXTURE,SaturatedMixture,64,2.2,2.3,2.3,15,66,0,0,WITHIN-CEILING
exact-v9-5-to-6mwe,20784,180,suction,REGION-4-MIXTURE,SaturatedMixture,64,2.2,2.3,2.3,0,70,0,0,WITHIN-CEILING
exact-v9-5-to-6mwe,26784,240,drum,REGION-4-MIXTURE,SaturatedMixture,64,2.2,2.3,2.3,0,78,0,0,WITHIN-CEILING
exact-v9-5-to-6mwe,32784,300,pressure,REGION-4-MIXTURE,SaturatedMixture,64,2.1,2.3,2.3,0,81,0,0,WITHIN-CEILING
exact-v9-5-to-6mwe,206784,2040,outlet,REGION-4-MIXTURE,SaturatedMixture,64,2.2,2.3,2.3,1,227,0,0,WITHIN-CEILING
exact-v9-5-to-6mwe,230784,2280,suction,REGION-4-MIXTURE,SaturatedMixture,64,2.2,2.3,2.3,0,245,0,0,WITHIN-CEILING
exact-v9-5-to-6mwe,230784,2280,drum,REGION-4-MIXTURE,SaturatedMixture,64,2.2,2.3,2.3,0,248,0,0,WITHIN-CEILING
exact-v9-5-to-6mwe,242784,2400,suction,REGION-4-MIXTURE,SaturatedMixture,64,2.2,2.3,2.3,1,255,0,0,WITHIN-CEILING
exact-v9-5-to-6mwe,248784,2460,suction,REGION-4-MIXTURE,SaturatedMixture,64,2.2,2.3,2.3,0,260,0,0,WITHIN-CEILING
exact-v9-5-to-6mwe,248784,2460,drum,REGION-4-MIXTURE,SaturatedMixture,64,2.2,2.3,2.3,1,263,0,0,WITHIN-CEILING
exact-v9-5-to-6mwe,254784,2520,suction,REGION-4-MIXTURE,SaturatedMixture,64,2.2,2.3,2.3,0,265,0,0,WITHIN-CEILING
exact-v9-5-to-6mwe,302784,3000,drum,REGION-4-MIXTURE,SaturatedMixture,64,2.2,2.3,2.3,0,308,0,0,WITHIN-CEILING
exact-v9-5-to-6mwe,308784,3060,suction,REGION-4-MIXTURE,SaturatedMixture,64,2.2,2.3,2.3,14,310,0,0,WITHIN-CEILING
exact-v9-5-to-6mwe,308784,3060,drum,REGION-4-MIXTURE,SaturatedMixture,64,2.2,2.3,2.3,3,313,0,0,WITHIN-CEILING
exact-v9-5-to-6mwe,314784,3120,suction,REGION-4-MIXTURE,SaturatedMixture,64,2.2,2.3,2.3,0,315,0,0,WITHIN-CEILING
exact-v9-5-to-6mwe,314784,3120,drum,REGION-4-MIXTURE,SaturatedMixture,64,2.2,2.3,2.3,15,318,0,0,WITHIN-CEILING
exact-v9-5-to-6mwe,320784,3180,pressure,REGION-4-MIXTURE,SaturatedMixture,64,2.2,2.3,2.3,14,321,0,0,WITHIN-CEILING
exact-v9-5-to-6mwe,320784,3180,drum,REGION-4-MIXTURE,SaturatedMixture,64,2.2,2.3,2.3,0,323,0,0,WITHIN-CEILING
exact-v9-5-to-6mwe,332784,3300,suction,REGION-4-MIXTURE,SaturatedMixture,64,2.2,2.2,112,61,330,0,0,WITHIN-CEILING
exact-v9-5-to-6mwe,332784,3300,drum,REGION-4-MIXTURE,SaturatedMixture,64,2.2,2.2,13.4,61,333,0,0,WITHIN-CEILING
exact-v9-5-to-6mwe,344784,3420,suction,REGION-4-MIXTURE,SaturatedMixture,64,2.2,2.2,7.4,25,340,0,0,WITHIN-CEILING
background-reference,48000,480,outlet,REGION-4-MIXTURE,SaturatedMixture,64,2.2,2.2,4.3,28,42,0,0,WITHIN-CEILING
exact-v9-5-to-6mwe,206784,2040,pressure,REGION-4-MIXTURE,SaturatedMixture,64,2.2,2.2,3.7,42,226,0,0,WITHIN-CEILING
exact-v9-5-to-6mwe,260784,2580,suction,REGION-4-MIXTURE,SaturatedMixture,64,2.2,2.2,3.5,33,270,0,0,WITHIN-CEILING
background-reference,48000,480,drum,REGION-4-MIXTURE,SaturatedMixture,64,2.1,2.2,3.4,28,43,0,0,WITHIN-CEILING
background-reference,54000,540,outlet,REGION-4-MIXTURE,SaturatedMixture,64,2.2,2.2,3.3,28,47,0,0,WITHIN-CEILING
exact-v9-5-to-6mwe,92784,900,pressure,REGION-4-MIXTURE,SaturatedMixture,64,2.1,2.2,3.3,7,131,0,0,WITHIN-CEILING
exact-v9-5-to-6mwe,308784,3060,pressure,REGION-4-MIXTURE,SaturatedMixture,64,2.1500000000000004,2.2,3.3,33,311,0,0,WITHIN-CEILING
exact-v9-5-to-6mwe,260784,2580,drum,REGION-4-MIXTURE,SaturatedMixture,64,2.1,2.2,3.2,43,273,0,0,WITHIN-CEILING
exact-v9-5-to-6mwe,338784,3360,pressure,REGION-4-MIXTURE,SaturatedMixture,64,2.2,2.2,3.1,16,336,0,0,WITHIN-CEILING
background-reference,42000,420,drum,REGION-4-MIXTURE,SaturatedMixture,64,2.1,2.2,3,28,38,0,0,WITHIN-CEILING
background-reference,54000,540,drum,REGION-4-MIXTURE,SaturatedMixture,64,2.1,2.2,3,28,48,0,0,WITHIN-CEILING
exact-v9-5-to-6mwe,344784,3420,pressure,REGION-4-MIXTURE,SaturatedMixture,64,2.1,2.2,2.9,25,341,0,0,WITHIN-CEILING
exact-v9-5-to-6mwe,200784,1980,drum,REGION-4-MIXTURE,SaturatedMixture,64,2.1,2.2,2.6,42,223,0,0,WITHIN-CEILING
background-reference,12000,120,outlet,REGION-4-MIXTURE,SaturatedMixture,64,2.2,2.2,2.5,51,12,0,0,WITHIN-CEILING
background-reference,12000,120,drum,REGION-4-MIXTURE,SaturatedMixture,64,2.1,2.2,2.5,51,13,0,0,WITHIN-CEILING
background-reference,18000,180,outlet,REGION-4-MIXTURE,SaturatedMixture,64,2.2,2.2,2.5,51,17,0,0,WITHIN-CEILING
background-reference,18000,180,drum,REGION-4-MIXTURE,SaturatedMixture,64,2.1,2.2,2.5,51,18,0,0,WITHIN-CEILING
background-reference,24000,240,pressure,REGION-4-MIXTURE,SaturatedMixture,64,2.1,2.2,2.5,51,21,0,0,WITHIN-CEILING
background-reference,24000,240,outlet,REGION-4-MIXTURE,SaturatedMixture,64,2.2,2.2,2.5,51,22,0,0,WITHIN-CEILING
background-reference,24000,240,drum,REGION-4-MIXTURE,SaturatedMixture,64,2.1,2.2,2.5,51,23,0,0,WITHIN-CEILING
background-reference,30000,300,outlet,REGION-4-MIXTURE,SaturatedMixture,64,2.1500000000000004,2.2,2.5,51,27,0,0,WITHIN-CEILING
background-reference,30000,300,drum,REGION-4-MIXTURE,SaturatedMixture,64,2.1,2.2,2.5,51,28,0,0,WITHIN-CEILING
background-reference,42000,420,outlet,REGION-4-MIXTURE,SaturatedMixture,64,2.2,2.2,2.5,28,37,0,0,WITHIN-CEILING
exact-v9-5-to-6mwe,86784,840,suction,REGION-4-MIXTURE,SaturatedMixture,64,2.1,2.2,2.5,10,125,0,0,WITHIN-CEILING
exact-v9-5-to-6mwe,170784,1680,pressure,REGION-4-MIXTURE,SaturatedMixture,64,2.1,2.2,2.5,42,196,0,0,WITHIN-CEILING
exact-v9-5-to-6mwe,188784,1860,pressure,REGION-4-MIXTURE,SaturatedMixture,64,2.2,2.2,2.5,42,211,0,0,WITHIN-CEILING
exact-v9-5-to-6mwe,296784,2940,suction,REGION-4-MIXTURE,SaturatedMixture,64,2.2,2.2,2.5,25,300,0,0,WITHIN-CEILING
background-reference,18000,180,pressure,REGION-4-MIXTURE,SaturatedMixture,64,2.1,2.2,2.4,51,16,0,0,WITHIN-CEILING
background-reference,30000,300,pressure,REGION-4-MIXTURE,SaturatedMixture,64,2.1,2.2,2.4,51,26,0,0,WITHIN-CEILING
exact-v9-5-to-6mwe,32784,300,suction,REGION-4-MIXTURE,SaturatedMixture,64,2.2,2.2,2.4,51,80,0,0,WITHIN-CEILING
exact-v9-5-to-6mwe,314784,3120,pressure,REGION-4-MIXTURE,SaturatedMixture,64,2.2,2.2,2.4,42,316,0,0,WITHIN-CEILING
background-reference,60000,600,pressure,REGION-4-MIXTURE,SaturatedMixture,64,2.1,2.2,2.3,60,51,0,0,WITHIN-CEILING
exact-v9-5-to-6mwe,8784,60,pressure,REGION-4-MIXTURE,SaturatedMixture,64,2.2,2.2,2.3,15,61,0,0,WITHIN-CEILING
exact-v9-5-to-6mwe,14784,120,suction,REGION-4-MIXTURE,SaturatedMixture,64,2.1,2.2,2.3,51,65,0,0,WITHIN-CEILING
exact-v9-5-to-6mwe,14784,120,drum,REGION-4-MIXTURE,SaturatedMixture,64,2.2,2.2,2.3,51,68,0,0,WITHIN-CEILING
exact-v9-5-to-6mwe,224784,2220,suction,REGION-4-MIXTURE,SaturatedMixture,64,2.1,2.2,2.3,14,240,0,0,WITHIN-CEILING
exact-v9-5-to-6mwe,224784,2220,drum,REGION-4-MIXTURE,SaturatedMixture,64,2.2,2.2,2.3,14,243,0,0,WITHIN-CEILING
exact-v9-5-to-6mwe,236784,2340,pressure,REGION-4-MIXTURE,SaturatedMixture,64,2.2,2.2,2.3,14,251,0,0,WITHIN-CEILING
exact-v9-5-to-6mwe,242784,2400,pressure,REGION-4-MIXTURE,SaturatedMixture,64,2.1,2.2,2.3,33,256,0,0,WITHIN-CEILING
exact-v9-5-to-6mwe,260784,2580,pressure,REGION-4-MIXTURE,SaturatedMixture,64,2.1,2.2,2.3,0,271,0,0,WITHIN-CEILING
exact-v9-5-to-6mwe,284784,2820,pressure,REGION-4-MIXTURE,SaturatedMixture,64,2.2,2.2,2.3,0,291,0,0,WITHIN-CEILING
exact-v9-5-to-6mwe,290784,2880,suction,REGION-4-MIXTURE,SaturatedMixture,64,2.2,2.2,2.3,26,295,0,0,WITHIN-CEILING
exact-v9-5-to-6mwe,296784,2940,pressure,REGION-4-MIXTURE,SaturatedMixture,64,2.1,2.2,2.3,62,301,0,0,WITHIN-CEILING
exact-v9-5-to-6mwe,302784,3000,suction,REGION-4-MIXTURE,SaturatedMixture,64,2.2,2.2,2.3,33,305,0,0,WITHIN-CEILING
exact-v9-5-to-6mwe,320784,3180,suction,REGION-4-MIXTURE,SaturatedMixture,64,2.2,2.2,2.3,14,320,0,0,WITHIN-CEILING
background-reference,36000,360,outlet,REGION-4-MIXTURE,SaturatedMixture,64,2.2,2.2,2.2,0,32,0,0,WITHIN-CEILING
background-reference,36000,360,drum,REGION-4-MIXTURE,SaturatedMixture,64,2.1,2.2,2.2,3,33,0,0,WITHIN-CEILING
background-reference,42000,420,pressure,REGION-4-MIXTURE,SaturatedMixture,64,2.1,2.2,2.2,1,36,0,0,WITHIN-CEILING
background-reference,60000,600,outlet,REGION-4-MIXTURE,SaturatedMixture,64,2.2,2.2,2.2,0,52,0,0,WITHIN-CEILING
exact-v9-5-to-6mwe,284784,2820,suction,REGION-4-MIXTURE,SaturatedMixture,64,2.1,2.2,2.2,5,290,0,0,WITHIN-CEILING
exact-v9-5-to-6mwe,290784,2880,pressure,REGION-4-MIXTURE,SaturatedMixture,64,2.2,2.2,2.2,0,296,0,0,WITHIN-CEILING
exact-v9-5-to-6mwe,302784,3000,pressure,REGION-4-MIXTURE,SaturatedMixture,64,2.1,2.2,2.2,0,306,0,0,WITHIN-CEILING
background-reference,48000,480,pressure,REGION-4-MIXTURE,SaturatedMixture,64,2.1,2.1,3.1,28,41,0,0,WITHIN-CEILING
background-reference,54000,540,pressure,REGION-4-MIXTURE,SaturatedMixture,64,2.1,2.1,2.9,28,46,0,0,WITHIN-CEILING
background-reference,36000,360,pressure,REGION-4-MIXTURE,SaturatedMixture,64,2.1,2.1,2.2,15,31,0,0,WITHIN-CEILING
background-reference,60000,600,drum,REGION-4-MIXTURE,SaturatedMixture,64,2.1,2.1,2.2,20,53,0,0,WITHIN-CEILING
exact-v9-5-to-6mwe,110784,1080,feedwater-inventory,REGION-4-MIXTURE,SaturatedMixture,64,0.6,0.8,1,15,149,0,0,WITHIN-CEILING
exact-v9-5-to-6mwe,128784,1260,feedwater-inventory,REGION-4-MIXTURE,SaturatedMixture,64,0.6,0.8,0.9,0,164,0,0,WITHIN-CEILING
exact-v9-5-to-6mwe,158784,1560,feedwater-inventory,REGION-4-MIXTURE,SaturatedMixture,64,0.6,0.8,0.9,14,189,0,0,WITHIN-CEILING
exact-v9-5-to-6mwe,332784,3300,feedwater-inventory,REGION-4-MIXTURE,SaturatedMixture,64,0.6,0.7,4.6,61,334,0,0,WITHIN-CEILING
exact-v9-5-to-6mwe,146784,1440,feedwater-inventory,REGION-4-MIXTURE,SaturatedMixture,64,0.6,0.7,2.9,33,179,0,0,WITHIN-CEILING
exact-v9-5-to-6mwe,32784,300,feedwater-inventory,REGION-4-MIXTURE,SaturatedMixture,64,0.6,0.7,1.7,51,84,0,0,WITHIN-CEILING
exact-v9-5-to-6mwe,206784,2040,feedwater-inventory,REGION-4-MIXTURE,SaturatedMixture,64,0.6,0.7,1.1,52,229,0,0,WITHIN-CEILING
exact-v9-5-to-6mwe,224784,2220,feedwater-inventory,REGION-4-MIXTURE,SaturatedMixture,64,0.6,0.7,1.1,62,244,0,0,WITHIN-CEILING
exact-v9-5-to-6mwe,62784,600,feedwater-inventory,REGION-4-MIXTURE,SaturatedMixture,64,0.6,0.7,1,15,109,0,0,WITHIN-CEILING
exact-v9-5-to-6mwe,134784,1320,feedwater-inventory,REGION-4-MIXTURE,SaturatedMixture,64,0.6,0.7,1,14,169,0,0,WITHIN-CEILING
exact-v9-5-to-6mwe,326784,3240,feedwater-inventory,REGION-4-MIXTURE,SaturatedMixture,64,0.6,0.7,1,61,329,0,0,WITHIN-CEILING
exact-v9-5-to-6mwe,338784,3360,feedwater-inventory,REGION-4-MIXTURE,SaturatedMixture,64,0.6,0.7,1,25,339,0,0,WITHIN-CEILING
exact-v9-5-to-6mwe,20784,180,feedwater-inventory,REGION-4-MIXTURE,SaturatedMixture,64,0.6,0.7,0.9,14,74,0,0,WITHIN-CEILING
exact-v9-5-to-6mwe,44784,420,feedwater-inventory,REGION-4-MIXTURE,SaturatedMixture,64,0.6,0.7,0.9,25,94,0,0,WITHIN-CEILING
exact-v9-5-to-6mwe,92784,900,feedwater-inventory,REGION-4-MIXTURE,SaturatedMixture,64,0.6,0.7,0.9,0,134,0,0,WITHIN-CEILING
exact-v9-5-to-6mwe,98784,960,feedwater-inventory,REGION-4-MIXTURE,SaturatedMixture,64,0.6,0.7,0.9,53,139,0,0,WITHIN-CEILING
exact-v9-5-to-6mwe,266784,2640,feedwater-inventory,REGION-4-MIXTURE,SaturatedMixture,64,0.6,0.7,0.9,15,279,0,0,WITHIN-CEILING
exact-v9-5-to-6mwe,272784,2700,feedwater-inventory,REGION-4-MIXTURE,SaturatedMixture,64,0.6,0.7,0.9,0,284,0,0,WITHIN-CEILING
exact-v9-5-to-6mwe,26784,240,feedwater-inventory,REGION-4-MIXTURE,SaturatedMixture,64,0.6,0.7,0.8,0,79,0,0,WITHIN-CEILING
exact-v9-5-to-6mwe,38784,360,feedwater-inventory,REGION-4-MIXTURE,SaturatedMixture,64,0.6,0.7,0.8,25,89,0,0,WITHIN-CEILING
exact-v9-5-to-6mwe,50784,480,feedwater-inventory,REGION-4-MIXTURE,SaturatedMixture,64,0.6,0.7,0.8,42,99,0,0,WITHIN-CEILING
exact-v9-5-to-6mwe,68784,660,feedwater-inventory,REGION-4-MIXTURE,SaturatedMixture,64,0.6,0.7,0.8,10,114,0,0,WITHIN-CEILING
exact-v9-5-to-6mwe,122784,1200,feedwater-inventory,REGION-4-MIXTURE,SaturatedMixture,64,0.6,0.7,0.8,42,159,0,0,WITHIN-CEILING
exact-v9-5-to-6mwe,140784,1380,feedwater-inventory,REGION-4-MIXTURE,SaturatedMixture,64,0.6,0.7,0.8,0,174,0,0,WITHIN-CEILING
exact-v9-5-to-6mwe,152784,1500,feedwater-inventory,REGION-4-MIXTURE,SaturatedMixture,64,0.6,0.7,0.8,0,184,0,0,WITHIN-CEILING
exact-v9-5-to-6mwe,176784,1740,feedwater-inventory,REGION-4-MIXTURE,SaturatedMixture,64,0.6,0.7,0.8,61,204,0,0,WITHIN-CEILING
exact-v9-5-to-6mwe,182784,1800,feedwater-inventory,REGION-4-MIXTURE,SaturatedMixture,64,0.6,0.7,0.8,14,209,0,0,WITHIN-CEILING
exact-v9-5-to-6mwe,188784,1860,feedwater-inventory,REGION-4-MIXTURE,SaturatedMixture,64,0.6,0.7,0.8,42,214,0,0,WITHIN-CEILING
exact-v9-5-to-6mwe,194784,1920,feedwater-inventory,REGION-4-MIXTURE,SaturatedMixture,64,0.6,0.7,0.8,42,219,0,0,WITHIN-CEILING
exact-v9-5-to-6mwe,200784,1980,feedwater-inventory,REGION-4-MIXTURE,SaturatedMixture,64,0.7,0.7,0.8,0,224,0,0,WITHIN-CEILING
exact-v9-5-to-6mwe,212784,2100,feedwater-inventory,REGION-4-MIXTURE,SaturatedMixture,64,0.6499999999999999,0.7,0.8,0,234,0,0,WITHIN-CEILING
exact-v9-5-to-6mwe,248784,2460,feedwater-inventory,REGION-4-MIXTURE,SaturatedMixture,64,0.6,0.7,0.8,0,264,0,0,WITHIN-CEILING
exact-v9-5-to-6mwe,254784,2520,feedwater-inventory,REGION-4-MIXTURE,SaturatedMixture,64,0.6,0.7,0.8,0,269,0,0,WITHIN-CEILING
exact-v9-5-to-6mwe,260784,2580,feedwater-inventory,REGION-4-MIXTURE,SaturatedMixture,64,0.6,0.7,0.8,43,274,0,0,WITHIN-CEILING
exact-v9-5-to-6mwe,290784,2880,feedwater-inventory,REGION-4-MIXTURE,SaturatedMixture,64,0.6,0.7,0.8,25,299,0,0,WITHIN-CEILING
exact-v9-5-to-6mwe,296784,2940,feedwater-inventory,REGION-4-MIXTURE,SaturatedMixture,64,0.7,0.7,0.8,14,304,0,0,WITHIN-CEILING
exact-v9-5-to-6mwe,344784,3420,feedwater-inventory,REGION-4-MIXTURE,SaturatedMixture,64,0.6,0.7,0.8,61,344,0,0,WITHIN-CEILING
exact-v9-5-to-6mwe,350784,3480,feedwater-inventory,REGION-4-MIXTURE,SaturatedMixture,64,0.6,0.7,0.8,61,349,0,0,WITHIN-CEILING
exact-v9-5-to-6mwe,356784,3540,feedwater-inventory,REGION-4-MIXTURE,SaturatedMixture,64,0.6,0.7,0.8,14,354,0,0,WITHIN-CEILING
exact-v9-5-to-6mwe,362784,3600,feedwater-inventory,REGION-4-MIXTURE,SaturatedMixture,64,0.6,0.7,0.8,61,359,0,0,WITHIN-CEILING
exact-v9-5-to-6mwe,8784,60,feedwater-inventory,REGION-4-MIXTURE,SaturatedMixture,64,0.6,0.7,0.7,0,64,0,0,WITHIN-CEILING
exact-v9-5-to-6mwe,14784,120,feedwater-inventory,REGION-4-MIXTURE,SaturatedMixture,64,0.6,0.7,0.7,1,69,0,0,WITHIN-CEILING
exact-v9-5-to-6mwe,56784,540,feedwater-inventory,REGION-4-MIXTURE,SaturatedMixture,64,0.6,0.7,0.7,3,104,0,0,WITHIN-CEILING
exact-v9-5-to-6mwe,74784,720,feedwater-inventory,REGION-4-MIXTURE,SaturatedMixture,64,0.6,0.7,0.7,0,119,0,0,WITHIN-CEILING
exact-v9-5-to-6mwe,80784,780,feedwater-inventory,REGION-4-MIXTURE,SaturatedMixture,64,0.6,0.7,0.7,0,124,0,0,WITHIN-CEILING
exact-v9-5-to-6mwe,86784,840,feedwater-inventory,REGION-4-MIXTURE,SaturatedMixture,64,0.6,0.7,0.7,4,129,0,0,WITHIN-CEILING
exact-v9-5-to-6mwe,104784,1020,feedwater-inventory,REGION-4-MIXTURE,SaturatedMixture,64,0.6,0.7,0.7,0,144,0,0,WITHIN-CEILING
exact-v9-5-to-6mwe,116784,1140,feedwater-inventory,REGION-4-MIXTURE,SaturatedMixture,64,0.6,0.7,0.7,0,154,0,0,WITHIN-CEILING
exact-v9-5-to-6mwe,164784,1620,feedwater-inventory,REGION-4-MIXTURE,SaturatedMixture,64,0.6,0.7,0.7,7,194,0,0,WITHIN-CEILING
exact-v9-5-to-6mwe,170784,1680,feedwater-inventory,REGION-4-MIXTURE,SaturatedMixture,64,0.6,0.7,0.7,0,199,0,0,WITHIN-CEILING
exact-v9-5-to-6mwe,218784,2160,feedwater-inventory,REGION-4-MIXTURE,SaturatedMixture,64,0.6,0.7,0.7,0,239,0,0,WITHIN-CEILING
exact-v9-5-to-6mwe,230784,2280,feedwater-inventory,REGION-4-MIXTURE,SaturatedMixture,64,0.6,0.7,0.7,0,249,0,0,WITHIN-CEILING
exact-v9-5-to-6mwe,236784,2340,feedwater-inventory,REGION-4-MIXTURE,SaturatedMixture,64,0.6,0.7,0.7,2,254,0,0,WITHIN-CEILING
exact-v9-5-to-6mwe,242784,2400,feedwater-inventory,REGION-4-MIXTURE,SaturatedMixture,64,0.6,0.7,0.7,0,259,0,0,WITHIN-CEILING
exact-v9-5-to-6mwe,284784,2820,feedwater-inventory,REGION-4-MIXTURE,SaturatedMixture,64,0.6,0.7,0.7,1,294,0,0,WITHIN-CEILING
exact-v9-5-to-6mwe,302784,3000,feedwater-inventory,REGION-4-MIXTURE,SaturatedMixture,64,0.6,0.7,0.7,9,309,0,0,WITHIN-CEILING
exact-v9-5-to-6mwe,308784,3060,feedwater-inventory,REGION-4-MIXTURE,SaturatedMixture,64,0.6,0.7,0.7,0,314,0,0,WITHIN-CEILING
exact-v9-5-to-6mwe,278784,2760,feedwater-inventory,REGION-4-MIXTURE,SaturatedMixture,64,0.6,0.6,0.7,0,289,0,0,WITHIN-CEILING
exact-v9-5-to-6mwe,314784,3120,feedwater-inventory,REGION-4-MIXTURE,SaturatedMixture,64,0.6,0.6,0.7,14,319,0,0,WITHIN-CEILING
exact-v9-5-to-6mwe,320784,3180,feedwater-inventory,REGION-4-MIXTURE,SaturatedMixture,64,0.6,0.6,0.7,8,324,0,0,WITHIN-CEILING
