mode_id,run_index,sequence_index,measured_calls,median_us,p95_us,max_us,median_allocated_bytes,unresolved_calls,calls_over_100us,calls_over_max_ceiling,candidate_allocated_bytes,harness_allocated_bytes,gc_gen0,gc_gen1,gc_gen2
PGO-OFF-QJFL-ON,1,1,23040,4.8,5.8,133.8,0,0,1,0,0,0,0,0,0
PGO-OFF-QJFL-ON,2,4,23040,4.4,5.4,148,0,0,3,0,0,0,0,0,0
PGO-OFF-QJFL-ON,3,5,23040,4.5,4.9,410.6,0,0,3,1,0,0,0,0,0
PGO-OFF-QJFL-ON,4,8,23040,4.8,5.6,112.6,0,0,1,0,0,0,0,0,0
PGO-OFF-QJFL-ON,5,9,23040,4.7,5.4,200.6,0,0,5,0,0,0,0,0,0
PGO-ON-QJFL-ON,1,2,23040,2.1,2.5,116.7,0,0,2,0,0,0,0,0,0
PGO-ON-QJFL-ON,2,3,23040,2,2.3,135.8,0,0,1,0,0,0,0,0,0
PGO-ON-QJFL-ON,3,6,23040,2.1,2.6,251.7,0,0,3,0,0,0,0,0,0
PGO-ON-QJFL-ON,4,7,23040,2.1,2.5,169,0,0,2,0,0,0,0,0,0
PGO-ON-QJFL-ON,5,10,23040,2.1,2.5,97.5,0,0,0,0,0,0,0,0,0
