step,electrical_mwe,primary_pump_kg_s,drum_level,governor_percent,trip_active,breaker_closed,rollbacks,finite,in_envelope
1,4.999998525473999,99.96959508257872,0.49994225537365,29.28222490151453,false,true,0,true,true
2,4.999995676944587,99.9598928467923,0.4999440730402398,29.28315319278752,false,true,0,true,true
3,4.999991413352529,99.95231631727647,0.4999455903109193,29.284113154074994,false,true,0,true,true
4,4.999985730053088,99.94615311562916,0.4999468175765731,29.285104140105837,false,true,0,true,true
5,4.999978622417728,99.94091392611004,0.4999477653175952,29.286125816803363,false,true,0,true,true
6,4.999970086438208,99.93626254152204,0.49994844392179105,29.287177454513824,false,true,0,true,true
7,4.999960118421573,99.9319692396357,0.4999488635751468,29.288258517828424,false,true,0,true,true
8,4.999948715115325,99.92787708517842,0.4999490341229772,29.289368383717072,false,true,0,true,true
9,4.999935873439997,99.92387914982268,0.49994896504132014,29.29050660253211,false,true,0,true,true
10,4.9999215906285945,99.91990259803342,0.49994866555211087,29.291672640461908,false,true,0,true,true
11,4.999905864516289,99.91589882805707,0.4999481444641364,29.292865762613648,false,true,0,true,true
12,4.999888692939342,99.91183555399276,0.4999474102334679,29.294085630681305,false,true,0,true,true
13,4.999870074338672,99.90769219342306,0.499946470871779,29.295331511441223,false,true,0,true,true
14,4.9998500074324275,99.90345446137601,0.49994533422019377,29.296602879347354,false,true,0,true,true
15,4.999828491255703,99.89911446203611,0.49994400767269875,29.297899184975936,false,true,0,true,false
16,4.99980552528413,99.89466733944333,0.4999424983742853,29.29921979141526,false,true,0,true,false
17,4.999781109109957,99.8901111812813,0.4999408131317867,29.300564273645502,false,true,0,true,false
18,4.999755242656666,99.88544548379025,0.499938958527858,29.301932073315584,false,true,0,true,false
19,4.999727926392638,99.88067046979856,0.49993694085580154,29.303322481397373,false,true,0,true,false
20,4.999699160783178,99.87578756477447,0.49993476615504334,29.304735149240717,false,true,0,true,false
21,4.99966894672902,99.87079848650279,0.49993244019928273,29.306169446860284,false,true,0,true,false
22,4.999637285559975,99.86570533960517,0.49992996858328576,29.307624742113557,false,true,0,true,false
23,4.999604178861002,99.86051014577303,0.49992735667706184,29.30910051423093,false,true,0,true,false
24,4.999569628521429,99.85521577698077,0.4999246096355403,29.3105962067575,false,true,0,true,false
25,4.9995336365139265,99.84982416275172,0.4999217323541975,29.312111415853824,false,true,0,true,false
26,4.99949620539881,99.84433764065466,0.4999187296887767,29.313645403502406,false,true,0,true,false
27,4.999457337849172,99.83875919592373,0.49991560614237346,29.315197741048983,false,true,0,true,false
28,4.999417036950775,99.83309007493234,0.4999123661636863,29.316767803950118,false,true,0,true,false
29,4.999375306023519,99.82733375409732,0.4999090140228599,29.318355079551903,false,true,0,true,false
30,4.999332148514432,99.82149158789495,0.49990555381077995,29.319959133577445,false,true,0,true,false
31,4.9992875684210425,99.81556609648047,0.4999019894766243,29.321579247188062,false,true,0,true,false
32,4.999241569689479,99.80955975158425,0.49989832480580054,29.323215100101862,false,true,0,true,false
33,4.99919415681387,99.80347400351445,0.4998945634761537,29.324865978290713,false,true,0,true,false
34,4.999145334358582,99.79731127233443,0.4998907090092081,29.32653147819829,false,true,0,true,false
35,4.9990951071726775,99.79107319926379,0.49988676485449846,29.328211064081724,false,true,0,true,false
36,4.999043480603355,99.78476198413472,0.49988273423617385,29.329904050617895,false,true,0,true,false
37,4.998990459947295,99.77837959026085,0.4998786203648945,29.331610114443986,false,true,0,true,false
38,4.99893605088109,99.77192767555918,0.49987442628662426,29.333328651817535,false,true,0,true,false
39,4.9988802591586055,99.76540777038021,0.49987015496300125,29.335059259965476,false,true,0,true,false
40,4.998823090919003,99.75882187499367,0.4998658092223679,29.3368013408835,false,true,0,true,false
41,4.998764552804386,99.75217082693464,0.4998613917900493,29.3385542073512,false,true,0,true,false
42,4.998704651383664,99.74545769806211,0.49985690539823197,29.34031754640999,false,true,0,true,false
43,4.998643393294498,99.73868279971059,0.49985235254266625,29.342090967296457,false,true,0,true,false
44,4.998580785690029,99.73184775200964,0.4998477357350356,29.343873783016992,false,true,0,true,false
45,4.998516835782876,99.72495484228479,0.49984305731515055,29.34566560513777,false,true,0,true,false
46,4.998451551145006,99.7180046486244,0.49983831966152803,29.347465850191856,false,true,0,true,false
47,4.998384939532857,99.71099913815323,0.4998335249089175,29.34927404788885,false,true,0,true,false
48,4.998317008914876,99.7039390616825,0.4998286752662704,29.35108970629262,false,true,0,true,false
49,4.998247767178341,99.69682611229602,0.4998237728050672,29.3529125383723,false,true,0,true,false
50,4.998177222823222,99.68966176055844,0.49981881954143564,29.354741800842017,false,true,0,true,false
51,4.998105384405627,99.68244670593059,0.4998138173607714,29.356577109051255,false,true,0,true,false
52,4.998032260646722,99.67518219407437,0.4998087682039528,29.35841800977807,false,true,0,true,false
53,4.997957860339465,99.66786990486578,0.4998036738816391,29.36026411658539,false,true,0,true,false
54,4.997882192573534,99.6605104533562,0.4997985360782713,29.362114898433767,false,true,0,true,false
55,4.9978052666544395,99.65310525408772,0.4997933565403798,29.36396987499471,false,true,0,true,false
56,4.997727092028195,99.64565500885332,0.49978813689050305,29.365828619649616,false,true,0,true,false
57,4.9976476784781845,99.63816143807531,0.4997828787080838,29.36769057114606,false,true,0,true,false
58,4.997567035648437,99.63062487482459,0.4997775835072165,29.369555483495464,false,true,0,true,false
59,4.997485173358843,99.6230463752606,0.4997722528130814,29.371422920195016,false,true,0,true,false
60,4.99740210202317,99.61542726279615,0.4997668879812922,29.373292157979993,false,true,0,true,false
61,4.997317831794657,99.60776834119261,0.49976149043953744,29.37516303450427,false,true,0,true,false
62,4.997232373101596,99.60006995600105,0.49975606149903945,29.377035048639367,false,true,0,true,false
63,4.997145736690624,99.59233397682706,0.49975060248921077,29.378907662018303,false,true,0,true,false
64,4.997057933154044,99.58456054831834,0.49974511460125104,29.380780651834762,false,true,0,true,false
65,4.996968973383513,99.576750597669,0.49973959909973037,29.3826535036932,false,true,0,true,false
66,4.9968788683955525,99.5689048848869,0.4997340571144572,29.38452581716645,false,true,0,true,false
67,4.996787629380972,99.56102424125436,0.4997284897971833,29.386397158182408,false,true,0,true,false
68,4.996695267505493,99.55311006290417,0.4997228982181226,29.388267234826095,false,true,0,true,false
69,4.996601794496036,99.54516210811899,0.4997172834223201,29.390135359474638,false,true,0,true,false
70,4.9965072216224735,99.53718149456274,0.49971164647860994,29.39200151941928,false,true,0,true,false
71,4.99641156060373,99.5291692358092,0.4997059883251618,29.393865114697263,false,true,0,true,false
72,4.996314823102248,99.52112563350539,0.49970030998117343,29.39572588259189,false,true,0,true,false
73,4.996217021349318,99.51305172197334,0.4996946122831495,29.397583139526006,false,true,0,true,false
74,4.996118167121199,99.50494781718677,0.49968889617871015,29.399436876777347,false,true,0,true,false
75,4.996018272450368,99.49681432312585,0.4996831625622827,29.40128663697275,false,true,0,true,false
76,4.995917349759339,99.48865267418665,0.49967741220444106,29.403131862426246,false,true,0,true,false
77,4.9958154111634,99.48046232298563,0.4996716459604073,29.404972459759485,false,true,0,true,false
78,4.9957124691491135,99.47224508784352,0.4996658646113028,29.40680789592805,false,true,0,true,false
79,4.995608536171929,99.46400033195049,0.49966006889171766,29.408637900287456,false,true,0,true,false
80,4.995503624812792,99.4557298125325,0.49965425952085774,29.41046210896451,false,true,0,true,false
81,4.995397747985483,99.44743342889436,0.49964843730186226,29.41228001037866,false,true,0,true,false
82,4.995290918147131,99.43911146552422,0.49964260280869055,29.414091621380525,false,true,0,true,false
83,4.995183148140776,99.43076475918895,0.49963675676113883,29.41589642132303,false,true,0,true,false
84,4.995074451167845,99.42239406850219,0.4996308998065116,29.41769388652128,false,true,0,true,false
85,4.994964839801991,99.4139995197148,0.4996250325250853,29.419484160130775,false,true,0,true,false
86,4.994854327410761,99.40558167632396,0.49961915558633246,29.421266447553446,false,true,0,true,false
87,4.99474292672816,99.39714098645962,0.49961326953774216,29.42304090055862,false,true,0,true,false
88,4.994630651279884,99.38867765435567,0.4996073749157072,29.42480673319089,false,true,0,true,false
89,4.994517514076542,99.38019239965621,0.49960147234659225,29.426564017430046,false,true,0,true,false
90,4.994403528502562,99.37168590065171,0.499595562259388,29.428312250542042,false,true,0,true,false
91,4.9942887078558496,99.36315829077614,0.4995896452300542,29.430051229810037,false,true,0,true,false
92,4.994173065502098,99.35461001406355,0.49958372176467386,29.431780659500657,false,true,0,true,false
93,4.994056614992626,99.34604114722454,0.4995777922825296,29.433500159857505,false,true,0,true,false
94,4.993939369524693,99.33745238503224,0.49957185729678893,29.435209718516386,false,true,0,true,false
95,4.993821342763586,99.3288444512834,0.4995659172541277,29.436908782008274,false,true,0,true,false
96,4.993702548015129,99.32021738580987,0.4995599725898514,29.43859734656797,false,true,0,true,false
97,4.993582999047882,99.31157092699213,0.4995540236790016,29.44027486738435,false,true,0,true,false
98,4.993462709261659,99.30290663549987,0.4995480709928561,29.441941349362185,false,true,0,true,false
99,4.99334169237076,99.29422369443618,0.49954211488333805,29.443596357379114,false,true,0,true,false
100,4.993219962143683,99.2855236793509,0.4995361557739046,29.445239618143546,false,true,0,true,false
