probe_id,logical_step,elapsed_s,node_id,reference_region,reference_phase,reference_temperature_c,reference_pressure_mpa,reference_quality,production_resolved,production_phase,production_temperature_c,production_pressure_mpa,production_quality,phase_matches,pressure_relative_error,temperature_relative_kelvin_error,is_finite
background-reference,0,0,suction,REGION-4-MIXTURE,SaturatedMixture,269.34476251006106,5.446657821393141,0.0009044047982072967,true,SaturatedMixture,269.3447110056877,5.446680777700812,0.000904378069141673,true,4.214751215071632E-06,9.493985362637218E-08,true
background-reference,0,0,pressure,REGION-4-MIXTURE,SaturatedMixture,269.4799217283727,5.4582106824633945,0.0009015025208173814,true,SaturatedMixture,269.4799124598503,5.458214817836955,0.0009014976995838854,true,7.576427150764118E-07,1.70807432563582E-08,true
background-reference,0,0,outlet,REGION-4-MIXTURE,SaturatedMixture,275.1843705475329,5.963117165910907,0.18990745729760766,true,SaturatedMixture,275.1846368908882,5.96317277968873,0.18990659294329845,true,9.32629298999053E-06,4.857316440451576E-07,true
background-reference,0,0,drum,REGION-4-MIXTURE,SaturatedMixture,270.41057386994373,5.5382678699752335,0.036630469875386214,true,SaturatedMixture,270.4105988740921,5.538288949758085,0.0366302568118606,true,3.806204998856723E-06,4.6000665926834137E-08,true
background-reference,0,0,feedwater-inventory,REGION-1,SubcooledLiquid,47.52114057847865,0.12181746458054063,,true,SubcooledLiquid,47.517354272175226,0.11811413405720952,,true,0.030400653437361747,1.1807443278477701E-05,true
background-reference,6000,60,suction,REGION-4-MIXTURE,SaturatedMixture,269.34476251006106,5.446657821393141,0.0009044047982072967,true,SaturatedMixture,269.3447110056877,5.446680777700812,0.000904378069141673,true,4.214751215071632E-06,9.493985362637218E-08,true
background-reference,6000,60,pressure,REGION-4-MIXTURE,SaturatedMixture,269.4799217283727,5.4582106824633945,0.0009015025208333786,true,SaturatedMixture,269.4799124598503,5.458214817836955,0.0009014976995998763,true,7.576427150764118E-07,1.70807432563582E-08,true
background-reference,6000,60,outlet,REGION-4-MIXTURE,SaturatedMixture,275.1843705475329,5.963117165910907,0.18990745735097625,true,SaturatedMixture,275.1846368610859,5.963172776959021,0.18990659290083595,true,9.325835224558892E-06,4.856772934080493E-07,true
background-reference,6000,60,drum,REGION-4-MIXTURE,SaturatedMixture,270.41057386994373,5.5382678699752335,0.03663046987747153,true,SaturatedMixture,270.4105988740921,5.538288949758085,0.03663025681394589,true,3.806204998856723E-06,4.6000665926834137E-08,true
background-reference,6000,60,feedwater-inventory,REGION-1,SubcooledLiquid,47.52114057842988,0.12181746458051382,,true,SubcooledLiquid,47.517354272070406,0.11811413400971317,,true,0.030400653827046077,1.1807443453261708E-05,true
background-reference,12000,120,suction,REGION-4-MIXTURE,SaturatedMixture,269.34476251006106,5.446657821393141,0.0009044047982072967,true,SaturatedMixture,269.3447110056877,5.446680777700812,0.000904378069141673,true,4.214751215071632E-06,9.493985362637218E-08,true
background-reference,12000,120,pressure,REGION-4-MIXTURE,SaturatedMixture,269.4799217283727,5.4582106824633945,0.0009015025208192097,true,SaturatedMixture,269.4799124598503,5.458214817836955,0.0009014976995857074,true,7.576427150764118E-07,1.70807432563582E-08,true
background-reference,12000,120,outlet,REGION-4-MIXTURE,SaturatedMixture,275.1843705475329,5.963117165910907,0.18990745725188007,true,SaturatedMixture,275.1846368610859,5.963172776959021,0.18990659280174027,true,9.325835224558892E-06,4.856772934080493E-07,true
background-reference,12000,120,drum,REGION-4-MIXTURE,SaturatedMixture,270.41057386994373,5.5382678699752335,0.03663046988360346,true,SaturatedMixture,270.4105988740921,5.538288949758085,0.0366302568200778,true,3.806204998856723E-06,4.6000665926834137E-08,true
background-reference,12000,120,feedwater-inventory,REGION-1,SubcooledLiquid,47.52114057823661,0.12181746458040743,,true,SubcooledLiquid,47.517354271735144,0.11811413389951167,,true,0.030400654730843808,1.180744389607406E-05,true
background-reference,18000,180,suction,REGION-4-MIXTURE,SaturatedMixture,269.34476251006106,5.446657821393141,0.0009044047982072967,true,SaturatedMixture,269.3447110056877,5.446680777700812,0.000904378069141673,true,4.214751215071632E-06,9.493985362637218E-08,true
background-reference,18000,180,pressure,REGION-4-MIXTURE,SaturatedMixture,269.4799217283727,5.4582106824633945,0.0009015025208440037,true,SaturatedMixture,269.4799124598503,5.458214817836955,0.0009014976996105014,true,7.576427150764118E-07,1.70807432563582E-08,true
background-reference,18000,180,outlet,REGION-4-MIXTURE,SaturatedMixture,275.1843705475329,5.963117165910907,0.18990745708466342,true,SaturatedMixture,275.1846368908882,5.96317277968873,0.18990659273035512,true,9.32629298999053E-06,4.857316440451576E-07,true
background-reference,18000,180,drum,REGION-4-MIXTURE,SaturatedMixture,270.41057386994373,5.5382678699752335,0.036630469885910386,true,SaturatedMixture,270.4105988740921,5.538288949758085,0.036630256822384716,true,3.806204998856723E-06,4.6000665926834137E-08,true
background-reference,18000,180,feedwater-inventory,REGION-1,SubcooledLiquid,47.52114057808484,0.12181746458032389,,true,SubcooledLiquid,47.51735427114096,0.11811413348384309,,true,0.030400658142403718,1.1807445275724628E-05,true
background-reference,24000,240,suction,REGION-4-MIXTURE,SaturatedMixture,269.34476251006106,5.446657821393141,0.0009044047982072967,true,SaturatedMixture,269.3447110056877,5.446680777700812,0.000904378069141673,true,4.214751215071632E-06,9.493985362637218E-08,true
background-reference,24000,240,pressure,REGION-4-MIXTURE,SaturatedMixture,269.4799217283727,5.4582106824633945,0.0009015025208314689,true,SaturatedMixture,269.4799124598503,5.458214817836955,0.0009014976995979667,true,7.576427150764118E-07,1.70807432563582E-08,true
background-reference,24000,240,outlet,REGION-4-MIXTURE,SaturatedMixture,275.1843705892562,5.963117169729576,0.18990745707138953,true,SaturatedMixture,275.1846368908882,5.96317277968873,0.1899065925827554,true,9.325652602682693E-06,4.856555530333194E-07,true
background-reference,24000,240,drum,REGION-4-MIXTURE,SaturatedMixture,270.41057386994373,5.5382678699752335,0.03663046988806629,true,SaturatedMixture,270.4105988740921,5.538288949758085,0.03663025682454061,true,3.806204998856723E-06,4.6000665926834137E-08,true
background-reference,24000,240,feedwater-inventory,REGION-1,SubcooledLiquid,47.52114057735906,0.12181746457992443,,true,SubcooledLiquid,47.51735427027813,0.11811413347428704,,true,0.030400658217669903,1.180744570313463E-05,true
background-reference,30000,300,suction,REGION-4-MIXTURE,SaturatedMixture,269.34476251006106,5.446657821393141,0.0009044047982072967,true,SaturatedMixture,269.3447110056877,5.446680777700812,0.000904378069141673,true,4.214751215071632E-06,9.493985362637218E-08,true
background-reference,30000,300,pressure,REGION-4-MIXTURE,SaturatedMixture,269.4799217283727,5.4582106824633945,0.0009015025208659237,true,SaturatedMixture,269.4799124598503,5.458214817836955,0.0009014976996324215,true,7.576427150764118E-07,1.70807432563582E-08,true
background-reference,30000,300,outlet,REGION-4-MIXTURE,SaturatedMixture,275.18437056839457,5.963117167820244,0.18990745678322932,true,SaturatedMixture,275.1846368908882,5.96317277968873,0.18990659236175916,true,9.325972795815196E-06,4.856935985392371E-07,true
background-reference,30000,300,drum,REGION-4-MIXTURE,SaturatedMixture,270.41057386994373,5.5382678699752335,0.0366304698911451,true,SaturatedMixture,270.4105988740921,5.538288949758085,0.0366302568276194,true,3.806204998856723E-06,4.6000665926834137E-08,true
background-reference,30000,300,feedwater-inventory,REGION-1,SubcooledLiquid,47.521140576642495,0.12181746457953008,,true,SubcooledLiquid,47.51735426922403,0.11811413326275827,,true,0.030400659950971486,1.1807446755754087E-05,true
background-reference,36000,360,suction,REGION-4-MIXTURE,SaturatedMixture,269.34476251006106,5.446657821393141,0.0009044047982072967,true,SaturatedMixture,269.3447110056877,5.446680777700812,0.000904378069141673,true,4.214751215071632E-06,9.493985362637218E-08,true
background-reference,36000,360,pressure,REGION-4-MIXTURE,SaturatedMixture,269.4799217283727,5.4582106824633945,0.0009015025209116863,true,SaturatedMixture,269.4799124598503,5.458214817836955,0.0009014976996781839,true,7.576427150764118E-07,1.70807432563582E-08,true
background-reference,36000,360,outlet,REGION-4-MIXTURE,SaturatedMixture,275.18437056839457,5.963117167820244,0.18990745654153707,true,SaturatedMixture,275.1846368908882,5.96317277968873,0.1899065921200679,true,9.325972795815196E-06,4.856935985392371E-07,true
background-reference,36000,360,drum,REGION-4-MIXTURE,SaturatedMixture,270.41057386994373,5.5382678699752335,0.036630469895552936,true,SaturatedMixture,270.4105988740921,5.538288949758085,0.03663025683202721,true,3.806204998856723E-06,4.6000665926834137E-08,true
background-reference,36000,360,feedwater-inventory,REGION-1,SubcooledLiquid,47.521140575730726,0.12181746457902826,,true,SubcooledLiquid,47.51735426794221,0.1181141330521143,,true,0.030400661676154406,1.1807447909775686E-05,true
background-reference,42000,420,suction,REGION-4-MIXTURE,SaturatedMixture,269.34476251006106,5.446657821393141,0.0009044047982072967,true,SaturatedMixture,269.3447110056877,5.446680777700812,0.000904378069141673,true,4.214751215071632E-06,9.493985362637218E-08,true
background-reference,42000,420,pressure,REGION-4-MIXTURE,SaturatedMixture,269.4799217283727,5.4582106824633945,0.0009015025209459658,true,SaturatedMixture,269.4799124598503,5.458214817836955,0.0009014976997124634,true,7.576427150764118E-07,1.70807432563582E-08,true
background-reference,42000,420,outlet,REGION-4-MIXTURE,SaturatedMixture,275.18437056839457,5.963117167820244,0.18990745628161176,true,SaturatedMixture,275.1846368908882,5.96317277968873,0.1899065918601437,true,9.325972795815196E-06,4.856935985392371E-07,true
background-reference,42000,420,drum,REGION-4-MIXTURE,SaturatedMixture,270.41057386994373,5.5382678699752335,0.03663046990010211,true,SaturatedMixture,270.4105988740921,5.538288949758085,0.036630256836576364,true,3.806204998856723E-06,4.6000665926834137E-08,true
background-reference,42000,420,feedwater-inventory,REGION-1,SubcooledLiquid,47.52114057481543,0.12181746457852446,,true,SubcooledLiquid,47.517354266414145,0.11811413260111259,,true,0.03040066537441913,1.1807449820714292E-05,true
background-reference,48000,480,suction,REGION-4-MIXTURE,SaturatedMixture,269.34476251006106,5.446657821393141,0.0009044047982072967,true,SaturatedMixture,269.3447110056877,5.446680777700812,0.000904378069141673,true,4.214751215071632E-06,9.493985362637218E-08,true
background-reference,48000,480,pressure,REGION-4-MIXTURE,SaturatedMixture,269.4799217283727,5.4582106824633945,0.0009015025210119517,true,SaturatedMixture,269.4799124598503,5.458214817836955,0.0009014976997784492,true,7.576427150764118E-07,1.70807432563582E-08,true
background-reference,48000,480,outlet,REGION-4-MIXTURE,SaturatedMixture,275.18437056839457,5.963117167820244,0.18990745596832528,true,SaturatedMixture,275.1846368908882,5.96317277968873,0.18990659154685863,true,9.325972795815196E-06,4.856935985392371E-07,true
background-reference,48000,480,drum,REGION-4-MIXTURE,SaturatedMixture,270.41057386994373,5.5382678699752335,0.03663046990652133,true,SaturatedMixture,270.4105988740921,5.538288949758085,0.036630256842995555,true,3.806204998856723E-06,4.6000665926834137E-08,true
background-reference,48000,480,feedwater-inventory,REGION-1,SubcooledLiquid,47.5211405735958,0.1218174645778532,,true,SubcooledLiquid,47.51735426463284,0.11811413225292505,,true,0.030400668227348916,1.1807451572303855E-05,true
background-reference,54000,540,suction,REGION-4-MIXTURE,SaturatedMixture,269.34476251006106,5.446657821393141,0.0009044047982072967,true,SaturatedMixture,269.3447110056877,5.446680777700812,0.000904378069141673,true,4.214751215071632E-06,9.493985362637218E-08,true
background-reference,54000,540,pressure,REGION-4-MIXTURE,SaturatedMixture,269.4799217283727,5.4582106824633945,0.000901502521094229,true,SaturatedMixture,269.4799124598503,5.458214817836955,0.0009014976998607262,true,7.576427150764118E-07,1.70807432563582E-08,true
background-reference,54000,540,outlet,REGION-4-MIXTURE,SaturatedMixture,275.1843705892562,5.963117169729576,0.1899074556347955,true,SaturatedMixture,275.1846368908882,5.96317277968873,0.18990659114616754,true,9.325652602682693E-06,4.856555530333194E-07,true
background-reference,54000,540,drum,REGION-4-MIXTURE,SaturatedMixture,270.41057386994373,5.5382678699752335,0.036630469913993186,true,SaturatedMixture,270.4105988740921,5.538288949758085,0.03663025685046736,true,3.806204998856723E-06,4.6000665926834137E-08,true
background-reference,54000,540,feedwater-inventory,REGION-1,SubcooledLiquid,47.52114057219461,0.12181746457708201,,true,SubcooledLiquid,47.51735426258972,0.11811413185614597,,true,0.030400671478371576,1.1807453574196736E-05,true
background-reference,60000,600,suction,REGION-4-MIXTURE,SaturatedMixture,269.34476251006106,5.446657821393141,0.0009044047982072967,true,SaturatedMixture,269.3447110056877,5.446680777700812,0.000904378069141673,true,4.214751215071632E-06,9.493985362637218E-08,true
background-reference,60000,600,pressure,REGION-4-MIXTURE,SaturatedMixture,269.4799217283727,5.4582106824633945,0.0009015025211569903,true,SaturatedMixture,269.4799124598503,5.458214817836955,0.0009014976999234876,true,7.576427150764118E-07,1.70807432563582E-08,true
background-reference,60000,600,outlet,REGION-4-MIXTURE,SaturatedMixture,275.1843705892562,5.963117169729576,0.18990745521779132,true,SaturatedMixture,275.18463692069054,5.963172782418439,0.18990659082499595,true,9.326110368114038E-06,4.857099036704237E-07,true
background-reference,60000,600,drum,REGION-4-MIXTURE,SaturatedMixture,270.41057386994373,5.5382678699752335,0.036630469924585435,true,SaturatedMixture,270.4105988740921,5.538288949758085,0.03663025686105956,true,3.806204998856723E-06,4.6000665926834137E-08,true
background-reference,60000,600,feedwater-inventory,REGION-1,SubcooledLiquid,47.521140570721,0.12181746457627096,,true,SubcooledLiquid,47.51735426026562,0.11811413126441053,,true,0.03040067632947442,1.1807456226473555E-05,true
exact-v9-5-to-6mwe,2784,0,suction,REGION-4-MIXTURE,SaturatedMixture,269.3758408248424,5.449312614917401,0.000902381271361201,true,SaturatedMixture,269.3757959008217,5.449332631043098,0.0009023579690404059,true,3.673146892265094E-06,8.280531049119887E-08,true
exact-v9-5-to-6mwe,2784,0,pressure,REGION-4-MIXTURE,SaturatedMixture,269.4845352351666,5.458605356238655,0.0008997551380735252,true,SaturatedMixture,269.48452800512314,5.458608570143517,0.0008997513923496228,true,5.887776551879538E-07,1.3323964860315487E-08,true
exact-v9-5-to-6mwe,2784,0,outlet,REGION-4-MIXTURE,SaturatedMixture,275.8487251222133,6.024158228030869,0.1958812351730021,true,SaturatedMixture,275.84897097945213,6.024209307224837,0.19588044548331046,true,8.479059153887395E-06,4.4782843308609284E-07,true
exact-v9-5-to-6mwe,2784,0,drum,REGION-4-MIXTURE,SaturatedMixture,270.7234599530699,5.565383514941363,0.036759643123033474,true,SaturatedMixture,270.7235015928745,5.56541909133316,0.0367592841321975,true,6.392442084441004E-06,7.656156753639832E-08,true
exact-v9-5-to-6mwe,2784,0,feedwater-inventory,REGION-1,SubcooledLiquid,47.522770723017004,0.16968907902364633,,true,SubcooledLiquid,47.51735051173938,0.1643500084853755,,true,0.031463842982651896,1.6902624021998925E-05,true
exact-v9-5-to-6mwe,8784,60,suction,REGION-4-MIXTURE,SaturatedMixture,269.286198878288,5.441657841867017,0.0009082089892899667,true,SaturatedMixture,269.28614005446434,5.441684088083778,0.0009081784220419047,true,4.8232023261194325E-06,1.0844376500013207E-07,true
exact-v9-5-to-6mwe,8784,60,pressure,REGION-4-MIXTURE,SaturatedMixture,269.5075922548773,5.4605781522424275,0.0009032234349990809,true,SaturatedMixture,269.5075886249542,5.460579757276082,0.0009032215608383065,true,2.9393108379358924E-07,6.689159284355285E-09,true
exact-v9-5-to-6mwe,8784,60,outlet,REGION-4-MIXTURE,SaturatedMixture,275.26000683307655,5.970042719140328,0.22868431485697216,true,SaturatedMixture,275.2603311240673,5.970105904370903,0.22868336145780505,true,1.0583714982847082E-05,5.913294555545235E-07,true
exact-v9-5-to-6mwe,8784,60,drum,REGION-4-MIXTURE,SaturatedMixture,269.93746799826624,5.497458813549572,0.03627074384046728,true,SaturatedMixture,269.9374865889549,5.49747444967658,0.03627058631992313,true,2.8442463215440565E-06,3.423148162712957E-08,true
exact-v9-5-to-6mwe,8784,60,feedwater-inventory,REGION-4-MIXTURE,SaturatedMixture,47.514584347605705,0.010906180173376944,2.1513591917951847E-07,true,SaturatedMixture,47.514584213495255,0.010906265166517739,2.1513204701664135E-07,true,7.793117245754619E-06,4.1822657471662344E-10,true
exact-v9-5-to-6mwe,14784,120,suction,REGION-4-MIXTURE,SaturatedMixture,268.43746053576467,5.369587904517404,0.0009620480858722721,true,SaturatedMixture,268.437434643507,5.3695995917979475,0.0009620344191991945,true,2.1765693664343095E-06,4.7808081897018886E-08,true
exact-v9-5-to-6mwe,14784,120,pressure,REGION-4-MIXTURE,SaturatedMixture,269.2245281159875,5.436396374605828,0.0008928844818294307,true,SaturatedMixture,269.22446858882904,5.436422893488659,0.0008928537925999026,true,4.8780259943662915E-06,1.0975286514352473E-07,true
exact-v9-5-to-6mwe,14784,120,outlet,REGION-4-MIXTURE,SaturatedMixture,273.84035230278926,5.841073342563729,0.2245357760629698,true,SaturatedMixture,273.84063413739204,5.8411275143995915,0.22453494780265568,true,9.274294754643468E-06,5.152460214361442E-07,true
exact-v9-5-to-6mwe,14784,120,drum,REGION-4-MIXTURE,SaturatedMixture,268.4353395342828,5.369408719353976,0.03444423683968542,true,SaturatedMixture,268.43535754084587,5.36942450775127,0.034444081237296205,true,2.9404349936407085E-06,3.324787763121533E-08,true
exact-v9-5-to-6mwe,14784,120,feedwater-inventory,REGION-4-MIXTURE,SaturatedMixture,47.497136956453346,0.01089657309619546,1.6027856383916987E-06,true,SaturatedMixture,47.4971369355917,0.010896589982594166,1.6027822510179033E-06,true,1.5496981075929838E-06,6.506107806472464E-11,true
exact-v9-5-to-6mwe,20784,180,suction,REGION-4-MIXTURE,SaturatedMixture,267.78551645874984,5.314725369421499,0.001001791617465924,true,SaturatedMixture,267.78545901179314,5.314751461161778,0.001001761014212717,true,4.90932992127395E-06,1.061992695151758E-07,true
exact-v9-5-to-6mwe,20784,180,pressure,REGION-4-MIXTURE,SaturatedMixture,268.6578054487708,5.3882278416122125,0.0008686230330322349,true,SaturatedMixture,268.65775376558304,5.388250926935312,0.0008685968095296115,true,4.284399950773329E-06,9.539026055935812E-08,true
exact-v9-5-to-6mwe,20784,180,outlet,REGION-4-MIXTURE,SaturatedMixture,273.6215528190136,5.821387152991723,0.22761378261997248,true,SaturatedMixture,273.62179362773895,5.8214331990935815,0.2276130811104817,true,7.909816105407013E-06,4.404192649347706E-07,true
exact-v9-5-to-6mwe,20784,180,drum,REGION-4-MIXTURE,SaturatedMixture,268.32134410142896,5.359784941479276,0.03395045495361322,true,SaturatedMixture,268.3213795721531,5.359817026925074,0.033950141511536566,true,5.986330822663418E-06,6.550803567903663E-08,true
exact-v9-5-to-6mwe,20784,180,feedwater-inventory,REGION-4-MIXTURE,SaturatedMixture,47.46560525596135,0.01087922919921552,2.5205747065400563E-06,true,SaturatedMixture,47.46560500562191,0.010879419114817192,2.5205172975019104E-06,true,1.745671482734247E-05,7.808086560374414E-10,true
exact-v9-5-to-6mwe,26784,240,suction,REGION-4-MIXTURE,SaturatedMixture,267.5165805220603,5.292218956694819,0.0010177871326755921,true,SaturatedMixture,267.5165730416775,5.292222372018778,0.0010177831237759528,true,6.453481965864267E-07,1.3835482116171728E-08,true
exact-v9-5-to-6mwe,26784,240,pressure,REGION-4-MIXTURE,SaturatedMixture,268.18782694339745,5.348529845081322,0.000848616322960396,true,SaturatedMixture,268.1877711415291,5.3485548466093515,0.0008485883608303203,true,4.674467330904512E-06,1.0308141347813714E-07,true
exact-v9-5-to-6mwe,26784,240,outlet,REGION-4-MIXTURE,SaturatedMixture,273.6084401816131,5.820208972163369,0.22974826723444455,true,SaturatedMixture,273.60866379737854,5.820251594191263,0.22974761927962525,true,7.323109547713103E-06,4.089845697871497E-07,true
exact-v9-5-to-6mwe,26784,240,drum,REGION-4-MIXTURE,SaturatedMixture,268.3765215992928,5.364441516840209,0.03398037809656801,true,SaturatedMixture,268.37655037641525,5.3644675085066815,0.033980123934603555,true,4.8451765930977145E-06,5.314074436667709E-08,true
exact-v9-5-to-6mwe,26784,240,feedwater-inventory,REGION-4-MIXTURE,SaturatedMixture,47.42490748912098,0.010856878601495297,3.1764548628204034E-06,true,SaturatedMixture,47.42490700632334,0.010857256818839346,3.1763131222191934E-06,true,3.48366559056346E-05,1.506036917235688E-09,true
exact-v9-5-to-6mwe,32784,300,suction,REGION-4-MIXTURE,SaturatedMixture,267.45358095765107,5.286957257032961,0.001021500856893961,true,SaturatedMixture,267.4535613656044,5.286966212084349,0.0010214903357516766,true,1.6938006025347783E-06,3.6241059733182874E-08,true
exact-v9-5-to-6mwe,32784,300,pressure,REGION-4-MIXTURE,SaturatedMixture,267.90293265581147,5.324574454639616,0.0008365347013581999,true,SaturatedMixture,267.902895629406,5.324591096995935,0.0008365162639756751,true,3.12557490943102E-06,6.843397985458924E-08,true
exact-v9-5-to-6mwe,32784,300,outlet,REGION-4-MIXTURE,SaturatedMixture,273.68795581161976,5.827356310544289,0.23069780958403946,true,SaturatedMixture,273.6882654726505,5.827415260983021,0.23069691414872726,true,1.0116154837761874E-05,5.662756717568143E-07,true
exact-v9-5-to-6mwe,32784,300,drum,REGION-4-MIXTURE,SaturatedMixture,268.495750629902,5.37451412029269,0.034132733862728346,true,SaturatedMixture,268.49575197696686,5.374515301995947,0.03413272230671234,true,2.1987164431537136E-07,2.4869850440214868E-09,true
exact-v9-5-to-6mwe,32784,300,feedwater-inventory,REGION-4-MIXTURE,SaturatedMixture,47.38116506189107,0.010832899915982661,3.713817922534957E-06,true,SaturatedMixture,47.38116440176964,0.010833436568073479,3.713585023308517E-06,true,4.953909802360254E-05,2.0594609868631813E-09,true
exact-v9-5-to-6mwe,38784,360,suction,REGION-4-MIXTURE,SaturatedMixture,267.50258015990255,5.291049306341158,0.0010186135204932804,true,SaturatedMixture,267.50257897377014,5.291049854154711,0.0010186128778886356,true,1.0353590016370562E-07,2.1938902204852096E-09,true
exact-v9-5-to-6mwe,38784,360,pressure,REGION-4-MIXTURE,SaturatedMixture,267.7772412359715,5.314031753785513,0.000831091383927257,true,SaturatedMixture,267.77718275785446,5.314058020508574,0.0008310624056529181,true,4.942899154092745E-06,1.0810717699899107E-07,true
exact-v9-5-to-6mwe,38784,360,outlet,REGION-4-MIXTURE,SaturatedMixture,273.8153027057647,5.838816965987687,0.23110873263167547,true,SaturatedMixture,273.8156104683876,5.838875536334527,0.23110784314223046,true,1.003120104316963E-05,5.626730277071336E-07,true
exact-v9-5-to-6mwe,38784,360,drum,REGION-4-MIXTURE,SaturatedMixture,268.64694446921374,5.3873079079899195,0.03435419882027748,true,SaturatedMixture,268.64697673916817,5.387337033086785,0.03435391338881608,true,5.4062432226337825E-06,5.9560975307639635E-08,true
exact-v9-5-to-6mwe,38784,360,feedwater-inventory,REGION-4-MIXTURE,SaturatedMixture,47.339702007174424,0.010810212751176797,4.164322187595139E-06,true,SaturatedMixture,47.33970123529434,0.01081085759654068,4.164010380082086E-06,true,5.9651496110672016E-05,2.4084395747977166E-09,true
exact-v9-5-to-6mwe,44784,420,suction,REGION-4-MIXTURE,SaturatedMixture,267.61186883449557,5.300184997454784,0.0010121460685883431,true,SaturatedMixture,267.61182817816734,5.300203493013621,0.0010121243618634978,true,3.489606277019793E-06,7.518342280985515E-08,true
exact-v9-5-to-6mwe,44784,420,pressure,REGION-4-MIXTURE,SaturatedMixture,267.76519510746004,5.313022190553194,0.0008303266200798215,true,SaturatedMixture,267.76513612270355,5.3130486717609555,0.0008302974189204779,true,4.98420801042469E-06,1.0904621838317155E-07,true
exact-v9-5-to-6mwe,44784,420,outlet,REGION-4-MIXTURE,SaturatedMixture,273.96743665337556,5.852530896965095,0.23127986056507,true,SaturatedMixture,273.96751713752747,5.852546212955912,0.2312796280647459,true,2.61698589662919E-06,1.471058067546338E-07,true
exact-v9-5-to-6mwe,44784,420,drum,REGION-4-MIXTURE,SaturatedMixture,268.8133836925032,5.401418612951234,0.03461393489815718,true,SaturatedMixture,268.8134207725525,5.401451518138427,0.034613610706507605,true,6.091952790678078E-06,6.841799727778753E-08,true
exact-v9-5-to-6mwe,44784,420,feedwater-inventory,REGION-4-MIXTURE,SaturatedMixture,47.30439080595971,0.010790923865630127,4.5546867515225665E-06,true,SaturatedMixture,47.30438996851444,0.010791628672288467,4.554315714049788E-06,true,6.531476517822725E-05,2.6133056512557154E-09,true
exact-v9-5-to-6mwe,50784,480,suction,REGION-4-MIXTURE,SaturatedMixture,267.7532800316808,5.312023754688277,0.0010037211418976318,true,SaturatedMixture,267.7532214522362,5.312050379909012,0.0010036899101544465,true,5.012255585514431E-06,1.0829929633441027E-07,true
exact-v9-5-to-6mwe,50784,480,pressure,REGION-4-MIXTURE,SaturatedMixture,267.82730354666717,5.318228950815844,0.000832610772089108,true,SaturatedMixture,267.8272500038147,5.318252993741641,0.0008325842085903662,true,4.5208519639329735E-06,9.897430468693712E-08,true
exact-v9-5-to-6mwe,50784,480,outlet,REGION-4-MIXTURE,SaturatedMixture,274.1351564466953,5.867678282042666,0.2313532627344529,true,SaturatedMixture,274.1354164481163,5.86772805466391,0.23135250967460042,true,8.482506853926003E-06,4.750748635054431E-07,true
exact-v9-5-to-6mwe,50784,480,drum,REGION-4-MIXTURE,SaturatedMixture,268.9904044747353,5.416457373256479,0.03489787790235481,true,SaturatedMixture,268.99040749669075,5.416460025330872,0.03489785159158555,true,4.896326528993196E-07,5.57411953980462E-09,true
exact-v9-5-to-6mwe,50784,480,feedwater-inventory,REGION-4-MIXTURE,SaturatedMixture,47.27766643762595,0.010776345236494038,4.903501824272255E-06,true,SaturatedMixture,47.277665585279465,0.010777075777765717,4.90308923599089E-06,true,6.779119039406925E-05,2.6600277621973237E-09,true
exact-v9-5-to-6mwe,56784,540,suction,REGION-4-MIXTURE,SaturatedMixture,267.9171129286291,5.325764864415422,0.000993880223736067,true,SaturatedMixture,267.91708049178123,5.325779600913773,0.000993862948922555,true,2.7670200854999106E-06,5.994976791392573E-08,true
exact-v9-5-to-6mwe,56784,540,pressure,REGION-4-MIXTURE,SaturatedMixture,267.93677989244463,5.327416208943265,0.0008368562369661239,true,SaturatedMixture,267.9367537498474,5.3274279598241145,0.000836843209425426,true,2.205737338482594E-06,4.8314980503534445E-08,true
exact-v9-5-to-6mwe,56784,540,outlet,REGION-4-MIXTURE,SaturatedMixture,274.3160987555981,5.884053386862921,0.23144688595782345,true,SaturatedMixture,274.3164052069187,5.884112072235415,0.23144599755756678,true,9.973630189183402E-06,5.597631000751029E-07,true
exact-v9-5-to-6mwe,56784,540,drum,REGION-4-MIXTURE,SaturatedMixture,269.1776982307432,5.43240365851685,0.0352112038679234,true,SaturatedMixture,269.17773523926735,5.43243607002674,0.03521088249143523,true,5.966329442286797E-06,6.8240151234043E-08,true
exact-v9-5-to-6mwe,56784,540,feedwater-inventory,REGION-4-MIXTURE,SaturatedMixture,47.260731856524956,0.010767115875810392,5.216695574315027E-06,true,SaturatedMixture,47.260731011629105,0.010767853972272416,5.216253287293953E-06,true,6.855099086306681E-05,2.6369149565133087E-09,true
exact-v9-5-to-6mwe,62784,600,suction,REGION-4-MIXTURE,SaturatedMixture,268.08787213563915,5.340115774031272,0.0009835311402743585,true,SaturatedMixture,268.087837934494,5.340131232980323,0.000983513036435451,true,2.894871516962968E-06,6.31905986025924E-08,true
exact-v9-5-to-6mwe,62784,600,pressure,REGION-4-MIXTURE,SaturatedMixture,268.0753684282305,5.33906393925502,0.0008423568271336936,true,SaturatedMixture,268.0753380060196,5.339077583538032,0.0008423416326778935,true,2.555557147677628E-06,5.620987609347406E-08,true
exact-v9-5-to-6mwe,62784,600,outlet,REGION-4-MIXTURE,SaturatedMixture,274.4903302550314,5.899854121915706,0.2314382016979415,true,SaturatedMixture,274.4903552532196,5.899858909961777,0.23143812924371704,true,8.115532980638225E-07,4.564709142548668E-08,true
exact-v9-5-to-6mwe,62784,600,drum,REGION-4-MIXTURE,SaturatedMixture,269.35565841197956,5.447588466292596,0.035515781309136615,true,SaturatedMixture,269.3556922674179,5.447617589470523,0.03551549078055449,true,5.346067917433246E-06,6.240568705810409E-08,true
exact-v9-5-to-6mwe,62784,600,feedwater-inventory,REGION-4-MIXTURE,SaturatedMixture,47.25379668027165,0.010763338159542174,5.515474764911145E-06,true,SaturatedMixture,47.253795854747295,0.010764077398433006,5.515007442278447E-06,true,6.86811916409684E-05,2.576512392892497E-09,true
exact-v9-5-to-6mwe,68784,660,suction,REGION-4-MIXTURE,SaturatedMixture,268.258955323696,5.354523505773277,0.0009730675325700006,true,SaturatedMixture,268.25889629125595,5.354550158862219,0.0009730363407161802,true,4.9776770824484255E-06,1.0903484227339484E-07,true
exact-v9-5-to-6mwe,68784,660,pressure,REGION-4-MIXTURE,SaturatedMixture,268.22862460613226,5.351967049157837,0.0008485225363890691,true,SaturatedMixture,268.2285655736923,5.35199350874133,0.0008484929241541758,true,4.943898803951896E-06,1.0904095073643431E-07,true
exact-v9-5-to-6mwe,68784,660,outlet,REGION-4-MIXTURE,SaturatedMixture,274.66211806535716,5.915464940975604,0.23142992277315888,true,SaturatedMixture,274.6624059677124,5.915520421823626,0.2314290858145863,true,9.37894968106909E-06,5.255494461428072E-07,true
exact-v9-5-to-6mwe,68784,660,drum,REGION-4-MIXTURE,SaturatedMixture,269.5298897445201,5.46248647937816,0.03581717962476893,true,SaturatedMixture,269.5298990011215,5.462494477825981,0.035817099825826336,true,1.464250365029858E-06,1.7057203660500556E-08,true
exact-v9-5-to-6mwe,68784,660,feedwater-inventory,REGION-4-MIXTURE,SaturatedMixture,47.25636326000097,0.010764736089308044,5.8023453262868475E-06,true,SaturatedMixture,47.256362445652485,0.01076547504815228,5.8018547382475685E-06,true,6.864625738207725E-05,2.541611451456476E-09,true
exact-v9-5-to-6mwe,74784,720,suction,REGION-4-MIXTURE,SaturatedMixture,268.4279694974422,5.368786123859572,0.0009626366151255175,true,SaturatedMixture,268.4279403090477,5.368799291201951,0.0009626212165189935,true,2.4525734634315434E-06,5.389509197610473E-08,true
exact-v9-5-to-6mwe,74784,720,pressure,REGION-4-MIXTURE,SaturatedMixture,268.3879977881908,5.3654104108034435,0.0008550035030612451,true,SaturatedMixture,268.38795644044876,5.365428953448722,0.0008549826445247644,true,3.4559602824508745E-06,7.635242989661553E-08,true
exact-v9-5-to-6mwe,74784,720,outlet,REGION-4-MIXTURE,SaturatedMixture,274.83064057230956,5.930809657975048,0.231426994562788,true,SaturatedMixture,274.83093479275703,5.930866379770595,0.23142613849900218,true,9.563921086446749E-06,5.369175946887248E-07,true
exact-v9-5-to-6mwe,74784,720,drum,REGION-4-MIXTURE,SaturatedMixture,269.69983050823214,5.4770475685006454,0.03611495197770573,true,SaturatedMixture,269.6998707652092,5.477081790346434,0.03611460852894283,true,6.2482286962576095E-06,7.415858824321946E-08,true
exact-v9-5-to-6mwe,74784,720,feedwater-inventory,REGION-4-MIXTURE,SaturatedMixture,47.26746165007364,0.01077078280538208,6.080759374465404E-06,true,SaturatedMixture,47.267460852861404,0.010771518740463597,6.0802480670960965E-06,true,6.83269818744888E-05,2.4880424226951745E-09,true
exact-v9-5-to-6mwe,80784,780,suction,REGION-4-MIXTURE,SaturatedMixture,268.59354792833335,5.382786922488396,0.0009523267159962462,true,SaturatedMixture,268.5935117006302,5.382803187854332,0.0009523077108911486,true,3.0217369125190477E-06,6.687242201818904E-08,true
exact-v9-5-to-6mwe,80784,780,pressure,REGION-4-MIXTURE,SaturatedMixture,268.5486411511898,5.378986992671804,0.000861599623052612,true,SaturatedMixture,268.5486201643944,5.378996377214973,0.0008615890104743427,true,1.7446673847730527E-06,3.8742566168437047E-08,true
exact-v9-5-to-6mwe,80784,780,outlet,REGION-4-MIXTURE,SaturatedMixture,274.9943043649197,5.945741039133511,0.23142232118333478,true,SaturatedMixture,274.9943191707134,5.9457438928170845,0.231422278191484,true,4.799542319631395E-07,2.7010759067584705E-08,true
exact-v9-5-to-6mwe,80784,780,drum,REGION-4-MIXTURE,SaturatedMixture,269.86491042971613,5.491220523864266,0.036407564205610275,true,SaturatedMixture,269.8649441599846,5.4912487151372975,0.03640727971684581,true,5.133881057778731E-06,6.21166524303424E-08,true
exact-v9-5-to-6mwe,80784,780,feedwater-inventory,REGION-4-MIXTURE,SaturatedMixture,47.28584959805005,0.010780807500867904,6.353411934413006E-06,true,SaturatedMixture,47.28584882616997,0.01078153200189956,6.352886591063359E-06,true,6.720285392329214E-05,2.4088443368538223E-09,true
exact-v9-5-to-6mwe,86784,840,suction,REGION-4-MIXTURE,SaturatedMixture,268.75488118529313,5.396455562230628,0.0009421939615095652,true,SaturatedMixture,268.75482165813446,5.396482302314494,0.000942162742183082,true,4.9551198111264215E-06,1.0984798390959028E-07,true
exact-v9-5-to-6mwe,86784,840,pressure,REGION-4-MIXTURE,SaturatedMixture,268.70778965353986,5.392463089971425,0.0008681932656547052,true,SaturatedMixture,268.70773154497147,5.392489051941952,0.0008681637537289638,true,4.8144920222930974E-06,1.0723951838603049E-07,true
exact-v9-5-to-6mwe,86784,840,outlet,REGION-4-MIXTURE,SaturatedMixture,275.1527390658854,5.960222683927252,0.23141690010609517,true,SaturatedMixture,275.1530169248581,5.96027658591378,0.23141608944646042,true,9.043619573777535E-06,5.067619636224576E-07,true
exact-v9-5-to-6mwe,86784,840,drum,REGION-4-MIXTURE,SaturatedMixture,270.02492635846113,5.50498542077835,0.03669383447269851,true,SaturatedMixture,270.02493447065353,5.504992217231414,0.036693765952443023,true,1.2345996481295446E-06,1.4934769648568373E-08,true
exact-v9-5-to-6mwe,86784,840,feedwater-inventory,REGION-4-MIXTURE,SaturatedMixture,47.31016860008242,0.010794077984110315,6.6220392982588265E-06,true,SaturatedMixture,47.310167863965034,0.010794775053715368,6.621512943096198E-06,true,6.457889280396658E-05,2.2970635911762186E-09,true
exact-v9-5-to-6mwe,92784,900,suction,REGION-4-MIXTURE,SaturatedMixture,268.91260992884634,5.409844422746818,0.0009322039036155855,true,SaturatedMixture,268.91257551312447,5.409859858618684,0.0009321858943416112,true,2.8532931189533962E-06,6.349030765115998E-08,true
exact-v9-5-to-6mwe,92784,900,pressure,REGION-4-MIXTURE,SaturatedMixture,268.8640391409398,5.405718774474441,0.0008747158221898253,true,SaturatedMixture,268.8639917373657,5.405739945379644,0.0008746916337800401,true,3.9163904165931664E-06,8.745820335800182E-08,true
exact-v9-5-to-6mwe,92784,900,outlet,REGION-4-MIXTURE,SaturatedMixture,275.3103550732136,5.974656203823785,0.23143107905029692,true,SaturatedMixture,275.31066328287125,5.974716019538921,0.23143017885281184,true,1.0011574406140624E-05,5.619543049837893E-07,true
exact-v9-5-to-6mwe,92784,900,drum,REGION-4-MIXTURE,SaturatedMixture,270.18390763401965,5.5186873898978055,0.0369787179253488,true,SaturatedMixture,270.1839480102062,5.518720814549182,0.03697837891085176,true,6.056630683166101E-06,7.431192128484391E-08,true
exact-v9-5-to-6mwe,92784,900,feedwater-inventory,REGION-4-MIXTURE,SaturatedMixture,47.339061117172264,0.010809862398688596,6.885840623009597E-06,true,SaturatedMixture,47.33906044065952,0.010810508648666029,6.8853335562177825E-06,true,5.978336759506123E-05,2.110876229534446E-09,true
exact-v9-5-to-6mwe,98784,960,suction,REGION-4-MIXTURE,SaturatedMixture,269.0666279315948,5.422942757787902,0.0009223685577617101,true,SaturatedMixture,269.0666002035141,5.422955136771629,0.0009223541250302686,true,2.2827059550261414E-06,5.113838132754156E-08,true
exact-v9-5-to-6mwe,98784,960,pressure,REGION-4-MIXTURE,SaturatedMixture,269.0172909379006,5.418744300386585,0.0008811686258817958,true,SaturatedMixture,269.0172829031944,5.41874787639254,0.0008811645191890157,true,6.599325888488886E-07,1.4819607007341665E-08,true
exact-v9-5-to-6mwe,98784,960,outlet,REGION-4-MIXTURE,SaturatedMixture,275.46072360575204,5.988450904262886,0.23142747359107105,true,SaturatedMixture,275.4608183503151,5.988469297173495,0.23142719674617543,true,3.071397077948116E-06,1.7269907236690053E-07,true
exact-v9-5-to-6mwe,98784,960,drum,REGION-4-MIXTURE,SaturatedMixture,270.3355482459067,5.531780945588854,0.037255479598444954,true,SaturatedMixture,270.33558720350266,5.53181274010605,0.037255155422524826,true,5.747609586977622E-06,7.168101541495392E-08,true
exact-v9-5-to-6mwe,98784,960,feedwater-inventory,REGION-4-MIXTURE,SaturatedMixture,47.37124681919806,0.010827469274392744,7.147105814978754E-06,true,SaturatedMixture,47.3712462335825,0.010828035580734788,7.1466448706890145E-06,true,5.23027429302922E-05,1.8270725342474677E-09,true
exact-v9-5-to-6mwe,104784,1020,suction,REGION-4-MIXTURE,SaturatedMixture,269.2148237466812,5.43556879606626,0.0009128296651076298,true,SaturatedMixture,269.21476489305496,5.4355950709092316,0.0009127990542020495,true,4.833871846234276E-06,1.0851298545123147E-07,true
exact-v9-5-to-6mwe,104784,1020,pressure,REGION-4-MIXTURE,SaturatedMixture,269.16647517681133,5.431447113618504,0.0008875015129017395,true,SaturatedMixture,269.1664217710495,5.431470917711538,0.0008874740460514096,true,4.3826428823935236E-06,9.847711488946554E-08,true
exact-v9-5-to-6mwe,104784,1020,outlet,REGION-4-MIXTURE,SaturatedMixture,275.6050840735436,6.001717297026261,0.23141215946755217,true,SaturatedMixture,275.6053007543087,6.001759608820555,0.23141152498628625,true,7.049947906576879E-06,3.9485878380939695E-07,true
exact-v9-5-to-6mwe,104784,1020,drum,REGION-4-MIXTURE,SaturatedMixture,270.48048021793363,5.544317393203595,0.0375213485017539,true,SaturatedMixture,270.48048692941666,5.5443228068219,0.03752129300980828,true,9.764264779261358E-07,1.2345670945006276E-08,true
exact-v9-5-to-6mwe,104784,1020,feedwater-inventory,REGION-4-MIXTURE,SaturatedMixture,47.405578786134754,0.01084627739350248,7.4075547949395155E-06,true,SaturatedMixture,47.40557833015919,0.010846731293029897,7.40717205604847E-06,true,4.184841590802012E-05,1.4224540042773772E-09,true
exact-v9-5-to-6mwe,110784,1080,suction,REGION-4-MIXTURE,SaturatedMixture,269.35622538924224,5.447636896492387,0.000903658825987358,true,SaturatedMixture,269.3561761081219,5.447658865935583,0.0009036332477818873,true,4.032839121557122E-06,9.083973245310948E-08,true
exact-v9-5-to-6mwe,110784,1080,pressure,REGION-4-MIXTURE,SaturatedMixture,269.3115269780159,5.4438198454297755,0.0008932603238042413,true,SaturatedMixture,269.3114704787731,5.443845027346246,0.0008932311344070608,true,4.6257806439745885E-06,1.0415345595955072E-07,true
exact-v9-5-to-6mwe,110784,1080,outlet,REGION-4-MIXTURE,SaturatedMixture,275.7495581537486,6.0150165852960455,0.2291393979467038,true,SaturatedMixture,275.7498823106289,6.015080121543434,0.22913844255437352,true,1.056293802147732E-05,5.905577359195353E-07,true
exact-v9-5-to-6mwe,110784,1080,drum,REGION-4-MIXTURE,SaturatedMixture,270.60145553350435,5.554798218168749,0.0379295933577601,true,SaturatedMixture,270.6014846563339,5.554821652793261,0.037929353019893794,true,4.218807523087262E-06,5.355908343290054E-08,true
exact-v9-5-to-6mwe,110784,1080,feedwater-inventory,REGION-4-MIXTURE,SaturatedMixture,47.44107317328451,0.010865751823740721,7.67700764817132E-06,true,SaturatedMixture,47.44107286632061,0.010866060017526522,7.67673842174762E-06,true,2.836377922119265E-05,9.574935908772962E-10,true
exact-v9-5-to-6mwe,116784,1140,suction,REGION-4-MIXTURE,SaturatedMixture,269.3710194945336,5.448900699133983,0.0009026954062697059,true,SaturatedMixture,269.37097346782684,5.448921229138726,0.0009026715065513376,true,3.7677333240076044E-06,8.48385686215705E-08,true
exact-v9-5-to-6mwe,116784,1140,pressure,REGION-4-MIXTURE,SaturatedMixture,269.4265326142312,5.453644964372609,0.0008976179247981005,true,SaturatedMixture,269.4265024662018,5.453658409666429,0.0008976022850889641,true,2.4653775424456628E-06,5.5564565703470556E-08,true
exact-v9-5-to-6mwe,116784,1140,outlet,REGION-4-MIXTURE,SaturatedMixture,275.8048092722893,6.0201085661169715,0.2136080753250367,true,SaturatedMixture,275.8051037490368,6.020167754375793,0.21360717202948235,true,9.831759372972077E-06,5.364316744090182E-07,true
exact-v9-5-to-6mwe,116784,1140,drum,REGION-4-MIXTURE,SaturatedMixture,270.50527734756463,5.54646448755082,0.03790683792601092,true,SaturatedMixture,270.50527918338776,5.54646599647493,0.037906822406093756,true,2.7205152265985107E-07,3.3768146908293003E-09,true
exact-v9-5-to-6mwe,116784,1140,feedwater-inventory,REGION-4-MIXTURE,SaturatedMixture,47.476804162561905,0.010885386399457025,8.422460058228179E-06,true,SaturatedMixture,47.47680403292179,0.010885517600294652,8.422334535223689E-06,true,1.205293342944854E-05,4.043333622519881E-10,true
exact-v9-5-to-6mwe,122784,1200,suction,REGION-4-MIXTURE,SaturatedMixture,269.38479275703435,5.450077496381163,0.0009017977962849385,true,SaturatedMixture,269.38475009799004,5.450096513873843,0.0009017756582806232,true,3.4893985806279E-06,7.862914025188793E-08,true
exact-v9-5-to-6mwe,122784,1200,pressure,REGION-4-MIXTURE,SaturatedMixture,269.4921368777751,5.4592557049658925,0.0008997531618703611,true,SaturatedMixture,269.49213314056396,5.45925736447756,0.0008997512273819767,true,3.039813039221357E-07,6.887064061607623E-09,true
exact-v9-5-to-6mwe,122784,1200,outlet,REGION-4-MIXTURE,SaturatedMixture,275.95865174531946,6.034304135780119,0.20526297604318353,true,SaturatedMixture,275.9587430655956,6.03432277195234,0.20526268962666533,true,3.088371384867666E-06,1.6630638741380006E-07,true
exact-v9-5-to-6mwe,122784,1200,drum,REGION-4-MIXTURE,SaturatedMixture,270.5621895730495,5.551394713261203,0.03785637800639095,true,SaturatedMixture,270.5622090995312,5.551410484547787,0.03785621647554158,true,2.8409593262355396E-06,3.591326813270183E-08,true
exact-v9-5-to-6mwe,122784,1200,feedwater-inventory,REGION-4-MIXTURE,SaturatedMixture,47.51263943389063,0.010905108883089832,9.042224188550537E-06,true,SaturatedMixture,47.51263935863972,0.010905182858352805,9.042150673793989E-06,true,6.7835418945024244E-06,2.346731432028266E-10,true
exact-v9-5-to-6mwe,128784,1260,suction,REGION-4-MIXTURE,SaturatedMixture,269.40271410346065,5.4516089993576555,0.0009006288867409062,true,SaturatedMixture,269.4026764035225,5.451625807539984,0.0009006093225205917,true,3.0831599130847263E-06,6.948622167302621E-08,true
exact-v9-5-to-6mwe,128784,1260,pressure,REGION-4-MIXTURE,SaturatedMixture,269.53814047574997,5.463192745969509,0.0009008113784521002,true,SaturatedMixture,269.53812342882156,5.463200314456001,0.0009008025455978487,true,1.3853595954894662E-06,3.141201573120329E-08,true
exact-v9-5-to-6mwe,128784,1260,outlet,REGION-4-MIXTURE,SaturatedMixture,276.1304154813289,6.050183544355614,0.19624190616993337,true,SaturatedMixture,276.1306396126747,6.050230379047266,0.19624118465840626,true,7.741036500570704E-06,4.0804539812457985E-07,true
exact-v9-5-to-6mwe,128784,1260,drum,REGION-4-MIXTURE,SaturatedMixture,270.61141203641887,5.555661483615154,0.037969842517482685,true,SaturatedMixture,270.6114432811737,5.555686581201346,0.03796958494635098,true,4.517479379623845E-06,5.746041213134458E-08,true
exact-v9-5-to-6mwe,128784,1260,feedwater-inventory,REGION-4-MIXTURE,SaturatedMixture,47.54827588349582,0.010924752374610679,9.664133970348962E-06,true,SaturatedMixture,47.548275627195835,0.010925014376533423,9.663855958207903E-06,true,2.398241294264797E-05,7.991935198179015E-10,true
exact-v9-5-to-6mwe,134784,1320,suction,REGION-4-MIXTURE,SaturatedMixture,269.4203418850898,5.453115735746688,0.0008994780573275343,true,SaturatedMixture,269.4203096628189,5.453130101422884,0.0008994613376583893,true,2.6343978181133767E-06,5.93881905941903E-08,true
exact-v9-5-to-6mwe,134784,1320,pressure,REGION-4-MIXTURE,SaturatedMixture,269.5759793758393,5.466432667326818,0.0009015073195845932,true,SaturatedMixture,269.5759482085705,5.466446511765163,0.0009014911482270325,true,2.532627617974067E-06,5.742726537588097E-08,true
exact-v9-5-to-6mwe,134784,1320,outlet,REGION-4-MIXTURE,SaturatedMixture,276.3073304116723,6.066572512561029,0.1878979666225404,true,SaturatedMixture,276.307597219944,6.0666292731880604,0.18789708776807942,true,9.35629252166543E-06,4.855850617258394E-07,true
exact-v9-5-to-6mwe,134784,1320,drum,REGION-4-MIXTURE,SaturatedMixture,270.6571163117886,5.559625526918188,0.03805547981985691,true,SaturatedMixture,270.65715539455414,5.559656778501921,0.03805515860941306,true,5.621167033999361E-06,7.18688011589088E-08,true
exact-v9-5-to-6mwe,134784,1320,feedwater-inventory,REGION-4-MIXTURE,SaturatedMixture,47.58362434357406,0.010944267139681222,1.0304324491348649E-05,true,SaturatedMixture,47.583623960614204,0.010944685659337263,1.0303851379030578E-05,true,3.82409941843675E-05,1.1940121801521407E-09,true
exact-v9-5-to-6mwe,140784,1380,suction,REGION-4-MIXTURE,SaturatedMixture,269.43838264346107,5.454658100578438,0.0008982991698660478,true,SaturatedMixture,269.4383566379547,5.454669689416532,0.0008982856830182117,true,2.124576440890475E-06,4.792860884644073E-08,true
exact-v9-5-to-6mwe,140784,1380,pressure,REGION-4-MIXTURE,SaturatedMixture,269.6106666266918,5.469404020297653,0.0009020375812201814,true,SaturatedMixture,269.6106249690056,5.469422539838877,0.0009020159329189231,true,3.386025452752682E-06,7.675148324525716E-08,true
exact-v9-5-to-6mwe,140784,1380,outlet,REGION-4-MIXTURE,SaturatedMixture,276.49290496110916,6.083800092245996,0.18024202744427067,true,SaturatedMixture,276.49292024970055,6.083803402030139,0.18024197604286518,true,5.440323634197071E-07,2.7815498475268163E-08,true
exact-v9-5-to-6mwe,140784,1380,drum,REGION-4-MIXTURE,SaturatedMixture,270.7052416622638,5.563801889778611,0.03814188261006413,true,SaturatedMixture,270.7052857875824,5.563837008693559,0.03814152110884396,true,6.31203548298148E-06,8.113430783634108E-08,true
exact-v9-5-to-6mwe,140784,1380,feedwater-inventory,REGION-4-MIXTURE,SaturatedMixture,47.61869406104091,0.01096365760132372,1.0950977071224791E-05,true,SaturatedMixture,47.61869357526302,0.010964201835656344,1.0950323673874714E-05,true,4.963985126265415E-05,1.5144180152850063E-09,true
exact-v9-5-to-6mwe,146784,1440,suction,REGION-4-MIXTURE,SaturatedMixture,269.45672143101694,5.456226286297494,0.0008970996694808129,true,SaturatedMixture,269.4567024111748,5.4562347678837675,0.0008970898001275361,true,1.554478467033626E-06,3.505272127924158E-08,true
exact-v9-5-to-6mwe,146784,1440,pressure,REGION-4-MIXTURE,SaturatedMixture,269.644376009703,5.4722927893097415,0.0009025070189356952,true,SaturatedMixture,269.64432632923126,5.472314857140018,0.0009024812023190122,true,4.032647946035952E-06,9.152724117476948E-08,true
exact-v9-5-to-6mwe,146784,1440,outlet,REGION-4-MIXTURE,SaturatedMixture,276.68489103913305,6.101662166072096,0.1731689637831605,true,SaturatedMixture,276.6851370036602,6.101716730593772,0.1731681168661963,true,8.942566827031648E-06,4.473425225671218E-07,true
exact-v9-5-to-6mwe,146784,1440,drum,REGION-4-MIXTURE,SaturatedMixture,270.7539018630981,5.568027102484115,0.03823020734751475,true,SaturatedMixture,270.7539476752281,5.56806340035837,0.03822983312071842,true,6.518983041326921E-06,8.422835328111623E-08,true
exact-v9-5-to-6mwe,146784,1440,feedwater-inventory,REGION-4-MIXTURE,SaturatedMixture,47.65354026705023,0.010982953700612195,1.160427986274331E-05,true,SaturatedMixture,47.65353971719742,0.01098359364981916,1.1603466173304125E-05,true,5.826749564912477E-05,1.7139861158926327E-09,true
exact-v9-5-to-6mwe,152784,1500,suction,REGION-4-MIXTURE,SaturatedMixture,269.475270628929,5.457812814788884,0.0008958852387003936,true,SaturatedMixture,269.47525930404663,5.45781785697487,0.000895879371580859,true,9.23847364718677E-07,2.0870539959392775E-08,true
exact-v9-5-to-6mwe,152784,1500,pressure,REGION-4-MIXTURE,SaturatedMixture,269.67791057229067,5.475167732663439,0.0009029574412277423,true,SaturatedMixture,269.677855104208,5.475192362834205,0.00090292860506707,true,4.498523509901013E-06,1.0218354951500351E-07,true
exact-v9-5-to-6mwe,152784,1500,outlet,REGION-4-MIXTURE,SaturatedMixture,276.88175147771847,6.1200192965391,0.16663045216128056,true,SaturatedMixture,276.8819364309311,6.120061062866012,0.16662980268026162,true,6.824541702880267E-06,3.362591561804458E-07,true
exact-v9-5-to-6mwe,152784,1500,drum,REGION-4-MIXTURE,SaturatedMixture,270.8030768454074,5.572299502638413,0.03831945471321713,true,SaturatedMixture,270.8031208217144,5.572334195974749,0.03831909644518388,true,6.226035825925067E-06,8.084577301875151E-08,true
exact-v9-5-to-6mwe,152784,1500,feedwater-inventory,REGION-4-MIXTURE,SaturatedMixture,47.68824782669549,0.011002202013082888,1.2263708083947949E-05,true,SaturatedMixture,47.68824724853039,0.011002908327436165,1.2262759418920568E-05,true,6.419754449495815E-05,1.8020454347710027E-09,true
exact-v9-5-to-6mwe,158784,1560,suction,REGION-4-MIXTURE,SaturatedMixture,269.49399043321625,5.459414292482041,0.0008946584465405691,true,SaturatedMixture,269.4939875602722,5.459415565078853,0.0008946569654705145,true,2.331013445310905E-07,5.2943441519398475E-09,true
exact-v9-5-to-6mwe,158784,1560,pressure,REGION-4-MIXTURE,SaturatedMixture,269.7115400552751,5.4780519716317,0.0009034021284856428,true,SaturatedMixture,269.71148097515106,5.478078201496009,0.0009033713964060726,true,4.788173687441143E-06,1.0883092593833985E-07,true
exact-v9-5-to-6mwe,158784,1560,outlet,REGION-4-MIXTURE,SaturatedMixture,277.0836132824419,6.138886563339894,0.1605726439266025,true,SaturatedMixture,277.08375120162964,6.138918471606415,0.16057214931192232,true,5.1977286420475776E-06,2.506556931839368E-07,true
exact-v9-5-to-6mwe,158784,1560,drum,REGION-4-MIXTURE,SaturatedMixture,270.85275713801377,5.576618346228665,0.038409793331354934,true,SaturatedMixture,270.8527956008911,5.576648559490447,0.03840948081176477,true,5.417846427062862E-06,7.070346029884849E-08,true
exact-v9-5-to-6mwe,158784,1560,feedwater-inventory,REGION-4-MIXTURE,SaturatedMixture,47.72291185855869,0.011021455097793323,1.2929149381491053E-05,true,SaturatedMixture,47.72291127592325,0.011022198795190175,1.2928096695428507E-05,true,6.747724236523032E-05,1.8157825583055804E-09,true
exact-v9-5-to-6mwe,164784,1620,suction,REGION-4-MIXTURE,SaturatedMixture,269.512844836712,5.4610276477900594,0.0008934216226146621,true,SaturatedMixture,269.51283878088,5.461030336027682,0.0008934184946662241,true,4.922585630592079E-07,1.1159474254085151E-08,true
exact-v9-5-to-6mwe,164784,1620,pressure,REGION-4-MIXTURE,SaturatedMixture,269.74532633423803,5.480950826336363,0.0009038475922783309,true,SaturatedMixture,269.74526584148407,5.480977685456223,0.0009038160996230675,true,4.900448975152076E-06,1.1142618295918745E-07,true
exact-v9-5-to-6mwe,164784,1620,outlet,REGION-4-MIXTURE,SaturatedMixture,277.28852211534956,6.158084017178993,0.15494042075489814,true,SaturatedMixture,277.28875690698624,6.158139307833583,0.15493956334332762,true,8.978548268524027E-06,4.265537880039826E-07,true
exact-v9-5-to-6mwe,164784,1620,drum,REGION-4-MIXTURE,SaturatedMixture,270.9028086423874,5.580972044291628,0.038501088665817675,true,SaturatedMixture,270.90283781290054,5.580994835353506,0.03850085257839769,true,4.083708303297896E-06,5.3617061922959286E-08,true
exact-v9-5-to-6mwe,164784,1620,feedwater-inventory,REGION-4-MIXTURE,SaturatedMixture,47.757624070346424,0.011040763932517954,1.360074401414986E-05,true,SaturatedMixture,47.75762350857258,0.011041516089081119,1.359962437705219E-05,true,6.812540941570253E-05,1.7505780576188878E-09,true
exact-v9-5-to-6mwe,170784,1680,suction,REGION-4-MIXTURE,SaturatedMixture,269.53180425763105,5.4626503564161615,0.0008921766834385507,true,SaturatedMixture,269.53178983926773,5.462656753290452,0.0008921692407651408,true,1.1710202691632184E-06,2.6568724449458455E-08,true
exact-v9-5-to-6mwe,170784,1680,pressure,REGION-4-MIXTURE,SaturatedMixture,269.77926023006455,5.483863525360821,0.000904294163918309,true,SaturatedMixture,269.77920055389404,5.483890029502735,0.0009042630647165717,true,4.83311479060385E-06,1.0991518578865152E-07,true
exact-v9-5-to-6mwe,170784,1680,outlet,REGION-4-MIXTURE,SaturatedMixture,277.4965558946134,6.1776211021776435,0.14968873376737082,true,SaturatedMixture,277.49656227231026,6.177622633368706,0.1496887099553424,true,2.4786095448481457E-07,1.1582196980998765E-08,true
exact-v9-5-to-6mwe,170784,1680,drum,REGION-4-MIXTURE,SaturatedMixture,270.9531313061716,5.585351944806585,0.03859334277462345,true,SaturatedMixture,270.9531472325325,5.5853643187846025,0.03859321441381012,true,2.215433895593529E-06,2.9270849560914458E-08,true
exact-v9-5-to-6mwe,170784,1680,feedwater-inventory,REGION-4-MIXTURE,SaturatedMixture,47.79246309995665,0.011060172515496517,1.4278729463527637E-05,true,SaturatedMixture,47.79246258735657,0.01106090397261367,1.4277586623583688E-05,true,6.613433164163111E-05,1.5971712703311459E-09,true
exact-v9-5-to-6mwe,176784,1740,suction,REGION-4-MIXTURE,SaturatedMixture,269.55084462165814,5.464280363346507,0.0008909251908592374,true,SaturatedMixture,269.5508224964142,5.464290173519866,0.000890913777647898,true,1.7953276015626578E-06,4.0768766398641946E-08,true
exact-v9-5-to-6mwe,176784,1740,pressure,REGION-4-MIXTURE,SaturatedMixture,269.81331082582483,5.486787429095725,0.000904741772626453,true,SaturatedMixture,269.81325420737267,5.48681258130669,0.0009047122379706204,true,4.584141684106836E-06,1.0427675504810573E-07,true
exact-v9-5-to-6mwe,176784,1740,outlet,REGION-4-MIXTURE,SaturatedMixture,277.70717749595633,6.197449399517608,0.14477843414318856,true,SaturatedMixture,277.707397043705,6.197503316885673,0.14477760245865068,true,8.699928726917722E-06,3.9855657260313166E-07,true
exact-v9-5-to-6mwe,176784,1740,drum,REGION-4-MIXTURE,SaturatedMixture,271.00374035835273,5.589759417934446,0.03868630785629731,true,SaturatedMixture,271.0037417411804,5.589760502111417,0.03868629667006157,true,1.939577162896313E-07,2.541244482976995E-09,true
exact-v9-5-to-6mwe,176784,1740,feedwater-inventory,REGION-4-MIXTURE,SaturatedMixture,47.827488413453125,0.011079714406014254,1.4963381640703339E-05,true,SaturatedMixture,47.8274879604578,0.011080395528592557,1.4962266589746652E-05,true,6.14747414367098E-05,1.411299357065285E-09,true
exact-v9-5-to-6mwe,182784,1800,suction,REGION-4-MIXTURE,SaturatedMixture,269.5699443995951,5.465915829672343,0.0008896685453588766,true,SaturatedMixture,269.5699152946472,5.465928755176121,0.0008896535106181471,true,2.3647462164252706E-06,5.36279312838966E-08,true
exact-v9-5-to-6mwe,182784,1800,pressure,REGION-4-MIXTURE,SaturatedMixture,269.8474434912206,5.489719574607868,0.0009051911966636977,true,SaturatedMixture,269.847392141819,5.489742366269765,0.000905164412380978,true,4.1516987502890325E-06,9.456656233505103E-08,true
exact-v9-5-to-6mwe,182784,1800,outlet,REGION-4-MIXTURE,SaturatedMixture,277.9191054522993,6.217449694590683,0.14017168440248198,true,SaturatedMixture,277.91922476887703,6.217479518396366,0.1401712248609397,true,4.796790830295823E-06,2.16518357809742E-07,true
exact-v9-5-to-6mwe,182784,1800,drum,REGION-4-MIXTURE,SaturatedMixture,271.0544894754886,5.594181755183046,0.03877997402388445,true,SaturatedMixture,271.0545074939728,5.59419593022151,0.03877982728649463,true,2.533889509537409E-06,3.310976761911527E-08,true
exact-v9-5-to-6mwe,182784,1800,feedwater-inventory,REGION-4-MIXTURE,SaturatedMixture,47.862737081945,0.011099410844179348,1.5654985176226882E-05,true,SaturatedMixture,47.86273670941591,0.01110001139282666,1.565395669960905E-05,true,5.410635354816607E-05,1.1604807026535982E-09,true
exact-v9-5-to-6mwe,188784,1860,suction,REGION-4-MIXTURE,SaturatedMixture,269.58908331394184,5.467555022031855,0.0008884080705134151,true,SaturatedMixture,269.58904790878296,5.467570753911787,0.0008883897738710963,true,2.877315338905542E-06,6.52342165349744E-08,true
exact-v9-5-to-6mwe,188784,1860,pressure,REGION-4-MIXTURE,SaturatedMixture,269.8816254317761,5.492657151944929,0.0009056405510384544,true,SaturatedMixture,269.8815816938877,5.492676581159149,0.0009056177020456655,true,3.5373069321890892E-06,8.054390638780349E-08,true
exact-v9-5-to-6mwe,188784,1860,outlet,REGION-4-MIXTURE,SaturatedMixture,278.13301288485525,6.237686742146946,0.1358409741585088,true,SaturatedMixture,278.13317912817,6.237729337954244,0.13584032160531778,true,6.828782697670607E-06,3.015571147310176E-07,true
exact-v9-5-to-6mwe,188784,1860,drum,REGION-4-MIXTURE,SaturatedMixture,271.1053811609744,5.598619198118851,0.038874213549072896,true,SaturatedMixture,271.1054121553898,5.5986434948446,0.038873961562397814,true,4.339771091562425E-06,5.6948293888752105E-08,true
exact-v9-5-to-6mwe,188784,1860,feedwater-inventory,REGION-4-MIXTURE,SaturatedMixture,47.89822296798229,0.011119270202672725,1.6353822798472466E-05,true,SaturatedMixture,47.89822268486023,0.01111975927316584,1.6352947890933773E-05,true,4.398404609309217E-05,8.818677146558785E-10,true
exact-v9-5-to-6mwe,194784,1920,suction,REGION-4-MIXTURE,SaturatedMixture,269.60824417471883,5.469196470008422,0.0008871448915401767,true,SaturatedMixture,269.60820311307907,5.469214691379639,0.0008871237002267705,true,3.331635884197905E-06,7.56536454374171E-08,true
exact-v9-5-to-6mwe,194784,1920,pressure,REGION-4-MIXTURE,SaturatedMixture,269.9158253133297,5.495597472140865,0.0009060906814126842,true,SaturatedMixture,269.915791451931,5.49561253016518,0.000906072960668729,true,2.7400158746882526E-06,6.235229163996824E-08,true
exact-v9-5-to-6mwe,194784,1920,outlet,REGION-4-MIXTURE,SaturatedMixture,278.3475722014904,6.258035954183596,0.13175815882505487,true,SaturatedMixture,278.3477478325367,6.2580817466217304,0.13175745885053736,true,7.3173817584296055E-06,3.184620480137605E-07,true
exact-v9-5-to-6mwe,194784,1920,drum,REGION-4-MIXTURE,SaturatedMixture,271.15636810064314,5.603067641180313,0.03896885733947543,true,SaturatedMixture,271.1564083993435,5.603099061077737,0.038968530992191296,true,5.607624150983796E-06,7.403679750431961E-08,true
exact-v9-5-to-6mwe,194784,1920,feedwater-inventory,REGION-4-MIXTURE,SaturatedMixture,47.93393765389919,0.01113928840948686,1.7060153775035382E-05,true,SaturatedMixture,47.93393746763468,0.011139634484365155,1.7059507938019272E-05,true,3.106795206054873E-05,5.801115941335963E-10,true
exact-v9-5-to-6mwe,200784,1980,suction,REGION-4-MIXTURE,SaturatedMixture,269.627409541607,5.470838680385202,0.0008858801546890522,true,SaturatedMixture,269.62736359238625,5.470859081559357,0.0008858564314480487,true,3.7290761704425867E-06,8.465573537244983E-08,true
exact-v9-5-to-6mwe,200784,1980,pressure,REGION-4-MIXTURE,SaturatedMixture,269.9500148475171,5.498538103852888,0.0009065409412907675,true,SaturatedMixture,269.9499930739403,5.498547780920702,0.0009065295440454213,true,1.759934664626495E-06,4.009128375880368E-08,true
exact-v9-5-to-6mwe,200784,1980,outlet,REGION-4-MIXTURE,SaturatedMixture,278.56269953846925,6.278489896163884,0.1279000697380893,true,SaturatedMixture,278.5627875030041,6.278513415050197,0.12789971254827634,true,3.7459463504917054E-06,1.5943902487892632E-07,true
exact-v9-5-to-6mwe,200784,1980,drum,REGION-4-MIXTURE,SaturatedMixture,271.20735141038915,5.6075184654446595,0.0390639271321025,true,SaturatedMixture,271.2073971629143,5.60755397374624,0.03906355770964228,true,6.3322665452903845E-06,8.404869523009502E-08,true
exact-v9-5-to-6mwe,200784,1980,feedwater-inventory,REGION-4-MIXTURE,SaturatedMixture,47.96985266357666,0.0111594500999022,1.7774222638992802E-05,true,SaturatedMixture,47.969852574169636,0.011159621175370282,1.777388999801306E-05,true,1.5330098396437557E-05,2.7842259911651326E-10,true
exact-v9-5-to-6mwe,206784,2040,suction,REGION-4-MIXTURE,SaturatedMixture,269.6465640187264,5.472480333816607,0.000884614875680247,true,SaturatedMixture,269.6465138196945,5.472502591892283,0.0008845889939684968,true,4.067273762203549E-06,9.248222115417972E-08,true
exact-v9-5-to-6mwe,206784,2040,pressure,REGION-4-MIXTURE,SaturatedMixture,269.984167456627,5.501476758986423,0.00090699031178017,true,SaturatedMixture,269.98416006565094,5.501480059635593,0.0009069864225179023,true,5.999569414862912E-07,1.3608011627118811E-08,true
exact-v9-5-to-6mwe,206784,2040,outlet,REGION-4-MIXTURE,SaturatedMixture,278.77853245735173,6.299062188517196,0.12424827650769203,true,SaturatedMixture,278.7787251472473,6.299114623579976,0.12424748226870631,true,8.32426497966908E-06,3.491210985713943E-07,true
exact-v9-5-to-6mwe,206784,2040,drum,REGION-4-MIXTURE,SaturatedMixture,271.2583651363849,5.6119746463846045,0.039159222023086,true,SaturatedMixture,271.25841242074966,5.61201120123132,0.039158841027342725,true,6.513722712446718E-06,8.685458893836768E-08,true
exact-v9-5-to-6mwe,206784,2040,feedwater-inventory,REGION-4-MIXTURE,SaturatedMixture,48.00592249780897,0.011179730235908587,1.8496250241919607E-05,true,SaturatedMixture,48.005922473967075,0.011179766008502831,1.8496180125149084E-05,true,3.199772578550184E-06,7.42377466707631E-11,true
exact-v9-5-to-6mwe,212784,2100,suction,REGION-4-MIXTURE,SaturatedMixture,269.665693461895,5.474120217062952,0.0008833499914814083,true,SaturatedMixture,269.6656398177147,5.474144022819847,0.0008833223142988683,true,4.3487822611807176E-06,9.882577262224517E-08,true
exact-v9-5-to-6mwe,212784,2100,pressure,REGION-4-MIXTURE,SaturatedMixture,270.01825814843176,5.50441128222243,0.000907439891396265,true,SaturatedMixture,270.0182495713234,5.504415069579262,0.0009074354222019428,true,6.880584749959278E-07,1.579088658398274E-08,true
exact-v9-5-to-6mwe,212784,2100,outlet,REGION-4-MIXTURE,SaturatedMixture,278.99378421306585,6.319630317377965,0.1207826244768461,true,SaturatedMixture,278.9937935471535,6.319632903151657,0.12078258541183222,true,4.091653407231432E-07,1.6905175587986516E-08,true
exact-v9-5-to-6mwe,212784,2100,drum,REGION-4-MIXTURE,SaturatedMixture,271.3093077659606,5.616427314501431,0.039254709204179374,true,SaturatedMixture,271.30935275554657,5.616461882654678,0.03925434843994472,true,6.1548296295357565E-06,8.263167752477108E-08,true
exact-v9-5-to-6mwe,212784,2100,feedwater-inventory,REGION-4-MIXTURE,SaturatedMixture,48.042088118195466,0.011200095993050059,1.9226431775534558E-05,true,SaturatedMixture,48.042087994515896,0.01120033172139472,1.922595151289093E-05,true,2.1046993240626866E-05,3.850641851779365E-10,true
exact-v9-5-to-6mwe,218784,2160,suction,REGION-4-MIXTURE,SaturatedMixture,269.6847838103771,5.475757122931954,0.0008820864372566563,true,SaturatedMixture,269.684727370739,5.4757821543219265,0.000882057337228875,true,4.57131121968719E-06,1.0397203679341871E-07,true
exact-v9-5-to-6mwe,218784,2160,pressure,REGION-4-MIXTURE,SaturatedMixture,270.0522645592689,5.507339741148836,0.0009078880252199767,true,SaturatedMixture,270.0522418022156,5.507349823759089,0.0009078761207956572,true,1.830758719683955E-06,4.1894253420010143E-08,true
exact-v9-5-to-6mwe,218784,2160,outlet,REGION-4-MIXTURE,SaturatedMixture,279.20919802188894,6.340265239444113,0.11748938693648206,true,SaturatedMixture,279.20937713980675,6.3403161385994915,0.1174886237789927,true,8.02792209099183E-06,3.242779670391077E-07,true
exact-v9-5-to-6mwe,218784,2160,drum,REGION-4-MIXTURE,SaturatedMixture,271.36016235947625,5.620874977668143,0.03935034107829655,true,SaturatedMixture,271.36020094156265,5.62090451299497,0.03935003227505903,true,5.254578147558255E-06,7.085650382862377E-08,true
exact-v9-5-to-6mwe,218784,2160,feedwater-inventory,REGION-4-MIXTURE,SaturatedMixture,48.07828054577118,0.0112205087299641,1.9964947844077434E-05,true,SaturatedMixture,48.07828035205603,0.011220912695282432,1.99640931397889E-05,true,3.6002406669222445E-05,6.030451367305324E-10,true
exact-v9-5-to-6mwe,224784,2220,suction,REGION-4-MIXTURE,SaturatedMixture,269.7038233816626,5.4773900471246595,0.0008808249942171053,true,SaturatedMixture,269.7037649154663,5.4774159940131835,0.0008807948341027452,true,4.737089800204438E-06,1.0770154643216233E-07,true
exact-v9-5-to-6mwe,224784,2220,pressure,REGION-4-MIXTURE,SaturatedMixture,270.086165201664,5.5102602757380295,0.0009083351710392996,true,SaturatedMixture,270.0861304998398,5.510275639287848,0.0009083170171945349,true,2.7881713475082953E-06,6.38798122375098E-08,true
exact-v9-5-to-6mwe,224784,2220,outlet,REGION-4-MIXTURE,SaturatedMixture,279.42397137880334,6.3608899991217465,0.11435404180450633,true,SaturatedMixture,279.42406383156776,6.360916743224043,0.1143536421453354,true,4.204459171593615E-06,1.673129195525937E-07,true
exact-v9-5-to-6mwe,224784,2220,drum,REGION-4-MIXTURE,SaturatedMixture,271.4109251201154,5.625317290678886,0.03944595210764702,true,SaturatedMixture,271.41095328330994,5.625338769375638,0.03944572713392834,true,3.818219602907052E-06,5.1717251906153924E-08,true
exact-v9-5-to-6mwe,224784,2220,feedwater-inventory,REGION-4-MIXTURE,SaturatedMixture,48.11442436575891,0.011240925924257539,2.0711953301300457E-05,true,SaturatedMixture,48.114424131810665,0.01124146604515771,2.0710767636222582E-05,true,4.8049502666393644E-05,7.282108579994602E-10,true
exact-v9-5-to-6mwe,230784,2280,suction,REGION-4-MIXTURE,SaturatedMixture,269.7228007018567,5.479018002333597,0.0008795664327853848,true,SaturatedMixture,269.72274082899094,5.4790445443928935,0.0008795355822572222,true,4.844309561474827E-06,1.1028894008533802E-07,true
exact-v9-5-to-6mwe,230784,2280,pressure,REGION-4-MIXTURE,SaturatedMixture,270.11994096636784,5.51317122799742,0.0009087813796254093,true,SaturatedMixture,270.1198965907097,5.5131908694364995,0.0009087581533572337,true,3.5626390451789307E-06,8.168252060850229E-08,true
exact-v9-5-to-6mwe,230784,2280,outlet,REGION-4-MIXTURE,SaturatedMixture,279.63773699402816,6.381468825344261,0.11136333814034974,true,SaturatedMixture,279.63787549734116,6.381509949163787,0.11136272840040638,true,6.444256118963774E-06,2.5055424302558173E-07,true
exact-v9-5-to-6mwe,230784,2280,drum,REGION-4-MIXTURE,SaturatedMixture,271.46150371432316,5.629746152579223,0.03954158656193777,true,SaturatedMixture,271.46151745319366,5.62975658509056,0.03954147710669467,true,1.8531051054046997E-06,2.5226919397294715E-08,true
exact-v9-5-to-6mwe,230784,2280,feedwater-inventory,REGION-4-MIXTURE,SaturatedMixture,48.15044099241493,0.011261302992122227,2.1467589256691103E-05,true,SaturatedMixture,48.150440737605095,0.011261947076893689,2.1466123585151774E-05,true,5.719451576005747E-05,7.930578398535182E-10,true
exact-v9-5-to-6mwe,236784,2340,suction,REGION-4-MIXTURE,SaturatedMixture,269.7417052984239,5.480640086297664,0.00087831145985838,true,SaturatedMixture,269.7416447997093,5.48066692049887,0.0008782802739602786,true,4.8961801511215834E-06,1.1143790551644658E-07,true
exact-v9-5-to-6mwe,236784,2340,pressure,REGION-4-MIXTURE,SaturatedMixture,270.1535745382308,5.516071092031928,0.0009092252942583847,true,SaturatedMixture,270.153522759676,5.516094019283843,0.0009091981629981685,true,4.1564460523164036E-06,9.530317353825216E-08,true
exact-v9-5-to-6mwe,236784,2340,outlet,REGION-4-MIXTURE,SaturatedMixture,279.8510682284831,6.402056488081979,0.10850801803531035,true,SaturatedMixture,279.8512095808983,6.402099232044716,0.10850738644924468,true,6.676598811018646E-06,2.5560966030561667E-07,true
exact-v9-5-to-6mwe,236784,2340,drum,REGION-4-MIXTURE,SaturatedMixture,271.51193360686295,5.6341646436292265,0.03963711015713397,true,SaturatedMixture,271.51193803548813,5.634168068175978,0.0396370743490158,true,6.078180116612732E-07,8.130961430875778E-09,true
exact-v9-5-to-6mwe,236784,2340,feedwater-inventory,REGION-4-MIXTURE,SaturatedMixture,48.1862515375019,0.011281594901854998,2.223198383115482E-05,true,SaturatedMixture,48.186251282691956,0.011282310931127838,2.2230296161068748E-05,true,6.34687984340694E-05,7.929698132254687E-10,true
exact-v9-5-to-6mwe,242784,2400,suction,REGION-4-MIXTURE,SaturatedMixture,269.7605286598206,5.482255564273977,0.0008770606546617512,true,SaturatedMixture,269.76046818494797,5.482282380599805,0.0008770294923396325,true,4.891476785980974E-06,1.1139012676938032E-07,true
exact-v9-5-to-6mwe,242784,2400,pressure,REGION-4-MIXTURE,SaturatedMixture,270.1870496869085,5.518958453185912,0.000909668152802956,true,SaturatedMixture,270.1869927048683,5.518983681391144,0.0009096382764394176,true,4.5711895542498285E-06,1.048742032422324E-07,true
exact-v9-5-to-6mwe,242784,2400,outlet,REGION-4-MIXTURE,SaturatedMixture,280.0627813100815,6.422538103653541,0.10577623997933351,true,SaturatedMixture,280.06285309791565,6.422560399961717,0.10577591319672733,true,3.471572735871567E-06,1.2976532099410277E-07,true
exact-v9-5-to-6mwe,242784,2400,drum,REGION-4-MIXTURE,SaturatedMixture,271.5621550083159,5.638567498270978,0.03973247198372388,true,SaturatedMixture,271.5621758699417,5.638583516137842,0.03973230431732158,true,2.8407688422486836E-06,3.8298439998562305E-08,true
exact-v9-5-to-6mwe,242784,2400,feedwater-inventory,REGION-4-MIXTURE,SaturatedMixture,48.22177927196026,0.0113017575729875,2.300524806770802E-05,true,SaturatedMixture,48.22177903354168,0.011302513972936225,2.300340291486522E-05,true,6.69276388065861E-05,7.418777704802799E-10,true
exact-v9-5-to-6mwe,248784,2460,suction,REGION-4-MIXTURE,SaturatedMixture,269.7792617738247,5.483863657895556,0.0008758146319084572,true,SaturatedMixture,269.77920204401016,5.483890157387443,0.000875783841834432,true,4.832266726560721E-06,1.1001399032538932E-07,true
exact-v9-5-to-6mwe,248784,2460,pressure,REGION-4-MIXTURE,SaturatedMixture,270.2203527688979,5.5218321178885645,0.0009101087419261354,true,SaturatedMixture,270.2202927470207,5.521858674744923,0.0009100772678639054,true,4.8094284272797334E-06,1.1046218636933908E-07,true
exact-v9-5-to-6mwe,248784,2460,outlet,REGION-4-MIXTURE,SaturatedMixture,280.2734861910343,6.442971835092438,0.10316011024773743,true,SaturatedMixture,280.2736440896988,6.443021774439025,0.10315938138486684,true,7.750980116803226E-06,2.8531254714896613E-07,true
exact-v9-5-to-6mwe,248784,2460,drum,REGION-4-MIXTURE,SaturatedMixture,271.6121370434762,5.642951975668904,0.03982768743716165,true,SaturatedMixture,271.61217057704926,5.6429775954209695,0.03982741886138224,true,4.540132926183874E-06,6.15563578659819E-08,true
exact-v9-5-to-6mwe,248784,2460,feedwater-inventory,REGION-4-MIXTURE,SaturatedMixture,48.256951592117616,0.011321749007899265,2.378749059772209E-05,true,SaturatedMixture,48.25695138424635,0.011322514914588609,2.3785558367578177E-05,true,6.764914933274107E-05,6.467541098180012E-10,true
exact-v9-5-to-6mwe,254784,2520,suction,REGION-4-MIXTURE,SaturatedMixture,269.7978978395462,5.485463778013837,0.0008745738612883097,true,SaturatedMixture,269.7978394627571,5.485489657476741,0.0008745437935290438,true,4.717825866966486E-06,1.0751821547254967E-07,true
exact-v9-5-to-6mwe,254784,2520,pressure,REGION-4-MIXTURE,SaturatedMixture,270.25347097516044,5.524690962822038,0.0009105470487279202,true,SaturatedMixture,270.2534101307392,5.524717898095137,0.0009105151038173733,true,4.8754352560727524E-06,1.11969143513878E-07,true
exact-v9-5-to-6mwe,254784,2520,outlet,REGION-4-MIXTURE,SaturatedMixture,280.48288751244525,6.463328307597143,0.10065168323196329,true,SaturatedMixture,280.48290807008743,6.463334922696086,0.10065158718742098,true,1.0234818082055439E-06,3.7132263366862244E-08,true
exact-v9-5-to-6mwe,254784,2520,drum,REGION-4-MIXTURE,SaturatedMixture,271.66190503835685,5.647320263100236,0.03992261055880085,true,SaturatedMixture,271.6619474887848,5.647352532475105,0.039922271777913826,true,5.714103922717172E-06,7.791758503851422E-08,true
exact-v9-5-to-6mwe,254784,2520,feedwater-inventory,REGION-4-MIXTURE,SaturatedMixture,48.29170162081721,0.011341530226767585,2.4578808955240703E-05,true,SaturatedMixture,48.29170145094395,0.011342275722226146,2.4576865269350015E-05,true,6.57314704149684E-05,5.284729998960083E-10,true
exact-v9-5-to-6mwe,260784,2580,suction,REGION-4-MIXTURE,SaturatedMixture,269.81642926335314,5.487055266897173,0.000873338867030893,true,SaturatedMixture,269.81637293100357,5.487080236328764,0.000873309859365681,true,4.550606906099631E-06,1.0374923114309649E-07,true
exact-v9-5-to-6mwe,260784,2580,pressure,REGION-4-MIXTURE,SaturatedMixture,270.28639316558827,5.5275340071627355,0.0009109838422333178,true,SaturatedMixture,270.2863335609436,5.527560376269429,0.000910952544883913,true,4.770501033474539E-06,1.0968099562581541E-07,true
exact-v9-5-to-6mwe,260784,2580,outlet,REGION-4-MIXTURE,SaturatedMixture,280.6903158664703,6.483541378687517,0.09824218240227715,true,SaturatedMixture,280.6904573738575,6.483588249491168,0.09824150690271077,true,7.229197889550616E-06,2.5550214227833383E-07,true
exact-v9-5-to-6mwe,260784,2580,drum,REGION-4-MIXTURE,SaturatedMixture,271.71136682629583,5.651664231423629,0.04001730164747268,true,SaturatedMixture,271.7114143371582,5.651700217784507,0.040016923178431855,true,6.367391869776062E-06,8.719807508090017E-08,true
exact-v9-5-to-6mwe,260784,2580,feedwater-inventory,REGION-4-MIXTURE,SaturatedMixture,48.32596928700798,0.011361065913860425,2.537930359507157E-05,true,SaturatedMixture,48.32596915960312,0.01136176223443592,2.537742860550999E-05,true,6.129007443264155E-05,3.963122353370994E-10,true
exact-v9-5-to-6mwe,266784,2640,suction,REGION-4-MIXTURE,SaturatedMixture,269.8348390221596,5.488636656191929,0.000872110804543449,true,SaturatedMixture,269.8347853720188,5.488660428384755,0.0008720831900823143,true,4.331165335743273E-06,9.88059646042474E-08,true
exact-v9-5-to-6mwe,266784,2640,pressure,REGION-4-MIXTURE,SaturatedMixture,270.3190940141677,5.530359042915462,0.0009114177536872014,true,SaturatedMixture,270.31903779506683,5.530383929924842,0.0009113881951310391,true,4.500071186410053E-06,1.0344489043285092E-07,true
exact-v9-5-to-6mwe,266784,2640,outlet,REGION-4-MIXTURE,SaturatedMixture,280.8963150322435,6.503662931149712,0.09592737193640359,true,SaturatedMixture,280.8964111804962,6.503695377360952,0.09592690643504764,true,4.9889134143379335E-06,1.7353829477540732E-07,true
exact-v9-5-to-6mwe,266784,2640,drum,REGION-4-MIXTURE,SaturatedMixture,271.76054902672774,5.6559861742030275,0.04011145274484312,true,SaturatedMixture,271.760597884655,5.6560230035278405,0.04011106483955508,true,6.511565565868774E-06,8.966228923525414E-08,true
exact-v9-5-to-6mwe,266784,2640,feedwater-inventory,REGION-4-MIXTURE,SaturatedMixture,48.35970218628648,0.011380324944312396,2.6188901710217643E-05,true,SaturatedMixture,48.359702095389366,0.011380944645247453,2.6187179420007994E-05,true,5.445371183065818E-05,2.8271967150731634E-10,true
exact-v9-5-to-6mwe,272784,2700,suction,REGION-4-MIXTURE,SaturatedMixture,269.85314221978194,5.490209236889209,0.0008708886873087519,true,SaturatedMixture,269.8530918955803,5.490231530395654,0.0008708627928971832,true,4.060593227584953E-06,9.267755145274197E-08,true
exact-v9-5-to-6mwe,272784,2700,pressure,REGION-4-MIXTURE,SaturatedMixture,270.3515844941138,5.53316699652762,0.0009118489458522835,true,SaturatedMixture,270.35153368115425,5.53318949563851,0.0009118222045818395,true,4.066226611999421E-06,9.349183333960268E-08,true
exact-v9-5-to-6mwe,272784,2700,outlet,REGION-4-MIXTURE,SaturatedMixture,281.1006812334059,6.523672077861695,0.09369971225579947,true,SaturatedMixture,281.10077211260796,6.523703635401628,0.09369926342150785,true,4.837389058752362E-06,1.639676866900027E-07,true
exact-v9-5-to-6mwe,272784,2700,drum,REGION-4-MIXTURE,SaturatedMixture,271.80945309996594,5.6602861778725595,0.04020544349334972,true,SaturatedMixture,271.809499502182,5.660321010195319,0.040205076036390355,true,6.153809483279928E-06,8.514801570533825E-08,true
exact-v9-5-to-6mwe,272784,2700,feedwater-inventory,REGION-4-MIXTURE,SaturatedMixture,48.392855721712124,0.011399280503060171,2.700777724802077E-05,true,SaturatedMixture,48.3928556740284,0.011399797601579399,2.700629486364209E-05,true,4.536238222130837E-05,1.482966464360366E-10,true
exact-v9-5-to-6mwe,278784,2760,suction,REGION-4-MIXTURE,SaturatedMixture,269.87132650613796,5.491771941587262,0.0008696733605962244,true,SaturatedMixture,269.8712801337242,5.491792480918382,0.000869649505934254,true,3.740018947967254E-06,8.539703964723858E-08,true
exact-v9-5-to-6mwe,278784,2760,pressure,REGION-4-MIXTURE,SaturatedMixture,270.38385555148113,5.535957064219906,0.0009122776238107948,true,SaturatedMixture,270.3838121294975,5.5359762886411295,0.0009122547582079745,true,3.472646373663114E-06,7.98882777249052E-08,true
exact-v9-5-to-6mwe,278784,2760,outlet,REGION-4-MIXTURE,SaturatedMixture,281.3032880485058,6.5435553494856205,0.09155373242258863,true,SaturatedMixture,281.30341947078705,6.543601859856251,0.09155307411205889,true,7.1078134357144194E-06,2.370303938589396E-07,true
exact-v9-5-to-6mwe,278784,2760,drum,REGION-4-MIXTURE,SaturatedMixture,271.85805572271363,5.664562148327447,0.04029904069717619,true,SaturatedMixture,271.85809594392776,5.6645921946919024,0.04029872327722298,true,5.304269538998738E-06,7.379930207074878E-08,true
exact-v9-5-to-6mwe,278784,2760,feedwater-inventory,REGION-4-MIXTURE,SaturatedMixture,48.42539348453289,0.011417910341151714,2.7836101094889847E-05,true,SaturatedMixture,48.42539346218109,0.011418300385422426,2.7834948376073065E-05,true,3.416074036820396E-05,6.950717961343464E-11,true
exact-v9-5-to-6mwe,284784,2820,suction,REGION-4-MIXTURE,SaturatedMixture,269.8893888354303,5.493324501843102,0.0008684650499623678,true,SaturatedMixture,269.889347076416,5.4933430216258285,0.0008684435445199219,true,3.3713250911574125E-06,7.689868382405327E-08,true
exact-v9-5-to-6mwe,284784,2820,pressure,REGION-4-MIXTURE,SaturatedMixture,270.4159002184865,5.538728621608807,0.0009127036546252036,true,SaturatedMixture,270.4158661365509,5.53874370427438,0.0009126857020701021,true,2.7231277435276835E-06,6.27006506405584E-08,true
exact-v9-5-to-6mwe,284784,2820,outlet,REGION-4-MIXTURE,SaturatedMixture,281.5040671765804,6.563304891107259,0.08948431974989707,true,SaturatedMixture,281.5040714740753,6.563306455344847,0.0894842978287567,true,2.3833078217450376E-07,7.74806346038183E-09,true
exact-v9-5-to-6mwe,284784,2820,drum,REGION-4-MIXTURE,SaturatedMixture,271.90634704828267,5.668813173634164,0.04039223727257891,true,SaturatedMixture,271.9063772857189,5.66883568477316,0.0403919990476217,true,3.971049725229997E-06,5.5475798810214405E-08,true
exact-v9-5-to-6mwe,284784,2820,feedwater-inventory,REGION-4-MIXTURE,SaturatedMixture,48.45728705078358,0.011436196697612457,2.8673972888121814E-05,true,SaturatedMixture,48.457287050783634,0.011436436841813433,2.867324165627537E-05,true,2.099860708291747E-05,1.7674791943328113E-16,true
exact-v9-5-to-6mwe,290784,2880,suction,REGION-4-MIXTURE,SaturatedMixture,269.90732603669187,5.494866638268398,0.0008672639899900221,true,SaturatedMixture,269.9072893857956,5.494882866056246,0.0008672451463190971,true,2.953263275708027E-06,6.74899214499275E-08,true
exact-v9-5-to-6mwe,290784,2880,pressure,REGION-4-MIXTURE,SaturatedMixture,270.4477130711076,5.54148117712994,0.0009131269735124795,true,SaturatedMixture,270.4476902484894,5.541491271676677,0.0009131149493682025,true,1.8216333168887131E-06,4.19843897161514E-08,true
exact-v9-5-to-6mwe,290784,2880,outlet,REGION-4-MIXTURE,SaturatedMixture,281.7029600799086,6.582913756731737,0.08748683051640017,true,SaturatedMixture,281.70308500528336,6.58296018037928,0.08748618259534212,true,7.052142752981334E-06,2.2515041591674794E-07,true
exact-v9-5-to-6mwe,290784,2880,drum,REGION-4-MIXTURE,SaturatedMixture,271.95431818962084,5.673038424681676,0.04048500592771187,true,SaturatedMixture,271.954334795475,5.673050712968774,0.04048487574167649,true,2.166085645503803E-06,3.0463626166086426E-08,true
exact-v9-5-to-6mwe,290784,2880,feedwater-inventory,REGION-4-MIXTURE,SaturatedMixture,48.48851566314704,0.011454126153000852,2.9521499235631006E-05,true,SaturatedMixture,48.48851566761732,0.011454195158521342,2.9521282859641963E-05,true,6.024512002807552E-06,1.3898460316031931E-11,true
exact-v9-5-to-6mwe,296784,2940,suction,REGION-4-MIXTURE,SaturatedMixture,269.92513548135753,5.496398117933954,0.0008660703795524911,true,SaturatedMixture,269.92510455846786,5.4964117993633215,0.0008660544936912777,true,2.4891627341468484E-06,5.6940352528917116E-08,true
exact-v9-5-to-6mwe,296784,2940,pressure,REGION-4-MIXTURE,SaturatedMixture,270.47928985357294,5.5442143397969605,0.0009135475255151004,true,SaturatedMixture,270.47928017377853,5.544218620333988,0.0009135424231135206,true,7.720727888045304E-07,1.7805873567040823E-08,true
exact-v9-5-to-6mwe,296784,2940,outlet,REGION-4-MIXTURE,SaturatedMixture,281.8999184429648,6.602375966833371,0.08555699672178615,true,SaturatedMixture,281.89999920129776,6.602406584050181,0.08555657148300677,true,4.6373028381997795E-06,1.4549742333556292E-07,true
exact-v9-5-to-6mwe,296784,2940,drum,REGION-4-MIXTURE,SaturatedMixture,272.00196151137345,5.6772371811977065,0.04057732658586686,true,SaturatedMixture,272.001962274313,5.6772377598267525,0.040577320467802734,true,1.0192088643524527E-07,1.3994988098766761E-09,true
exact-v9-5-to-6mwe,296784,2940,feedwater-inventory,REGION-4-MIXTURE,SaturatedMixture,48.51906575113537,0.011471689386895554,3.03787918349558E-05,true,SaturatedMixture,48.519065745174885,0.01147180353511092,3.0378434985917037E-05,true,9.95042765858303E-06,1.8529873865825932E-11,true
exact-v9-5-to-6mwe,302784,3000,suction,REGION-4-MIXTURE,SaturatedMixture,269.9428149163722,5.4979187400670675,0.0008648843928346774,true,SaturatedMixture,269.94279032945633,5.497929627162302,0.0008648717533816735,true,1.9802211980476754E-06,4.5272033031679486E-08,true
exact-v9-5-to-6mwe,302784,3000,pressure,REGION-4-MIXTURE,SaturatedMixture,270.5106271028518,5.546927786882517,0.0009139652713696375,true,SaturatedMixture,270.51062202453613,5.546930033946316,0.0009139625907633122,true,4.0510060440056385E-07,9.340966429210338E-09,true
exact-v9-5-to-6mwe,302784,3000,outlet,REGION-4-MIXTURE,SaturatedMixture,282.0949025034904,6.621686355326797,0.08369089475203428,true,SaturatedMixture,282.09497731924057,6.621715604152237,0.0836904922908393,true,4.417126373908621E-06,1.3474369567413498E-07,true
exact-v9-5-to-6mwe,302784,3000,drum,REGION-4-MIXTURE,SaturatedMixture,272.04927046298974,5.681408817366673,0.040669181416813076,true,SaturatedMixture,272.0492880344391,5.681421992745676,0.040669042121641,true,2.3190337865922693E-06,3.222940730106879E-08,true
exact-v9-5-to-6mwe,302784,3000,feedwater-inventory,REGION-4-MIXTURE,SaturatedMixture,48.548930336534966,0.011488880865469404,3.124596940294339E-05,true,SaturatedMixture,48.54893034696579,0.011489155734683166,3.1245085453668985E-05,true,2.3924803205822193E-05,3.242418056368811E-11,true
exact-v9-5-to-6mwe,308784,3060,suction,REGION-4-MIXTURE,SaturatedMixture,269.9603627145292,5.499428357627526,0.0008637061623908476,true,SaturatedMixture,269.9603449702263,5.499436201106922,0.0008636970565161306,true,1.4262353987687149E-06,3.267163384640142E-08,true
exact-v9-5-to-6mwe,308784,3060,pressure,REGION-4-MIXTURE,SaturatedMixture,270.54172206521014,5.549621256826255,0.000914380182831246,true,SaturatedMixture,270.5417033433914,5.549629514654866,0.000914370323235546,true,1.4879985910710947E-06,3.4434621605418525E-08,true
exact-v9-5-to-6mwe,308784,3060,outlet,REGION-4-MIXTURE,SaturatedMixture,282.28788021802904,6.64084049701058,0.08188491044554737,true,SaturatedMixture,282.2879959344864,6.640886663453413,0.08188427855038569,true,6.9518975578233345E-06,2.083337515597301E-07,true
exact-v9-5-to-6mwe,308784,3060,drum,REGION-4-MIXTURE,SaturatedMixture,272.09623962044714,5.6855528058038844,0.04076055509031608,true,SaturatedMixture,272.0962705016136,5.685575873956247,0.040760310822463945,true,4.057327959205339E-06,5.6637101252388325E-08,true
exact-v9-5-to-6mwe,308784,3060,feedwater-inventory,REGION-4-MIXTURE,SaturatedMixture,48.578108470141956,0.011505698542849266,3.2123158629364795E-05,true,SaturatedMixture,48.57810850441456,0.011506109090189,3.2121801031734324E-05,true,3.568208728973587E-05,1.0652660315170334E-10,true
exact-v9-5-to-6mwe,314784,3120,suction,REGION-4-MIXTURE,SaturatedMixture,269.9777773737907,5.50092683428004,0.000862535812608351,true,SaturatedMixture,269.97776705026627,5.500931398427864,0.0008625305144536711,true,8.297052407234359E-07,1.900754267587517E-08,true
exact-v9-5-to-6mwe,314784,3120,pressure,REGION-4-MIXTURE,SaturatedMixture,270.5725726544857,5.552294545740403,0.0009147922379160597,true,SaturatedMixture,270.5725422501564,5.552307941341729,0.0009147762320673156,true,2.412624405208732E-06,5.5918828556681757E-08,true
exact-v9-5-to-6mwe,314784,3120,outlet,REGION-4-MIXTURE,SaturatedMixture,282.4788263857366,6.659834629548312,0.08013570937283208,true,SaturatedMixture,282.478845089674,6.659842246918879,0.08013560566509438,true,1.1437777348714712E-06,3.366264758619829E-08,true
exact-v9-5-to-6mwe,314784,3120,drum,REGION-4-MIXTURE,SaturatedMixture,272.1428643941882,5.689668692063452,0.04085143439040568,true,SaturatedMixture,272.1429051756859,5.689699005584698,0.04085111299002124,true,5.327818347021654E-06,7.478824742195021E-08,true
exact-v9-5-to-6mwe,314784,3120,feedwater-inventory,REGION-4-MIXTURE,SaturatedMixture,48.60660451203586,0.011522143468147986,3.301049466223114E-05,true,SaturatedMixture,48.60660457611084,0.011522666134095392,3.300871822050461E-05,true,4.5361867681199244E-05,1.9914115473102687E-10,true
exact-v9-5-to-6mwe,320784,3180,suction,REGION-4-MIXTURE,SaturatedMixture,269.99505785107624,5.502414073138238,0.0008613734372003052,true,SaturatedMixture,269.99505546689034,5.50241512449044,0.0008613722167232754,true,1.9107108055763938E-07,4.389593296007082E-09,true
exact-v9-5-to-6mwe,320784,3180,pressure,REGION-4-MIXTURE,SaturatedMixture,270.6031772851942,5.554947493052333,0.0009152014258355897,true,SaturatedMixture,270.6031371951103,5.554965179410255,0.0009151802804609299,true,3.1838929070579437E-06,7.372845906197712E-08,true
exact-v9-5-to-6mwe,320784,3180,outlet,REGION-4-MIXTURE,SaturatedMixture,282.6677221894266,6.67866561574929,0.07844021084224058,true,SaturatedMixture,282.6678212285042,6.6787072700927235,0.07843964919736071,true,6.236926031293693E-06,1.7818625351495995E-07,true
exact-v9-5-to-6mwe,320784,3180,drum,REGION-4-MIXTURE,SaturatedMixture,272.18914115428936,5.693756105917986,0.04094180813960483,true,SaturatedMixture,272.1891883611679,5.693791060900249,0.0409414369699512,true,6.139178007120137E-06,8.656425879958357E-08,true
exact-v9-5-to-6mwe,320784,3180,feedwater-inventory,REGION-4-MIXTURE,SaturatedMixture,48.634427432715825,0.01153821940010395,3.390812144640319E-05,true,SaturatedMixture,48.634427547454834,0.011538832087180387,3.390598205295495E-05,true,5.310066095906318E-05,3.5657104453484216E-10,true
exact-v9-5-to-6mwe,326784,3240,suction,REGION-4-MIXTURE,SaturatedMixture,270.0122033536435,5.503889998846662,0.000860219113112955,true,SaturatedMixture,270.0121975541115,5.503892562455049,0.0008602161371804827,true,4.657811815724139E-07,1.0677348256284387E-08,true
exact-v9-5-to-6mwe,326784,3240,pressure,REGION-4-MIXTURE,SaturatedMixture,270.63353503942506,5.557579996063622,0.0009156077236940463,true,SaturatedMixture,270.63348710536957,5.557601135678151,0.0009155824322585873,true,3.8037445334247288E-06,8.814914832619092E-08,true
exact-v9-5-to-6mwe,326784,3240,outlet,REGION-4-MIXTURE,SaturatedMixture,282.8545599937439,6.69733143083666,0.07679557124877807,true,SaturatedMixture,282.854649156332,6.69736974068563,0.07679505752170854,true,5.720166213377587E-06,1.6036305187456146E-07,true
exact-v9-5-to-6mwe,326784,3240,drum,REGION-4-MIXTURE,SaturatedMixture,272.23506702184693,5.697814743164656,0.04103166677675099,true,SaturatedMixture,272.2351172864437,5.697851794854817,0.04103127281923966,true,6.502789548376905E-06,9.216350028504145E-08,true
exact-v9-5-to-6mwe,326784,3240,feedwater-inventory,REGION-4-MIXTURE,SaturatedMixture,48.661590208113125,0.011553932471940021,3.4816192105850345E-05,true,SaturatedMixture,48.66159036010504,0.011554614468922824,3.481374643539775E-05,true,5.9027260584983844E-05,4.723009270457187E-10,true
exact-v9-5-to-6mwe,332784,3300,suction,REGION-4-MIXTURE,SaturatedMixture,270.02921333909023,5.505354557604314,0.0008590729004464013,true,SaturatedMixture,270.02919989824295,5.505360477304915,0.000859066027971574,true,1.0752623720926101E-06,2.4744774750378817E-08,true
exact-v9-5-to-6mwe,332784,3300,pressure,REGION-4-MIXTURE,SaturatedMixture,270.6636452496051,5.560191973857533,0.0009160111196289211,true,SaturatedMixture,270.66359132528305,5.560215753200682,0.0009159826509557599,true,4.276712613627826E-06,9.915956050593961E-08,true
exact-v9-5-to-6mwe,332784,3300,outlet,REGION-4-MIXTURE,SaturatedMixture,283.03934067487717,6.7158309071041336,0.07519916030673499,true,SaturatedMixture,283.0393708348274,6.715844303268355,0.07519898245617716,true,1.9947143409012715E-06,5.422604866851949E-08,true
exact-v9-5-to-6mwe,332784,3300,drum,REGION-4-MIXTURE,SaturatedMixture,272.2806400775909,5.701844384268872,0.04112100214620031,true,SaturatedMixture,272.2806899547577,5.701881030908384,0.04112061187417059,true,6.427155327585533E-06,9.144548023404708E-08,true
exact-v9-5-to-6mwe,332784,3300,feedwater-inventory,REGION-4-MIXTURE,SaturatedMixture,48.6881090790032,0.011569290774161642,3.573486890483215E-05,true,SaturatedMixture,48.688109286129475,0.01157002273386603,3.5732174343425895E-05,true,6.326746545451261E-05,6.435728746089649E-10,true
exact-v9-5-to-6mwe,338784,3360,suction,REGION-4-MIXTURE,SaturatedMixture,270.0460875153541,5.506807717187623,0.0008579348423767799,true,SaturatedMixture,270.04606705904007,5.506816720962714,0.0008579243901081435,true,1.6350262353868037E-06,3.765917039695861E-08,true
exact-v9-5-to-6mwe,338784,3360,pressure,REGION-4-MIXTURE,SaturatedMixture,270.6935077905654,5.562783392689579,0.000916411596609241,true,SaturatedMixture,270.69344967603683,5.562809016447467,0.0009163808993173494,true,4.606283595658805E-06,1.0685891751915329E-07,true
exact-v9-5-to-6mwe,338784,3360,outlet,REGION-4-MIXTURE,SaturatedMixture,283.2220691144465,6.7341632905138695,0.07364853708977144,true,SaturatedMixture,283.22216895222664,6.734208641708343,0.07364793830576524,true,6.73449581144839E-06,1.7944427057845235E-07,true
exact-v9-5-to-6mwe,338784,3360,drum,REGION-4-MIXTURE,SaturatedMixture,272.32585906982433,5.705844868757024,0.041209807109108106,true,SaturatedMixture,272.3259052634239,5.705878671568699,0.041209446622773996,true,5.924243026686316E-06,8.468495684852633E-08,true
exact-v9-5-to-6mwe,338784,3360,feedwater-inventory,REGION-4-MIXTURE,SaturatedMixture,48.71400299817316,0.011584304042502129,3.6664323410854114E-05,true,SaturatedMixture,48.71400324255228,0.011585067873349533,3.6661437826584944E-05,true,6.593670578754027E-05,7.592620513120103E-10,true
exact-v9-5-to-6mwe,344784,3420,suction,REGION-4-MIXTURE,SaturatedMixture,270.06282575726516,5.508249459784203,0.0008568049707157653,true,SaturatedMixture,270.06279891729355,5.508261283136387,0.000856791247199274,true,2.146480886665918E-06,4.9409679480881685E-08,true
exact-v9-5-to-6mwe,344784,3420,pressure,REGION-4-MIXTURE,SaturatedMixture,270.7231227874755,5.565354240714251,0.0009168091489883651,true,SaturatedMixture,270.7230622768402,5.565380935772092,0.0009167771483384643,true,4.796650255504973E-06,1.1125873438575796E-07,true
exact-v9-5-to-6mwe,344784,3420,outlet,REGION-4-MIXTURE,SaturatedMixture,283.4027534067633,6.752328165142736,0.07214143270317529,true,SaturatedMixture,283.4028150141239,6.752356779477661,0.07214105710884806,true,4.237699090565613E-06,1.1069455726900512E-07,true
exact-v9-5-to-6mwe,344784,3420,drum,REGION-4-MIXTURE,SaturatedMixture,272.3707235813141,5.709816110157342,0.041298075654385466,true,SaturatedMixture,272.37076276540756,5.709844677311881,0.04129777056325705,true,5.0031654238367985E-06,7.182878992270537E-08,true
exact-v9-5-to-6mwe,344784,3420,feedwater-inventory,REGION-4-MIXTURE,SaturatedMixture,48.739292983710754,0.011598983288564187,3.76047363253798E-05,true,SaturatedMixture,48.73929327726364,0.011599762116807827,3.760171810010177E-05,true,6.714625103461441E-05,9.119684726585108E-10,true
exact-v9-5-to-6mwe,350784,3480,suction,REGION-4-MIXTURE,SaturatedMixture,270.0794281482697,5.509679785602554,0.0008556833030399346,true,SaturatedMixture,270.07939553260803,5.509694168971966,0.0008556666106505126,true,2.6105635847545303E-06,6.004030705359049E-08,true
exact-v9-5-to-6mwe,350784,3480,pressure,REGION-4-MIXTURE,SaturatedMixture,270.7524907827377,5.567904542519021,0.0009172037679597825,true,SaturatedMixture,270.7524295449257,5.567931547412117,0.0009171713741017326,true,4.850099869655844E-06,1.1258968851451805E-07,true
exact-v9-5-to-6mwe,350784,3480,outlet,REGION-4-MIXTURE,SaturatedMixture,283.581404775381,6.7703254480568225,0.0706757354364547,true,SaturatedMixture,283.58145621418953,6.770350217161658,0.070675413501398,true,3.6584806780195925E-06,9.239430022023361E-08,true
exact-v9-5-to-6mwe,350784,3480,drum,REGION-4-MIXTURE,SaturatedMixture,272.41523357033736,5.713758055542784,0.04138580257893774,true,SaturatedMixture,272.41526249051094,5.713779050772857,0.04138557806249892,true,3.6745045675043546E-06,5.3009561088681205E-08,true
exact-v9-5-to-6mwe,350784,3480,feedwater-inventory,REGION-4-MIXTURE,SaturatedMixture,48.76400166004896,0.011613340536697958,3.8556297528652304E-05,true,SaturatedMixture,48.76400199532509,0.011614118598437098,3.8553205440411226E-05,true,6.699723793348437E-05,1.04150836910671E-09,true
exact-v9-5-to-6mwe,356784,3540,suction,REGION-4-MIXTURE,SaturatedMixture,270.0950280129906,5.511024000382143,0.0008546284891913405,true,SaturatedMixture,270.0949904322624,5.511040570656807,0.0008546092603976331,true,3.0067505897921477E-06,6.917822759884442E-08,true
exact-v9-5-to-6mwe,356784,3540,pressure,REGION-4-MIXTURE,SaturatedMixture,270.78118436336524,5.570397140207878,0.0009176168266594888,true,SaturatedMixture,270.7811240553856,5.570423728576901,0.0009175849114415374,true,4.773155010977396E-06,1.1087428223579194E-07,true
exact-v9-5-to-6mwe,356784,3540,outlet,REGION-4-MIXTURE,SaturatedMixture,283.75422302484503,6.787769959667375,0.06929664510709205,true,SaturatedMixture,283.75431475043297,6.787815131538721,0.06929606137902912,true,6.654891314079619E-06,1.6470621723352594E-07,true
exact-v9-5-to-6mwe,356784,3540,drum,REGION-4-MIXTURE,SaturatedMixture,272.45532531738286,5.717310485824585,0.041453280580963016,true,SaturatedMixture,272.45534205436707,5.717322622603843,0.041453150595067295,true,2.1228126910607105E-06,3.067599129044226E-08,true
exact-v9-5-to-6mwe,356784,3540,feedwater-inventory,REGION-4-MIXTURE,SaturatedMixture,48.78828783631326,0.011627467147162403,3.9494772359180835E-05,true,SaturatedMixture,48.788288205862045,0.011628229590943921,3.9491668037418594E-05,true,6.557264551843386E-05,1.1478870336374282E-09,true
exact-v9-5-to-6mwe,362784,3600,suction,REGION-4-MIXTURE,SaturatedMixture,270.1072710335253,5.512079136764695,0.0008538000588545077,true,SaturatedMixture,270.1072298884392,5.512097276681413,0.0008537790099619534,true,3.2909390935758794E-06,7.57377550621894E-08,true
exact-v9-5-to-6mwe,362784,3600,pressure,REGION-4-MIXTURE,SaturatedMixture,270.80531049966817,5.572493625460157,0.0009180126690343663,true,SaturatedMixture,270.80525225400925,5.572519315544106,0.0009179818155986602,true,4.610159414388858E-06,1.0707802239577912E-07,true
exact-v9-5-to-6mwe,362784,3600,outlet,REGION-4-MIXTURE,SaturatedMixture,283.8935488522053,6.801858689105436,0.06827265782886191,true,SaturatedMixture,283.89360904693604,6.801888853406954,0.06827226971910215,true,4.434714523874954E-06,1.0806108581629132E-07,true
exact-v9-5-to-6mwe,362784,3600,drum,REGION-4-MIXTURE,SaturatedMixture,272.4857955574988,5.72001150588309,0.04148723189994979,true,SaturatedMixture,272.48580127954483,5.720015627266297,0.04148718778592683,true,7.205200903734873E-07,1.048693296648158E-08,true
exact-v9-5-to-6mwe,362784,3600,feedwater-inventory,REGION-4-MIXTURE,SaturatedMixture,48.81413910388949,0.0116425203302435,4.023817744488553E-05,true,SaturatedMixture,48.81413948535919,0.011643249933896191,4.023515015835642E-05,true,6.266715728178333E-05,1.1848204737548181E-09,true
