profile,interval,selection_reasons,h17_converged,h17_line_search_exhausted,h17_pressure_residual,h17_flow_residual_kg_s,h17_normalized_merit,turbine_inlet_candidate_branch,turbine_inlet_candidate_phase,turbine_inlet_explicit_branch,turbine_inlet_explicit_phase,turbine_inlet_phase_mismatch,turbine_inlet_candidate_only_late_shadow
combined-load-cooling,1,episode-1-first|episode-1-hardest|profile-temporal-stratification,True,False,4.5888584604291001E-08,0.00010860914233035146,0.010860914233035146,boundary-aware-saturated,SaturatedMixture,boundary-aware-saturated,SaturatedMixture,False,False
combined-load-cooling,3,episode-1-last,True,False,5.0888194222729884E-10,1.2147626904379649E-06,0.00012147626904379649,boundary-aware-saturated,SaturatedMixture,boundary-aware-saturated,SaturatedMixture,False,False
combined-load-cooling,196,episode-2-first,True,False,2.5146587566989066E-09,6.6026057652379677E-06,0.00066026057652379677,boundary-aware-saturated,SaturatedMixture,boundary-aware-saturated,SaturatedMixture,False,False
combined-load-cooling,200,episode-2-hardest|episode-2-last,True,False,3.9324806036899065E-09,1.2301332217745653E-05,0.0012301332217745653,boundary-aware-saturated,SaturatedMixture,boundary-aware-saturated,SaturatedMixture,False,False
combined-load-cooling,352,episode-3-first,True,False,2.6850408479629328E-10,2.9318327126048871E-06,0.00029318327126048871,boundary-aware-saturated,SaturatedMixture,boundary-aware-saturated,SaturatedMixture,False,False
combined-load-cooling,360,action-501-before|episode-3-hardest|episode-3-last,True,False,4.6613617379700965E-10,8.2849247657890146E-06,0.00082849247657890146,coarse-saturated,SaturatedMixture,coarse-saturated,SaturatedMixture,False,False
combined-load-cooling,525,action-501-after|episode-4-first,True,False,1.6018741337754735E-10,1.4842807933845847E-06,0.00014842807933845847,coarse-saturated,SaturatedMixture,coarse-saturated,SaturatedMixture,False,False
combined-load-cooling,549,episode-4-hardest,True,False,3.2403750382286062E-10,4.2790475309750775E-05,0.0042790475309750775,coarse-saturated,SaturatedMixture,coarse-saturated,SaturatedMixture,False,False
combined-load-cooling,555,profile-temporal-stratification,True,False,7.8667575874804322E-11,1.6783128294228788E-05,0.0016783128294228788,coarse-saturated,SaturatedMixture,coarse-saturated,SaturatedMixture,False,False
combined-load-cooling,609,profile-temporal-stratification,True,False,3.648963774123448E-10,3.3602377196295663E-05,0.0033602377196295663,coarse-saturated,SaturatedMixture,coarse-saturated,SaturatedMixture,False,False
combined-load-cooling,673,profile-temporal-stratification,True,False,4.5248674818560424E-11,6.4095784360063135E-06,0.00064095784360063135,boundary-aware-saturated,SaturatedMixture,boundary-aware-saturated,SaturatedMixture,False,False
combined-load-cooling,726,profile-temporal-stratification,True,False,4.2559871330421318E-11,2.9787241260237352E-06,0.00029787241260237352,boundary-aware-saturated,SaturatedMixture,boundary-aware-saturated,SaturatedMixture,False,False
combined-load-cooling,774,profile-temporal-stratification,True,False,1.9253181003893421E-10,2.9634277801005027E-05,0.0029634277801005027,boundary-aware-saturated,SaturatedMixture,boundary-aware-saturated,SaturatedMixture,False,False
combined-load-cooling,822,profile-temporal-stratification,True,False,3.2394653022603419E-10,3.8574364982668641E-05,0.0038574364982668641,coarse-saturated,SaturatedMixture,coarse-saturated,SaturatedMixture,False,False
combined-load-cooling,847,episode-4-quartile-1,True,False,3.2394427338703238E-10,5.1586092026933983E-05,0.0051586092026933983,coarse-saturated,SaturatedMixture,coarse-saturated,SaturatedMixture,False,False
combined-load-cooling,874,profile-temporal-stratification,True,False,6.4790852910930593E-10,0.00012433098859698788,0.012433098859698788,coarse-saturated,SaturatedMixture,coarse-saturated,SaturatedMixture,False,False
combined-load-cooling,931,profile-temporal-stratification,True,False,3.2398325583039935E-10,5.0567102323650914E-05,0.0050567102323650914,coarse-saturated,SaturatedMixture,coarse-saturated,SaturatedMixture,False,False
combined-load-cooling,990,profile-temporal-stratification,True,False,1.6200015336345863E-09,0.00049712684498204318,0.049712684498204318,coarse-saturated,SaturatedMixture,coarse-saturated,SaturatedMixture,False,False
combined-load-cooling,997,action-1001-before,True,False,9.720058591518882E-10,0.00026098450760536629,0.026098450760536629,coarse-saturated,SaturatedMixture,coarse-saturated,SaturatedMixture,False,False
combined-load-cooling,1002,action-1001-after,True,False,3.2401939802772152E-10,4.6055573057479648E-05,0.0046055573057479648,coarse-saturated,SaturatedMixture,coarse-saturated,SaturatedMixture,False,False
combined-load-cooling,1043,profile-temporal-stratification,True,False,3.2402011523887632E-09,0.00094342189757767869,0.094342189757767869,coarse-saturated,SaturatedMixture,coarse-saturated,SaturatedMixture,False,False
combined-load-cooling,1092,profile-temporal-stratification,True,False,8.1007371515420009E-09,0.0024038499753651354,0.24038499753651354,boundary-aware-saturated,SaturatedMixture,boundary-aware-saturated,SaturatedMixture,False,False
combined-load-cooling,1140,profile-temporal-stratification,True,False,1.4520861991525116E-09,0.00023955087103644246,0.023955087103644246,boundary-aware-saturated,SaturatedMixture,boundary-aware-saturated,SaturatedMixture,False,False
combined-load-cooling,1165,episode-4-quartile-2,True,False,3.630452174645672E-10,0.00011982912486541153,0.011982912486541153,boundary-aware-saturated,SaturatedMixture,boundary-aware-saturated,SaturatedMixture,False,False
combined-load-cooling,1191,profile-temporal-stratification,True,False,6.9767992119765058E-10,0.00017183119708219508,0.017183119708219508,boundary-aware-saturated,SaturatedMixture,boundary-aware-saturated,SaturatedMixture,False,False
combined-load-cooling,1248,profile-temporal-stratification,True,False,3.6305895946421527E-10,7.3887599487676425E-05,0.0073887599487676425,boundary-aware-saturated,SaturatedMixture,boundary-aware-saturated,SaturatedMixture,False,False
combined-load-cooling,1314,profile-temporal-stratification,True,False,2.1788864569967589E-10,7.6248133842327093E-06,0.00076248133842327093,boundary-aware-saturated,SaturatedMixture,boundary-aware-saturated,SaturatedMixture,False,False
combined-load-cooling,1357,profile-temporal-stratification,True,False,9.0991075908281871E-09,7.1444674673237785E-05,0.0071444674673237785,boundary-aware-saturated,SaturatedMixture,boundary-aware-saturated,SaturatedMixture,False,False
combined-load-cooling,1407,profile-temporal-stratification,True,False,3.3329513400859055E-09,8.5718474564178138E-05,0.0085718474564178138,boundary-aware-saturated,SaturatedMixture,boundary-aware-saturated,SaturatedMixture,False,False
combined-load-cooling,1454,profile-temporal-stratification,True,False,3.5160722826225721E-09,9.2455624359555344E-05,0.0092455624359555344,boundary-aware-saturated,SaturatedMixture,boundary-aware-saturated,SaturatedMixture,False,False
combined-load-cooling,1483,episode-4-quartile-3,True,False,1.1241612501250589E-09,8.2373326684148651E-06,0.00082373326684148651,boundary-aware-saturated,SaturatedMixture,boundary-aware-saturated,SaturatedMixture,False,False
combined-load-cooling,1502,profile-temporal-stratification,True,False,3.2016982451895552E-09,2.7170545225718712E-05,0.0027170545225718712,boundary-aware-saturated,SaturatedMixture,boundary-aware-saturated,SaturatedMixture,False,False
combined-load-cooling,1552,profile-temporal-stratification,True,False,7.2550072118680343E-09,3.1083095327399946E-05,0.0031083095327399946,boundary-aware-saturated,SaturatedMixture,boundary-aware-saturated,SaturatedMixture,False,False
combined-load-cooling,1622,profile-temporal-stratification,True,False,2.9042052161024288E-09,1.2454555253782473E-06,0.00029042052161024285,boundary-aware-saturated,SaturatedMixture,boundary-aware-saturated,SaturatedMixture,False,False
combined-load-cooling,1685,profile-temporal-stratification,True,False,1.542886645795136E-08,4.7597220094175441E-06,0.0015428866457951359,boundary-aware-saturated,SaturatedMixture,boundary-aware-saturated,SaturatedMixture,False,False
combined-load-cooling,1740,profile-temporal-stratification,True,False,1.4900147277164415E-08,1.2898620042722797E-05,0.0014900147277164414,boundary-aware-saturated,SaturatedMixture,boundary-aware-saturated,SaturatedMixture,False,False
combined-load-cooling,1789,profile-temporal-stratification,True,False,3.3511667534127962E-09,2.1170282737514867E-05,0.0021170282737514867,boundary-aware-saturated,SaturatedMixture,boundary-aware-saturated,SaturatedMixture,False,False
combined-load-cooling,1813,episode-4-last,False,True,0.19879045076926882,1.2371390924017369,19879.045076926879,boundary-aware-saturated,SaturatedMixture,coarse-superheated,SuperheatedVapor,True,False
combined-load-cooling,2183,episode-5-first,True,False,5.9712855635426823E-09,5.7089736504423172E-05,0.0057089736504423172,boundary-aware-saturated,SaturatedMixture,boundary-aware-saturated,SaturatedMixture,False,False
combined-load-cooling,2208,profile-temporal-stratification,False,True,0.19883462821606959,1.3323864899607849,19883.462821606958,boundary-aware-saturated,SaturatedMixture,coarse-superheated,SuperheatedVapor,True,False
combined-load-cooling,2274,profile-temporal-stratification,False,True,0.19883831919762388,0.52386561995853365,19883.831919762386,boundary-aware-saturated,SaturatedMixture,coarse-superheated,SuperheatedVapor,True,False
combined-load-cooling,2346,profile-temporal-stratification,True,False,8.3582929622208832E-09,9.8937153079070583E-06,0.00098937153079070583,boundary-aware-saturated,SaturatedMixture,boundary-aware-saturated,SaturatedMixture,False,False
combined-load-cooling,2423,profile-temporal-stratification,True,False,5.7913492319977526E-10,3.9690225026589587E-05,0.0039690225026589587,boundary-aware-saturated,SaturatedMixture,boundary-aware-saturated,SaturatedMixture,False,False
combined-load-cooling,2494,profile-temporal-stratification,True,False,6.435878597721942E-09,1.9935814381977224E-05,0.0019935814381977224,boundary-aware-saturated,SaturatedMixture,boundary-aware-saturated,SaturatedMixture,False,False
combined-load-cooling,2555,profile-temporal-stratification,True,False,5.015875101343539E-09,5.4563418663278185E-06,0.00054563418663278185,boundary-aware-saturated,SaturatedMixture,boundary-aware-saturated,SaturatedMixture,False,False
combined-load-cooling,2610,profile-temporal-stratification,True,False,7.4512134631559144E-06,0.00026068048353522499,0.74512134631559135,boundary-aware-saturated,SaturatedMixture,boundary-aware-saturated,SaturatedMixture,False,False
combined-load-cooling,2670,profile-temporal-stratification,True,False,1.1763369226188396E-09,2.9070287295596131E-05,0.0029070287295596131,boundary-aware-saturated,SaturatedMixture,boundary-aware-saturated,SaturatedMixture,False,False
combined-load-cooling,2722,profile-temporal-stratification,True,False,6.0162261818217002E-09,1.1504500565084896E-05,0.0011504500565084896,boundary-aware-saturated,SaturatedMixture,boundary-aware-saturated,SaturatedMixture,False,False
combined-load-cooling,2755,episode-5-quartile-1,True,False,8.3016884615279724E-09,4.8578093454487714E-06,0.00083016884615279719,boundary-aware-saturated,SaturatedMixture,boundary-aware-saturated,SaturatedMixture,False,False
combined-load-cooling,2766,profile-temporal-stratification,True,False,3.3524359290904598E-09,6.5486281939364233E-06,0.00065486281939364233,boundary-aware-saturated,SaturatedMixture,boundary-aware-saturated,SaturatedMixture,False,False
combined-load-cooling,2818,profile-temporal-stratification,True,False,1.3815675943521835E-08,2.4691210830596333E-05,0.0024691210830596333,boundary-aware-saturated,SaturatedMixture,boundary-aware-saturated,SaturatedMixture,False,False
combined-load-cooling,2872,profile-temporal-stratification,True,False,6.4766370633067776E-09,1.5280997645028549E-06,0.00064766370633067769,boundary-aware-saturated,SaturatedMixture,boundary-aware-saturated,SaturatedMixture,False,False
combined-load-cooling,2924,profile-temporal-stratification,True,False,6.0984691311299192E-09,5.6417049432155864E-06,0.00060984691311299184,boundary-aware-saturated,SaturatedMixture,boundary-aware-saturated,SaturatedMixture,False,False
combined-load-cooling,2974,profile-temporal-stratification,False,True,0.19891629685967152,0.82596219583768438,19891.629685967149,boundary-aware-saturated,SaturatedMixture,coarse-superheated,SuperheatedVapor,True,False
combined-load-cooling,3015,profile-temporal-stratification,True,False,6.0911572477551735E-09,8.7207925085763804E-06,0.00087207925085763804,boundary-aware-saturated,SaturatedMixture,boundary-aware-saturated,SaturatedMixture,False,False
combined-load-cooling,3058,profile-temporal-stratification,False,True,0.19895554405741361,4.8044526914833989,19895.554405741361,boundary-aware-saturated,SaturatedMixture,boundary-aware-saturated,SaturatedMixture,False,False
combined-load-cooling,3061,episode-5-hardest,True,False,3.9757764181253362E-07,0.000249129069049836,0.039757764181253361,boundary-aware-saturated,SaturatedMixture,boundary-aware-saturated,SaturatedMixture,False,False
combined-load-cooling,3081,profile-temporal-stratification,True,False,1.655683700583227E-08,6.2142858016756009E-05,0.0062142858016756009,boundary-aware-saturated,SaturatedMixture,boundary-aware-saturated,SaturatedMixture,False,False
combined-load-cooling,3105,profile-temporal-stratification,True,False,1.2121357082089348E-06,0.0013040561325312616,0.13040561325312616,boundary-aware-saturated,SaturatedMixture,boundary-aware-saturated,SaturatedMixture,False,False
combined-load-cooling,3126,episode-5-quartile-2,True,False,1.1163832102580884E-07,0.00046266543902007129,0.046266543902007129,boundary-aware-saturated,SaturatedMixture,boundary-aware-saturated,SaturatedMixture,False,False
combined-load-cooling,3129,profile-temporal-stratification,False,True,0.19896624949593231,4.441507416189979,19896.624949593228,boundary-aware-saturated,SaturatedMixture,boundary-aware-saturated,SaturatedMixture,False,False
combined-load-cooling,3153,profile-temporal-stratification,True,False,2.6938131661696786E-08,0.0007000143763282729,0.07000143763282729,boundary-aware-saturated,SaturatedMixture,boundary-aware-saturated,SaturatedMixture,False,False
combined-load-cooling,3179,profile-temporal-stratification,True,False,1.4090520334904729E-06,0.0007845667704438064,0.14090520334904727,boundary-aware-saturated,SaturatedMixture,boundary-aware-saturated,SaturatedMixture,False,False
combined-load-cooling,3203,profile-temporal-stratification,True,False,1.233720818032437E-06,0.00072401737074345718,0.12337208180324369,boundary-aware-saturated,SaturatedMixture,boundary-aware-saturated,SaturatedMixture,False,False
combined-load-cooling,3223,profile-temporal-stratification,True,False,1.5314144724189612E-08,0.00018905786334499908,0.018905786334499908,boundary-aware-saturated,SaturatedMixture,boundary-aware-saturated,SaturatedMixture,False,False
combined-load-cooling,3247,profile-temporal-stratification,True,False,1.2447266628088352E-08,6.4389269357256751E-05,0.0064389269357256751,boundary-aware-saturated,SaturatedMixture,boundary-aware-saturated,SaturatedMixture,False,False
combined-load-cooling,3269,profile-temporal-stratification,True,False,1.9040100133535921E-08,6.6857604513970159E-05,0.0066857604513970159,boundary-aware-saturated,SaturatedMixture,boundary-aware-saturated,SaturatedMixture,False,False
combined-load-cooling,3290,profile-temporal-stratification,False,True,0.19898619737764417,3.8480556034624174,19898.619737764417,boundary-aware-saturated,SaturatedMixture,boundary-aware-saturated,SaturatedMixture,False,False
combined-load-cooling,3316,profile-temporal-stratification,True,False,1.1295959318154197E-08,0.00012256850018221854,0.012256850018221854,boundary-aware-saturated,SaturatedMixture,boundary-aware-saturated,SaturatedMixture,False,False
combined-load-cooling,3336,episode-5-quartile-3,True,False,2.6383069937786775E-09,0.00020382810144425889,0.020382810144425889,boundary-aware-saturated,SaturatedMixture,boundary-aware-saturated,SaturatedMixture,False,False
combined-load-cooling,3341,profile-temporal-stratification,True,False,9.2366876373885487E-09,3.2134901463365395E-05,0.0032134901463365395,boundary-aware-saturated,SaturatedMixture,boundary-aware-saturated,SaturatedMixture,False,False
combined-load-cooling,3362,profile-temporal-stratification,True,False,2.7094051188800453E-09,4.7055059515521691E-05,0.0047055059515521691,coarse-saturated,SaturatedMixture,coarse-saturated,SaturatedMixture,False,False
combined-load-cooling,3387,profile-temporal-stratification,True,False,1.7236045158955607E-08,0.00010703852241800149,0.010703852241800149,coarse-saturated,SaturatedMixture,coarse-saturated,SaturatedMixture,False,False
combined-load-cooling,3409,profile-temporal-stratification,True,False,4.2716557227157824E-08,0.00017992195412208645,0.017992195412208645,coarse-saturated,SaturatedMixture,coarse-saturated,SaturatedMixture,False,False
combined-load-cooling,3434,profile-temporal-stratification,True,False,5.1359706881744789E-09,2.2658891144722304E-05,0.0022658891144722304,coarse-saturated,SaturatedMixture,coarse-saturated,SaturatedMixture,False,False
combined-load-cooling,3454,profile-temporal-stratification,True,False,1.2355079015761431E-08,7.7237401708174502E-05,0.0077237401708174502,coarse-saturated,SaturatedMixture,coarse-saturated,SaturatedMixture,False,False
combined-load-cooling,3478,profile-temporal-stratification,True,False,1.7115840861210176E-09,0.00016893268499673653,0.016893268499673653,coarse-saturated,SaturatedMixture,coarse-saturated,SaturatedMixture,False,False
combined-load-cooling,3499,profile-temporal-stratification,True,False,9.1304177827496104E-09,0.00011426859250907029,0.011426859250907029,coarse-saturated,SaturatedMixture,coarse-saturated,SaturatedMixture,False,False
combined-load-cooling,3500,action-3501-before,True,False,1.9863202569851605E-08,0.00012645629239793621,0.012645629239793621,coarse-saturated,SaturatedMixture,coarse-saturated,SaturatedMixture,False,False
combined-load-cooling,3504,action-3501-after,True,False,3.6297749470088216E-10,5.2807004137012115E-05,0.0052807004137012115,coarse-saturated,SaturatedMixture,coarse-saturated,SaturatedMixture,False,False
combined-load-cooling,3525,profile-temporal-stratification,True,False,4.1332976344526443E-09,3.1264383227203041E-05,0.0031264383227203041,coarse-saturated,SaturatedMixture,coarse-saturated,SaturatedMixture,False,False
combined-load-cooling,3622,episode-5-last|profile-temporal-stratification,True,False,1.088896182384578E-09,0.00018011143353291459,0.018011143353291459,coarse-saturated,SaturatedMixture,coarse-saturated,SaturatedMixture,False,False
combined-load-cooling,3650,episode-6-first,True,False,3.554987967973179E-09,4.6222136518281332E-06,0.00046222136518281332,coarse-saturated,SaturatedMixture,coarse-saturated,SaturatedMixture,False,False
combined-load-cooling,3651,episode-6-hardest|episode-6-last,True,False,1.752357163625942E-08,0.00014756586077702138,0.014756586077702138,coarse-saturated,SaturatedMixture,coarse-saturated,SaturatedMixture,False,False
combined-load-cooling,3683,episode-7-first,True,False,1.7194360810982861E-09,2.9376746883968963E-06,0.00029376746883968963,coarse-saturated,SaturatedMixture,coarse-saturated,SaturatedMixture,False,False
combined-load-cooling,3684,episode-7-hardest|episode-7-last,True,False,6.5012586912184425E-09,0.00013100330638415869,0.013100330638415869,coarse-saturated,SaturatedMixture,coarse-saturated,SaturatedMixture,False,False
combined-load-cooling,3722,episode-8-first,True,False,4.9086222138580914E-10,1.6762466792386022E-06,0.00016762466792386022,coarse-saturated,SaturatedMixture,coarse-saturated,SaturatedMixture,False,False
combined-load-cooling,3723,episode-8-hardest|episode-8-last,True,False,8.9344651777004947E-09,7.0217564189789528E-06,0.00089344651777004938,coarse-saturated,SaturatedMixture,coarse-saturated,SaturatedMixture,False,False
combined-load-cooling,3769,episode-9-first,True,False,1.1716751338671459E-09,9.2584952149366018E-07,0.00011716751338671458,coarse-saturated,SaturatedMixture,coarse-saturated,SaturatedMixture,False,False
combined-load-cooling,3770,episode-9-hardest|episode-9-last,True,False,9.5926682605320056E-09,9.2743031551378863E-05,0.0092743031551378863,coarse-saturated,SaturatedMixture,coarse-saturated,SaturatedMixture,False,False
combined-load-cooling,3835,episode-10-first,True,False,5.6624593059691323E-10,8.3445218201916305E-07,8.3445218201916305E-05,coarse-saturated,SaturatedMixture,coarse-saturated,SaturatedMixture,False,False
combined-load-cooling,3836,action-4001-before|episode-10-hardest|episode-10-last,True,False,7.187221204426123E-09,0.00010045707737305065,0.010045707737305065,coarse-saturated,SaturatedMixture,coarse-saturated,SaturatedMixture,False,False
combined-load-cooling,4262,action-4001-after|episode-11-first,True,False,1.6988347239441965E-09,1.1504145192020587E-06,0.00016988347239441963,coarse-saturated,SaturatedMixture,coarse-saturated,SaturatedMixture,False,False
combined-load-cooling,4267,episode-11-quartile-1,True,False,1.3537122804074997E-09,7.105866192880228E-05,0.007105866192880228,coarse-saturated,SaturatedMixture,coarse-saturated,SaturatedMixture,False,False
combined-load-cooling,4270,episode-11-hardest|episode-11-quartile-2,True,False,2.0168669401303015E-09,3.4843403753370694E-05,0.0034843403753370694,coarse-saturated,SaturatedMixture,coarse-saturated,SaturatedMixture,False,False
combined-load-cooling,4271,episode-11-quartile-3|profile-temporal-stratification,True,False,6.4097636180853412E-09,2.6876301493672372E-05,0.0026876301493672372,coarse-saturated,SaturatedMixture,coarse-saturated,SaturatedMixture,False,False
combined-load-cooling,4273,episode-11-last,True,False,1.2915240290494976E-09,0.00021195299230036824,0.021195299230036824,coarse-saturated,SaturatedMixture,coarse-saturated,SaturatedMixture,False,False
combined-load-cooling,5597,episode-12-first,False,True,0.20016664211699375,0.32020666835123279,20016.664211699375,coarse-saturated,SaturatedMixture,coarse-superheated,SuperheatedVapor,True,False
combined-load-cooling,5598,episode-12-hardest|episode-12-last,False,True,0.20024175419720941,12.51068733707492,20024.175419720937,coarse-saturated,SaturatedMixture,coarse-saturated,SaturatedMixture,False,False
combined-load-cooling,5655,episode-13-first,False,True,0.20015327848637637,0.59080247153647747,20015.327848637637,coarse-saturated,SaturatedMixture,coarse-superheated,SuperheatedVapor,True,False
combined-load-cooling,5656,episode-13-hardest|episode-13-last,False,True,0.20022835580820603,12.774933575746603,20022.8355808206,coarse-saturated,SaturatedMixture,coarse-saturated,SaturatedMixture,False,False
combined-load-cooling,5714,episode-14-first,False,True,0.20013675266107353,0.40039219617732513,20013.675266107351,coarse-saturated,SaturatedMixture,coarse-superheated,SuperheatedVapor,True,False
combined-load-cooling,5715,episode-14-hardest|episode-14-last,False,True,0.20021182088610856,12.583541285049414,20021.182088610854,coarse-saturated,SaturatedMixture,coarse-saturated,SaturatedMixture,False,False
combined-load-cooling,5775,episode-15-first,False,True,0.20012179591389154,0.5512540908876602,20012.179591389151,coarse-saturated,SaturatedMixture,coarse-superheated,SuperheatedVapor,True,False
combined-load-cooling,5776,episode-15-hardest|episode-15-last,False,True,0.20019686468498069,12.735899623765791,20019.686468498068,coarse-saturated,SaturatedMixture,coarse-saturated,SaturatedMixture,False,False
combined-load-cooling,5838,episode-16-first,False,True,0.20010332610826631,0.22253731100505547,20010.33261082663,coarse-saturated,SaturatedMixture,coarse-superheated,SuperheatedVapor,True,False
combined-load-cooling,5839,episode-16-hardest|episode-16-last,False,True,0.20017834135925239,12.396902891144492,20017.834135925237,coarse-saturated,SaturatedMixture,coarse-saturated,SaturatedMixture,False,False
combined-load-cooling,5907,episode-17-first,False,True,0.20008502866846645,0.15750335971059215,20008.502866846644,coarse-saturated,SaturatedMixture,coarse-superheated,SuperheatedVapor,True,False
combined-load-cooling,5908,episode-17-hardest|episode-17-last,False,True,0.20016004916204241,12.334811436158299,20016.004916204241,coarse-saturated,SaturatedMixture,coarse-saturated,SaturatedMixture,False,False
combined-load-cooling,5987,episode-18-first,False,True,0.20006431987691656,0.12809086043001017,20006.431987691652,coarse-saturated,SaturatedMixture,coarse-superheated,SuperheatedVapor,True,False
combined-load-cooling,5988,episode-18-hardest|episode-18-last|profile-temporal-stratification,False,True,0.20013929296366256,12.297995981058996,20013.929296366256,coarse-saturated,SaturatedMixture,coarse-saturated,SaturatedMixture,False,False
cooling-pulse,1,episode-1-first|episode-1-hardest|profile-temporal-stratification,True,False,4.5888584604291001E-08,0.00010860914233035146,0.010860914233035146,boundary-aware-saturated,SaturatedMixture,boundary-aware-saturated,SaturatedMixture,False,False
cooling-pulse,3,episode-1-last,True,False,5.0888194222729884E-10,1.2147626904379649E-06,0.00012147626904379649,boundary-aware-saturated,SaturatedMixture,boundary-aware-saturated,SaturatedMixture,False,False
cooling-pulse,196,episode-2-first|profile-temporal-stratification,True,False,2.5146587566989066E-09,6.6026057652379677E-06,0.00066026057652379677,boundary-aware-saturated,SaturatedMixture,boundary-aware-saturated,SaturatedMixture,False,False
cooling-pulse,200,episode-2-hardest|episode-2-last,True,False,3.9324806036899065E-09,1.2301332217745653E-05,0.0012301332217745653,boundary-aware-saturated,SaturatedMixture,boundary-aware-saturated,SaturatedMixture,False,False
cooling-pulse,352,episode-3-first,True,False,2.6850408479629328E-10,2.9318327126048871E-06,0.00029318327126048871,boundary-aware-saturated,SaturatedMixture,boundary-aware-saturated,SaturatedMixture,False,False
cooling-pulse,360,action-501-before|episode-3-hardest|episode-3-last|profile-temporal-stratification,True,False,4.6613617379700965E-10,8.2849247657890146E-06,0.00082849247657890146,coarse-saturated,SaturatedMixture,coarse-saturated,SaturatedMixture,False,False
cooling-pulse,720,action-501-after|episode-4-first,True,False,9.1262068497146322E-11,9.0258787821539954E-07,9.0258787821539954E-05,coarse-saturated,SaturatedMixture,coarse-saturated,SaturatedMixture,False,False
cooling-pulse,722,episode-4-hardest|episode-4-last|profile-temporal-stratification,True,False,2.631288056199758E-10,8.7403554971388076E-07,8.7403554971388076E-05,coarse-saturated,SaturatedMixture,coarse-saturated,SaturatedMixture,False,False
cooling-pulse,1474,episode-5-first|episode-5-hardest,True,False,7.599882704279018E-10,3.5284053012674121E-08,7.5998827042790169E-05,boundary-aware-saturated,SaturatedMixture,boundary-aware-saturated,SaturatedMixture,False,False
cooling-pulse,1475,episode-5-quartile-1,True,False,5.1437919114583295E-09,1.3849961355560936E-07,0.00051437919114583292,boundary-aware-saturated,SaturatedMixture,boundary-aware-saturated,SaturatedMixture,False,False
cooling-pulse,1476,profile-temporal-stratification,True,False,9.8271775938886999E-09,2.1907517755437311E-07,0.00098271775938886985,boundary-aware-saturated,SaturatedMixture,boundary-aware-saturated,SaturatedMixture,False,False
cooling-pulse,1477,episode-5-quartile-2,True,False,6.6645361017240402E-06,0.00033006729793072509,0.66645361017240401,boundary-aware-saturated,SaturatedMixture,boundary-aware-saturated,SaturatedMixture,False,False
cooling-pulse,1478,episode-5-quartile-3,True,False,2.5831117308615544E-06,0.00017259258925861332,0.25831117308615542,boundary-aware-saturated,SaturatedMixture,boundary-aware-saturated,SaturatedMixture,False,False
cooling-pulse,1479,episode-5-last|profile-temporal-stratification,True,False,1.0853926309347627E-06,9.550623974163841E-05,0.10853926309347625,boundary-aware-saturated,SaturatedMixture,boundary-aware-saturated,SaturatedMixture,False,False
cooling-pulse,2334,episode-6-first|episode-6-hardest,True,False,6.0469803544480037E-10,6.1223710545732501E-08,6.0469803544480032E-05,coarse-saturated,SaturatedMixture,coarse-saturated,SaturatedMixture,False,False
cooling-pulse,2336,episode-6-quartile-1|profile-temporal-stratification,True,False,2.9862346773249458E-06,4.4649765339244141E-05,0.29862346773249454,coarse-saturated,SaturatedMixture,coarse-saturated,SaturatedMixture,False,False
cooling-pulse,2338,profile-temporal-stratification,True,False,5.4780162253293823E-07,1.0838062721063579E-05,0.054780162253293817,coarse-saturated,SaturatedMixture,coarse-saturated,SaturatedMixture,False,False
cooling-pulse,2339,episode-6-quartile-2,True,False,2.7116978907556681E-07,5.954492939608258E-06,0.027116978907556679,coarse-saturated,SaturatedMixture,coarse-saturated,SaturatedMixture,False,False
cooling-pulse,2341,episode-6-quartile-3|profile-temporal-stratification,True,False,8.4198298270179164E-08,2.183121228682694E-06,0.0084198298270179162,coarse-saturated,SaturatedMixture,coarse-saturated,SaturatedMixture,False,False
cooling-pulse,2343,action-3501-before|episode-6-last,True,False,3.5308908777456939E-08,9.257128189332775E-06,0.0035308908777456935,coarse-saturated,SaturatedMixture,coarse-saturated,SaturatedMixture,False,False
cooling-pulse,4836,action-3501-after|episode-7-first|profile-temporal-stratification,False,True,0.20005325204569441,0.53272723394882071,20005.325204569439,coarse-saturated,SaturatedMixture,coarse-superheated,SuperheatedVapor,True,False
cooling-pulse,4837,episode-7-hardest|episode-7-last,False,True,0.20013481579096973,13.801514324567089,20013.48157909697,coarse-saturated,SaturatedMixture,coarse-saturated,SaturatedMixture,False,False
cooling-pulse,4868,episode-8-first,False,True,0.20004162775715012,0.65997997135627884,20004.162775715009,coarse-saturated,SaturatedMixture,coarse-superheated,SuperheatedVapor,True,False
cooling-pulse,4869,episode-8-hardest|episode-8-last|profile-temporal-stratification,False,True,0.20012448911795186,14.139906449723922,20012.448911795185,coarse-saturated,SaturatedMixture,coarse-saturated,SaturatedMixture,False,False
cooling-pulse,4898,episode-9-first,False,True,0.20002980420217459,0.64857395247166139,20002.980420217456,coarse-saturated,SaturatedMixture,coarse-superheated,SuperheatedVapor,True,False
cooling-pulse,4899,episode-9-hardest|episode-9-last|profile-temporal-stratification,False,True,0.20011381013987001,14.314936921112576,20011.381013987,coarse-saturated,SaturatedMixture,coarse-saturated,SaturatedMixture,False,False
cooling-pulse,4926,episode-10-first,False,True,0.20001624735157156,0.25026576416171231,20001.624735157155,coarse-saturated,SaturatedMixture,coarse-superheated,SuperheatedVapor,True,False
cooling-pulse,4927,episode-10-hardest|episode-10-last,False,True,0.20010110811405757,14.054751505373897,20010.110811405757,coarse-saturated,SaturatedMixture,coarse-saturated,SaturatedMixture,False,False
cooling-pulse,4953,episode-11-first|profile-temporal-stratification,False,True,0.20000578562806803,0.30017120391028662,20000.578562806801,coarse-saturated,SaturatedMixture,coarse-superheated,SuperheatedVapor,True,False
cooling-pulse,4980,profile-temporal-stratification,False,True,0.2000833714847117,14.621231418252457,20008.337148471168,coarse-saturated,SaturatedMixture,coarse-saturated,SaturatedMixture,False,False
cooling-pulse,5005,episode-11-hardest,False,True,0.20007646395554882,15.144583036693925,20007.646395554879,coarse-saturated,SaturatedMixture,coarse-saturated,SaturatedMixture,False,False
cooling-pulse,5027,profile-temporal-stratification,False,True,0.19997614304030847,0.37468559602806195,19997.614304030845,coarse-saturated,SaturatedMixture,coarse-superheated,SuperheatedVapor,True,False
cooling-pulse,5049,profile-temporal-stratification,False,True,0.19996683200465981,0.35804234292552373,19996.683200465981,coarse-saturated,SaturatedMixture,coarse-superheated,SuperheatedVapor,True,False
cooling-pulse,5070,profile-temporal-stratification,False,True,0.20004351512105159,14.229691561795613,20004.351512105157,coarse-saturated,SaturatedMixture,coarse-saturated,SaturatedMixture,False,False
cooling-pulse,5107,profile-temporal-stratification,False,True,0.19994630818863096,1.1080002782980074,19994.630818863094,coarse-saturated,SaturatedMixture,coarse-superheated,SuperheatedVapor,True,False
cooling-pulse,5126,profile-temporal-stratification,False,True,0.20002382985452491,15.016430623998291,20002.382985452488,coarse-saturated,SaturatedMixture,coarse-saturated,SaturatedMixture,False,False
cooling-pulse,5144,profile-temporal-stratification,False,True,0.20001530302837414,14.929025779849766,20001.530302837411,coarse-saturated,SaturatedMixture,coarse-saturated,SaturatedMixture,False,False
cooling-pulse,5179,profile-temporal-stratification,False,True,0.19991652143268859,1.451868623435546,19991.652143268857,coarse-saturated,SaturatedMixture,coarse-superheated,SuperheatedVapor,True,False
cooling-pulse,5197,profile-temporal-stratification,False,True,0.1999873990469328,14.234526118894959,19998.739904693277,coarse-saturated,SaturatedMixture,coarse-saturated,SaturatedMixture,False,False
cooling-pulse,5232,profile-temporal-stratification,False,True,0.19989397185530464,1.6298275742627109,19989.397185530463,coarse-saturated,SaturatedMixture,coarse-superheated,SuperheatedVapor,True,False
cooling-pulse,5250,profile-temporal-stratification,False,True,0.19996933258789568,15.140796506491808,19996.933258789566,coarse-saturated,SaturatedMixture,coarse-saturated,SaturatedMixture,False,False
cooling-pulse,5267,profile-temporal-stratification,False,True,0.19996036925641106,14.935295584868939,19996.036925641103,coarse-saturated,SaturatedMixture,coarse-saturated,SaturatedMixture,False,False
cooling-pulse,5284,episode-11-quartile-1,False,True,0.19995416360040699,15.17308283070988,19995.416360040697,coarse-saturated,SaturatedMixture,coarse-saturated,SaturatedMixture,False,False
cooling-pulse,5300,profile-temporal-stratification,False,True,0.19986400400843857,1.7514140200397659,19986.400400843853,coarse-saturated,SaturatedMixture,coarse-superheated,SuperheatedVapor,True,False
cooling-pulse,5317,profile-temporal-stratification,False,True,0.1999394023609842,15.220679300724484,19993.94023609842,coarse-saturated,SaturatedMixture,coarse-saturated,SaturatedMixture,False,False
cooling-pulse,5348,profile-temporal-stratification,False,True,0.19983717717289745,0.98472637618990433,19983.717717289743,coarse-saturated,SaturatedMixture,coarse-superheated,SuperheatedVapor,True,False
cooling-pulse,5364,profile-temporal-stratification,False,True,0.19983317750462598,1.5301670123012059,19983.317750462596,coarse-saturated,SaturatedMixture,coarse-superheated,SuperheatedVapor,True,False
cooling-pulse,5380,profile-temporal-stratification,False,True,0.19990727736402519,14.737935177183997,19990.727736402518,coarse-saturated,SaturatedMixture,coarse-saturated,SaturatedMixture,False,False
cooling-pulse,5410,profile-temporal-stratification,False,True,0.19981184386494261,1.550300996166655,19981.18438649426,coarse-saturated,SaturatedMixture,coarse-superheated,SuperheatedVapor,True,False
cooling-pulse,5426,profile-temporal-stratification,False,True,0.19989259892759015,15.835894752027214,19989.259892759012,coarse-saturated,SaturatedMixture,coarse-saturated,SaturatedMixture,False,False
cooling-pulse,5441,profile-temporal-stratification,False,True,0.1998879132446279,16.21588402656678,19988.791324462789,coarse-saturated,SaturatedMixture,coarse-saturated,SaturatedMixture,False,False
cooling-pulse,5469,profile-temporal-stratification,False,True,0.19978465051261071,1.6561603717744706,19978.465051261068,coarse-saturated,SaturatedMixture,coarse-superheated,SuperheatedVapor,True,False
cooling-pulse,5484,profile-temporal-stratification,False,True,0.19986136576026808,15.234235848279331,19986.136576026805,coarse-saturated,SaturatedMixture,coarse-saturated,SaturatedMixture,False,False
cooling-pulse,5511,profile-temporal-stratification,False,True,0.19975625224307791,0.31853907421736771,19975.625224307791,coarse-saturated,SaturatedMixture,coarse-superheated,SuperheatedVapor,True,False
cooling-pulse,5525,profile-temporal-stratification,False,True,0.1997503436502101,0.44825660650630716,19975.034365021009,coarse-saturated,SaturatedMixture,coarse-superheated,SuperheatedVapor,True,False
cooling-pulse,5540,profile-temporal-stratification,False,True,0.1998346852746623,15.262034620996822,19983.46852746623,coarse-saturated,SaturatedMixture,coarse-saturated,SaturatedMixture,False,False
cooling-pulse,5554,episode-11-quartile-2,False,True,0.19983220748649533,15.945191601954077,19983.220748649532,coarse-saturated,SaturatedMixture,coarse-saturated,SaturatedMixture,False,False
cooling-pulse,5566,profile-temporal-stratification,False,True,0.19972934245794588,0.25218409684845255,19972.934245794586,coarse-saturated,SaturatedMixture,coarse-superheated,SuperheatedVapor,True,False
cooling-pulse,5581,profile-temporal-stratification,False,True,0.1998190747901068,15.936912479218385,19981.907479010679,coarse-saturated,SaturatedMixture,coarse-saturated,SaturatedMixture,False,False
cooling-pulse,5594,profile-temporal-stratification,False,True,0.19980806825898784,15.187219504490111,19980.806825898781,coarse-saturated,SaturatedMixture,coarse-saturated,SaturatedMixture,False,False
cooling-pulse,5620,profile-temporal-stratification,False,True,0.19971488031390378,2.1426378759553355,19971.488031390374,coarse-saturated,SaturatedMixture,coarse-superheated,SuperheatedVapor,True,False
cooling-pulse,5634,profile-temporal-stratification,False,True,0.19979761515289493,16.640405510059129,19979.76151528949,coarse-saturated,SaturatedMixture,coarse-saturated,SaturatedMixture,False,False
cooling-pulse,5658,profile-temporal-stratification,False,True,0.19968451037190268,0.26021016083941184,19968.451037190265,coarse-saturated,SaturatedMixture,coarse-superheated,SuperheatedVapor,True,False
cooling-pulse,5672,profile-temporal-stratification,False,True,0.19977223325572294,15.565090535769253,19977.223325572293,coarse-saturated,SaturatedMixture,coarse-saturated,SaturatedMixture,False,False
cooling-pulse,5685,profile-temporal-stratification,False,True,0.19977125619884997,16.433802537826107,19977.125619884995,coarse-saturated,SaturatedMixture,coarse-saturated,SaturatedMixture,False,False
cooling-pulse,5709,profile-temporal-stratification,False,True,0.19966821519575692,1.6763147451447775,19966.821519575689,coarse-saturated,SaturatedMixture,coarse-superheated,SuperheatedVapor,True,False
cooling-pulse,5722,profile-temporal-stratification,False,True,0.19974750881140207,15.558540530020188,19974.750881140208,coarse-saturated,SaturatedMixture,coarse-saturated,SaturatedMixture,False,False
cooling-pulse,5746,profile-temporal-stratification,False,True,0.19965142234653063,1.9210057415792807,19965.14223465306,coarse-saturated,SaturatedMixture,coarse-superheated,SuperheatedVapor,True,False
cooling-pulse,5758,profile-temporal-stratification,False,True,0.19964316647808916,1.5519461969570862,19964.316647808915,coarse-saturated,SaturatedMixture,coarse-superheated,SuperheatedVapor,True,False
cooling-pulse,5771,profile-temporal-stratification,False,True,0.19972836872456048,16.38825892445491,19972.836872456046,coarse-saturated,SaturatedMixture,coarse-saturated,SaturatedMixture,False,False
cooling-pulse,5782,episode-11-quartile-3,False,True,0.19963016165418204,1.37655467300333,19963.016165418201,coarse-saturated,SaturatedMixture,coarse-superheated,SuperheatedVapor,True,False
cooling-pulse,5794,profile-temporal-stratification,False,True,0.1996253584982072,1.5617248330363207,19962.535849820717,coarse-saturated,SaturatedMixture,coarse-superheated,SuperheatedVapor,True,False
cooling-pulse,5807,profile-temporal-stratification,False,True,0.19971501545420547,17.113781272349865,19971.501545420546,coarse-saturated,SaturatedMixture,coarse-saturated,SaturatedMixture,False,False
cooling-pulse,5819,profile-temporal-stratification,False,True,0.19971279531361918,17.713706659732779,19971.279531361917,coarse-saturated,SaturatedMixture,coarse-saturated,SaturatedMixture,False,False
cooling-pulse,5841,profile-temporal-stratification,False,True,0.19960177216073979,1.5185390237585121,19960.177216073978,coarse-saturated,SaturatedMixture,coarse-superheated,SuperheatedVapor,True,False
cooling-pulse,5853,profile-temporal-stratification,False,True,0.19968214675778334,15.506470253859311,19968.214675778334,coarse-saturated,SaturatedMixture,coarse-saturated,SaturatedMixture,False,False
cooling-pulse,5876,profile-temporal-stratification,False,True,0.19958122872757317,0.42971930280350357,19958.122872757314,boundary-aware-saturated,SaturatedMixture,coarse-superheated,SuperheatedVapor,True,False
cooling-pulse,5890,profile-temporal-stratification,False,True,0.1995834174958829,0.12356084706868842,19958.34174958829,boundary-aware-saturated,SaturatedMixture,coarse-superheated,SuperheatedVapor,True,False
cooling-pulse,5906,profile-temporal-stratification,False,True,0.19969138397247141,16.685944674412053,19969.138397247138,boundary-aware-saturated,SaturatedMixture,coarse-saturated,SaturatedMixture,False,False
cooling-pulse,5932,profile-temporal-stratification,False,True,0.19960095307887668,0.96894045207617907,19960.095307887666,boundary-aware-saturated,SaturatedMixture,coarse-superheated,SuperheatedVapor,True,False
cooling-pulse,5946,profile-temporal-stratification,False,True,0.19969131896789355,14.782332568248069,19969.131896789353,boundary-aware-saturated,SaturatedMixture,boundary-aware-saturated,SaturatedMixture,False,False
cooling-pulse,5960,profile-temporal-stratification,False,True,0.19970651469948711,16.564387232947677,19970.651469948709,boundary-aware-saturated,SaturatedMixture,boundary-aware-saturated,SaturatedMixture,False,False
cooling-pulse,5985,profile-temporal-stratification,False,True,0.19961972121721031,1.460711552406277,19961.972121721028,boundary-aware-saturated,SaturatedMixture,coarse-superheated,SuperheatedVapor,True,False
cooling-pulse,5999,episode-11-last|profile-temporal-stratification,False,True,0.1997163583907037,16.282729918157912,19971.635839070368,boundary-aware-saturated,SaturatedMixture,boundary-aware-saturated,SaturatedMixture,False,False
load-pulse,1,episode-1-first|episode-1-hardest|profile-temporal-stratification,True,False,4.5888584604291001E-08,0.00010860914233035146,0.010860914233035146,boundary-aware-saturated,SaturatedMixture,boundary-aware-saturated,SaturatedMixture,False,False
load-pulse,3,episode-1-last,True,False,5.0888194222729884E-10,1.2147626904379649E-06,0.00012147626904379649,boundary-aware-saturated,SaturatedMixture,boundary-aware-saturated,SaturatedMixture,False,False
load-pulse,196,episode-2-first,True,False,2.5146587566989066E-09,6.6026057652379677E-06,0.00066026057652379677,boundary-aware-saturated,SaturatedMixture,boundary-aware-saturated,SaturatedMixture,False,False
load-pulse,200,episode-2-hardest|episode-2-last,True,False,3.9324806036899065E-09,1.2301332217745653E-05,0.0012301332217745653,boundary-aware-saturated,SaturatedMixture,boundary-aware-saturated,SaturatedMixture,False,False
load-pulse,352,episode-3-first,True,False,2.6850408479629328E-10,2.9318327126048871E-06,0.00029318327126048871,boundary-aware-saturated,SaturatedMixture,boundary-aware-saturated,SaturatedMixture,False,False
load-pulse,360,action-501-before|episode-3-hardest|episode-3-last,True,False,4.6613617379700965E-10,8.2849247657890146E-06,0.00082849247657890146,coarse-saturated,SaturatedMixture,coarse-saturated,SaturatedMixture,False,False
load-pulse,525,action-501-after|episode-4-first,True,False,1.6018741337754735E-10,1.4842807933845847E-06,0.00014842807933845847,coarse-saturated,SaturatedMixture,coarse-saturated,SaturatedMixture,False,False
load-pulse,549,episode-4-hardest,True,False,3.2403750382286062E-10,4.2790475309750775E-05,0.0042790475309750775,coarse-saturated,SaturatedMixture,coarse-saturated,SaturatedMixture,False,False
load-pulse,555,profile-temporal-stratification,True,False,7.8667575874804322E-11,1.6783128294228788E-05,0.0016783128294228788,coarse-saturated,SaturatedMixture,coarse-saturated,SaturatedMixture,False,False
load-pulse,609,profile-temporal-stratification,True,False,3.648963774123448E-10,3.3602377196295663E-05,0.0033602377196295663,coarse-saturated,SaturatedMixture,coarse-saturated,SaturatedMixture,False,False
load-pulse,667,profile-temporal-stratification,True,False,3.3886059690003689E-10,0.00012309850383385168,0.012309850383385168,coarse-saturated,SaturatedMixture,coarse-saturated,SaturatedMixture,False,False
load-pulse,720,profile-temporal-stratification,True,False,3.2377334813713776E-10,7.9194866999365843E-05,0.0079194866999365843,boundary-aware-saturated,SaturatedMixture,boundary-aware-saturated,SaturatedMixture,False,False
load-pulse,769,profile-temporal-stratification,True,False,6.4787614354696805E-10,0.00016181625061362226,0.016181625061362226,boundary-aware-saturated,SaturatedMixture,boundary-aware-saturated,SaturatedMixture,False,False
load-pulse,817,profile-temporal-stratification,True,False,3.6409695895790987E-10,3.7108116220707643E-05,0.0037108116220707643,coarse-saturated,SaturatedMixture,coarse-saturated,SaturatedMixture,False,False
load-pulse,847,episode-4-quartile-1,True,False,3.2394427338703238E-10,5.1586092026933983E-05,0.0051586092026933983,coarse-saturated,SaturatedMixture,coarse-saturated,SaturatedMixture,False,False
load-pulse,874,profile-temporal-stratification,True,False,6.4790852910930593E-10,0.00012433098859698788,0.012433098859698788,coarse-saturated,SaturatedMixture,coarse-saturated,SaturatedMixture,False,False
load-pulse,931,profile-temporal-stratification,True,False,3.2398325583039935E-10,5.0567102323650914E-05,0.0050567102323650914,coarse-saturated,SaturatedMixture,coarse-saturated,SaturatedMixture,False,False
load-pulse,989,profile-temporal-stratification,True,False,3.2400926169171837E-10,4.6836910550407396E-05,0.0046836910550407396,coarse-saturated,SaturatedMixture,coarse-saturated,SaturatedMixture,False,False
load-pulse,1043,profile-temporal-stratification,True,False,3.240324704908723E-10,3.9146368247866548E-05,0.0039146368247866548,coarse-saturated,SaturatedMixture,coarse-saturated,SaturatedMixture,False,False
load-pulse,1092,profile-temporal-stratification,True,False,8.5653339866439578E-11,5.161916138174405E-05,0.005161916138174405,boundary-aware-saturated,SaturatedMixture,boundary-aware-saturated,SaturatedMixture,False,False
load-pulse,1140,profile-temporal-stratification,True,False,1.2962080412336997E-09,0.00035181492784319701,0.035181492784319701,boundary-aware-saturated,SaturatedMixture,boundary-aware-saturated,SaturatedMixture,False,False
load-pulse,1166,episode-4-quartile-2,True,False,3.630452174645672E-10,0.00011982912486541153,0.011982912486541153,boundary-aware-saturated,SaturatedMixture,boundary-aware-saturated,SaturatedMixture,False,False
load-pulse,1191,profile-temporal-stratification,True,False,3.2405571736111308E-10,6.3943738775051884E-05,0.0063943738775051884,boundary-aware-saturated,SaturatedMixture,boundary-aware-saturated,SaturatedMixture,False,False
load-pulse,1248,profile-temporal-stratification,True,False,1.1663202471500667E-10,7.0460840433383964E-06,0.00070460840433383964,boundary-aware-saturated,SaturatedMixture,boundary-aware-saturated,SaturatedMixture,False,False
load-pulse,1308,profile-temporal-stratification,True,False,1.8855853603852788E-10,2.7622559511719658E-05,0.0027622559511719658,boundary-aware-saturated,SaturatedMixture,boundary-aware-saturated,SaturatedMixture,False,False
load-pulse,1351,profile-temporal-stratification,True,False,4.029902916432402E-06,0.00030974275958062236,0.40299029164324018,boundary-aware-saturated,SaturatedMixture,boundary-aware-saturated,SaturatedMixture,False,False
load-pulse,1402,profile-temporal-stratification,True,False,4.1863309904870704E-09,1.660013241622238E-05,0.001660013241622238,boundary-aware-saturated,SaturatedMixture,boundary-aware-saturated,SaturatedMixture,False,False
load-pulse,1449,profile-temporal-stratification,True,False,2.7601338020017027E-09,0.00010093031043467704,0.010093031043467704,boundary-aware-saturated,SaturatedMixture,boundary-aware-saturated,SaturatedMixture,False,False
load-pulse,1484,episode-4-quartile-3,True,False,1.1241612501250589E-09,8.2373326684148651E-06,0.00082373326684148651,boundary-aware-saturated,SaturatedMixture,boundary-aware-saturated,SaturatedMixture,False,False
load-pulse,1502,profile-temporal-stratification,True,False,1.0144056474171657E-08,1.1208106561078068E-05,0.0011208106561078068,boundary-aware-saturated,SaturatedMixture,boundary-aware-saturated,SaturatedMixture,False,False
load-pulse,1552,profile-temporal-stratification,True,False,3.23911598320768E-10,1.5608757465201961E-05,0.0015608757465201961,boundary-aware-saturated,SaturatedMixture,boundary-aware-saturated,SaturatedMixture,False,False
load-pulse,1614,profile-temporal-stratification,True,False,4.3466388705107323E-09,8.5387610955223181E-06,0.00085387610955223181,boundary-aware-saturated,SaturatedMixture,boundary-aware-saturated,SaturatedMixture,False,False
load-pulse,1679,profile-temporal-stratification,True,False,8.354014716175594E-10,1.8108724115784014E-06,0.00018108724115784014,boundary-aware-saturated,SaturatedMixture,boundary-aware-saturated,SaturatedMixture,False,False
load-pulse,1734,profile-temporal-stratification,True,False,1.6918765405586139E-09,1.1390719198978161E-05,0.0011390719198978161,boundary-aware-saturated,SaturatedMixture,boundary-aware-saturated,SaturatedMixture,False,False
load-pulse,1784,profile-temporal-stratification,True,False,5.9897360864960809E-09,2.2737390509508515E-05,0.0022737390509508515,boundary-aware-saturated,SaturatedMixture,boundary-aware-saturated,SaturatedMixture,False,False
load-pulse,1814,episode-4-last,False,True,0.19879045076926882,1.2371390924017369,19879.045076926879,boundary-aware-saturated,SaturatedMixture,coarse-superheated,SuperheatedVapor,True,False
load-pulse,2184,episode-5-first,True,False,5.9712855635426823E-09,5.7089736504423172E-05,0.0057089736504423172,boundary-aware-saturated,SaturatedMixture,boundary-aware-saturated,SaturatedMixture,False,False
load-pulse,2201,profile-temporal-stratification,True,False,8.5493469758262694E-09,1.3609769598854626E-05,0.0013609769598854626,boundary-aware-saturated,SaturatedMixture,boundary-aware-saturated,SaturatedMixture,False,False
load-pulse,2265,profile-temporal-stratification,True,False,1.3497619997488102E-09,2.9832048530131772E-05,0.0029832048530131772,boundary-aware-saturated,SaturatedMixture,boundary-aware-saturated,SaturatedMixture,False,False
load-pulse,2337,profile-temporal-stratification,True,False,6.4779034292782828E-10,6.5325743596744701E-06,0.00065325743596744701,boundary-aware-saturated,SaturatedMixture,boundary-aware-saturated,SaturatedMixture,False,False
load-pulse,2414,profile-temporal-stratification,True,False,8.4130356961896922E-09,1.0522825673486835E-05,0.0010522825673486835,boundary-aware-saturated,SaturatedMixture,boundary-aware-saturated,SaturatedMixture,False,False
load-pulse,2486,profile-temporal-stratification,True,False,1.0690281512870688E-09,1.0852147461548611E-05,0.0010852147461548611,boundary-aware-saturated,SaturatedMixture,boundary-aware-saturated,SaturatedMixture,False,False
load-pulse,2548,profile-temporal-stratification,True,False,5.7663118802012876E-09,3.4573845528740321E-06,0.00057663118802012874,boundary-aware-saturated,SaturatedMixture,boundary-aware-saturated,SaturatedMixture,False,False
load-pulse,2604,profile-temporal-stratification,True,False,1.0680526555377589E-08,2.7235883237608505E-06,0.0010680526555377587,boundary-aware-saturated,SaturatedMixture,boundary-aware-saturated,SaturatedMixture,False,False
load-pulse,2658,profile-temporal-stratification,True,False,5.4735317162849243E-09,2.7019644520898112E-05,0.0027019644520898112,boundary-aware-saturated,SaturatedMixture,boundary-aware-saturated,SaturatedMixture,False,False
load-pulse,2709,profile-temporal-stratification,True,False,1.3001962003793888E-08,1.5823412205406839E-05,0.0015823412205406839,boundary-aware-saturated,SaturatedMixture,boundary-aware-saturated,SaturatedMixture,False,False
load-pulse,2749,episode-5-quartile-1,True,False,6.4533137897576022E-09,3.2478280226122536E-05,0.0032478280226122536,boundary-aware-saturated,SaturatedMixture,boundary-aware-saturated,SaturatedMixture,False,False
load-pulse,2764,profile-temporal-stratification,True,False,4.0226842088418578E-09,2.0957400139742788E-05,0.0020957400139742788,boundary-aware-saturated,SaturatedMixture,boundary-aware-saturated,SaturatedMixture,False,False
load-pulse,2810,profile-temporal-stratification,True,False,9.4515409632033834E-09,3.5539267985384981E-05,0.0035539267985384981,boundary-aware-saturated,SaturatedMixture,boundary-aware-saturated,SaturatedMixture,False,False
load-pulse,2864,profile-temporal-stratification,True,False,1.5308668424443614E-09,1.1315720455762346E-05,0.0011315720455762346,boundary-aware-saturated,SaturatedMixture,boundary-aware-saturated,SaturatedMixture,False,False
load-pulse,2916,profile-temporal-stratification,True,False,7.6600370889935272E-09,2.6332428860964541E-05,0.0026332428860964541,boundary-aware-saturated,SaturatedMixture,boundary-aware-saturated,SaturatedMixture,False,False
load-pulse,2961,profile-temporal-stratification,True,False,7.4002991111450762E-09,2.1652881776468291E-05,0.0021652881776468291,boundary-aware-saturated,SaturatedMixture,boundary-aware-saturated,SaturatedMixture,False,False
load-pulse,3007,profile-temporal-stratification,True,False,1.8522477442298771E-09,6.3237784786451812E-06,0.00063237784786451812,boundary-aware-saturated,SaturatedMixture,boundary-aware-saturated,SaturatedMixture,False,False
load-pulse,3046,profile-temporal-stratification,True,False,6.7923824448184728E-09,6.2988498354954459E-06,0.00067923824448184718,boundary-aware-saturated,SaturatedMixture,boundary-aware-saturated,SaturatedMixture,False,False
load-pulse,3062,episode-5-hardest,True,False,3.9757764181253362E-07,0.000249129069049836,0.039757764181253361,boundary-aware-saturated,SaturatedMixture,boundary-aware-saturated,SaturatedMixture,False,False
load-pulse,3076,profile-temporal-stratification,True,False,1.6817592007223413E-07,0.00045110016031468803,0.045110016031468803,boundary-aware-saturated,SaturatedMixture,boundary-aware-saturated,SaturatedMixture,False,False
load-pulse,3102,profile-temporal-stratification,True,False,1.0864169885775422E-08,7.6574422874564618E-05,0.0076574422874564618,boundary-aware-saturated,SaturatedMixture,boundary-aware-saturated,SaturatedMixture,False,False
load-pulse,3125,episode-5-quartile-2|profile-temporal-stratification,True,False,2.3705531378615863E-08,4.0944298675960056E-05,0.0040944298675960056,boundary-aware-saturated,SaturatedMixture,boundary-aware-saturated,SaturatedMixture,False,False
load-pulse,3149,profile-temporal-stratification,True,False,6.8511108626802571E-09,3.4910498338369678E-05,0.0034910498338369678,boundary-aware-saturated,SaturatedMixture,boundary-aware-saturated,SaturatedMixture,False,False
load-pulse,3176,profile-temporal-stratification,True,False,2.5813391495247019E-09,5.310054127427577E-05,0.005310054127427577,boundary-aware-saturated,SaturatedMixture,boundary-aware-saturated,SaturatedMixture,False,False
load-pulse,3200,profile-temporal-stratification,False,True,0.19898041645671855,4.9047801596319278,19898.041645671852,boundary-aware-saturated,SaturatedMixture,boundary-aware-saturated,SaturatedMixture,False,False
load-pulse,3220,profile-temporal-stratification,False,True,0.19898746688972405,5.5454781162380478,19898.746688972402,boundary-aware-saturated,SaturatedMixture,boundary-aware-saturated,SaturatedMixture,False,False
load-pulse,3240,profile-temporal-stratification,True,False,3.6529492336902227E-07,0.0016065523338468779,0.16065523338468779,boundary-aware-saturated,SaturatedMixture,boundary-aware-saturated,SaturatedMixture,False,False
load-pulse,3265,profile-temporal-stratification,True,False,8.8030244406825961E-09,0.00012229952506004338,0.012229952506004338,boundary-aware-saturated,SaturatedMixture,boundary-aware-saturated,SaturatedMixture,False,False
load-pulse,3286,profile-temporal-stratification,True,False,3.0571162561599184E-08,0.00014973383926175643,0.014973383926175643,boundary-aware-saturated,SaturatedMixture,boundary-aware-saturated,SaturatedMixture,False,False
load-pulse,3307,profile-temporal-stratification,True,False,4.2082911769051071E-09,5.1090905567541256E-05,0.0051090905567541256,boundary-aware-saturated,SaturatedMixture,boundary-aware-saturated,SaturatedMixture,False,False
load-pulse,3332,profile-temporal-stratification,True,False,1.9324414331667249E-08,0.00035367625232129996,0.035367625232129996,boundary-aware-saturated,SaturatedMixture,boundary-aware-saturated,SaturatedMixture,False,False
load-pulse,3334,episode-5-quartile-3,True,False,1.8882607670535617E-09,5.9906842357904111E-05,0.0059906842357904111,boundary-aware-saturated,SaturatedMixture,boundary-aware-saturated,SaturatedMixture,False,False
load-pulse,3355,profile-temporal-stratification,True,False,5.3757431871231542E-09,0.00018798290967581011,0.018798290967581011,coarse-saturated,SaturatedMixture,coarse-saturated,SaturatedMixture,False,False
load-pulse,3379,profile-temporal-stratification,True,False,2.605492360308673E-08,0.00043637729105672207,0.043637729105672207,coarse-saturated,SaturatedMixture,coarse-saturated,SaturatedMixture,False,False
load-pulse,3404,profile-temporal-stratification,True,False,4.2229054573270274E-09,5.4680048470423515E-05,0.0054680048470423515,coarse-saturated,SaturatedMixture,coarse-saturated,SaturatedMixture,False,False
load-pulse,3425,profile-temporal-stratification,True,False,2.4233170164757799E-09,0.00020969791171143726,0.020969791171143726,coarse-saturated,SaturatedMixture,coarse-saturated,SaturatedMixture,False,False
load-pulse,3448,profile-temporal-stratification,True,False,4.7241698566310812E-09,0.0002060741453906445,0.02060741453906445,coarse-saturated,SaturatedMixture,coarse-saturated,SaturatedMixture,False,False
load-pulse,3471,profile-temporal-stratification,True,False,2.904000648312471E-09,0.00048095471592990435,0.048095471592990435,coarse-saturated,SaturatedMixture,coarse-saturated,SaturatedMixture,False,False
load-pulse,3495,profile-temporal-stratification,True,False,2.4387004046375199E-09,4.9567184134513553E-05,0.0049567184134513553,coarse-saturated,SaturatedMixture,coarse-saturated,SaturatedMixture,False,False
load-pulse,3500,action-3501-before,True,False,9.1304177827496104E-09,0.00011426859250907029,0.011426859250907029,coarse-saturated,SaturatedMixture,coarse-saturated,SaturatedMixture,False,False
load-pulse,3505,action-3501-after,True,False,1.5741800702183568E-09,5.9616614507262966E-05,0.0059616614507262966,coarse-saturated,SaturatedMixture,coarse-saturated,SaturatedMixture,False,False
load-pulse,3519,profile-temporal-stratification,True,False,4.4913649913828898E-09,0.00017195048684870429,0.017195048684870429,coarse-saturated,SaturatedMixture,coarse-saturated,SaturatedMixture,False,False
load-pulse,3605,profile-temporal-stratification,True,False,1.1831733204202861E-08,0.00018434257020860656,0.018434257020860656,coarse-saturated,SaturatedMixture,coarse-saturated,SaturatedMixture,False,False
load-pulse,3630,episode-5-last,True,False,1.7167416667123425E-08,0.00017101841699762588,0.017101841699762588,coarse-saturated,SaturatedMixture,coarse-saturated,SaturatedMixture,False,False
load-pulse,3659,episode-6-first,True,False,1.6275887478770136E-09,1.2765282964011249E-06,0.00016275887478770136,coarse-saturated,SaturatedMixture,coarse-saturated,SaturatedMixture,False,False
load-pulse,3660,episode-6-hardest|episode-6-last,True,False,4.9013201168594296E-09,0.00013217025423983841,0.013217025423983841,coarse-saturated,SaturatedMixture,coarse-saturated,SaturatedMixture,False,False
load-pulse,3694,episode-7-first,True,False,1.4639420330648584E-09,1.0557733425287097E-06,0.00014639420330648582,coarse-saturated,SaturatedMixture,coarse-saturated,SaturatedMixture,False,False
load-pulse,3695,episode-7-hardest|episode-7-last,True,False,8.0717779614775187E-09,0.00012718778404696707,0.012718778404696707,coarse-saturated,SaturatedMixture,coarse-saturated,SaturatedMixture,False,False
load-pulse,3734,episode-8-first,True,False,1.9880421733755703E-09,1.3677892241048539E-06,0.00019880421733755701,coarse-saturated,SaturatedMixture,coarse-saturated,SaturatedMixture,False,False
load-pulse,3735,episode-8-hardest|episode-8-last,True,False,7.9289759583544324E-09,0.00011302664239032367,0.011302664239032367,coarse-saturated,SaturatedMixture,coarse-saturated,SaturatedMixture,False,False
load-pulse,3784,episode-9-first,True,False,2.3330109640796574E-09,7.1361700726413346E-07,0.00023330109640796573,coarse-saturated,SaturatedMixture,coarse-saturated,SaturatedMixture,False,False
load-pulse,3785,episode-9-hardest|episode-9-last,True,False,7.6027506465983879E-09,8.927601409247643E-05,0.008927601409247643,coarse-saturated,SaturatedMixture,coarse-saturated,SaturatedMixture,False,False
load-pulse,3860,episode-10-first,True,False,1.6264341110115112E-09,1.8819080853660353E-06,0.00018819080853660353,coarse-saturated,SaturatedMixture,coarse-saturated,SaturatedMixture,False,False
load-pulse,3861,episode-10-hardest|episode-10-last,True,False,3.6376621180858023E-09,8.8457267031216702E-05,0.0088457267031216702,coarse-saturated,SaturatedMixture,coarse-saturated,SaturatedMixture,False,False
load-pulse,4267,episode-11-first,True,False,3.2659305484081247E-10,3.5500473476446359E-06,0.00035500473476446359,coarse-saturated,SaturatedMixture,coarse-saturated,SaturatedMixture,False,False
load-pulse,4272,episode-11-quartile-1,True,False,9.7130132378360501E-09,5.3056063823220256E-05,0.0053056063823220256,coarse-saturated,SaturatedMixture,coarse-saturated,SaturatedMixture,False,False
load-pulse,4273,episode-11-hardest|profile-temporal-stratification,True,False,5.3916221635690996E-09,2.5839329639509856E-05,0.0025839329639509856,coarse-saturated,SaturatedMixture,coarse-saturated,SaturatedMixture,False,False
load-pulse,4275,episode-11-quartile-2,True,False,9.6489915821348574E-09,3.6002380284116953E-05,0.0036002380284116953,coarse-saturated,SaturatedMixture,coarse-saturated,SaturatedMixture,False,False
load-pulse,4276,episode-11-quartile-3,True,False,2.3136687744761845E-09,4.2043189864671149E-05,0.0042043189864671149,coarse-saturated,SaturatedMixture,coarse-saturated,SaturatedMixture,False,False
load-pulse,4278,episode-11-last,True,False,3.3041277738310552E-09,2.345555138916211E-05,0.002345555138916211,coarse-saturated,SaturatedMixture,coarse-saturated,SaturatedMixture,False,False
load-pulse,5617,episode-12-first,False,True,0.20016184985094596,0.21836183672712828,20016.184985094595,coarse-saturated,SaturatedMixture,coarse-superheated,SuperheatedVapor,True,False
load-pulse,5618,episode-12-hardest|episode-12-last,False,True,0.20023698630813516,12.412764186496767,20023.698630813513,coarse-saturated,SaturatedMixture,coarse-saturated,SaturatedMixture,False,False
load-pulse,5674,episode-13-first,False,True,0.20014576276987531,0.019900738826299502,20014.576276987529,coarse-saturated,SaturatedMixture,coarse-superheated,SuperheatedVapor,True,False
load-pulse,5675,episode-13-hardest|episode-13-last,False,True,0.20022090094599157,12.215519460031107,20022.090094599156,coarse-saturated,SaturatedMixture,coarse-saturated,SaturatedMixture,False,False
load-pulse,5733,episode-14-first,False,True,0.20013084313143309,0.096148333934236163,20013.084313143307,coarse-saturated,SaturatedMixture,coarse-superheated,SuperheatedVapor,True,False
load-pulse,5734,episode-14-hardest|episode-14-last,False,True,0.20020596962852308,12.290330493876727,20020.596962852305,coarse-saturated,SaturatedMixture,coarse-saturated,SaturatedMixture,False,False
load-pulse,5794,episode-15-first,False,True,0.20011777426146199,0.5593262688054832,20011.777426146196,coarse-saturated,SaturatedMixture,coarse-superheated,SuperheatedVapor,True,False
load-pulse,5795,episode-15-hardest|episode-15-last,False,True,0.20019287105195566,12.74876828263956,20019.287105195563,coarse-saturated,SaturatedMixture,coarse-saturated,SaturatedMixture,False,False
load-pulse,5857,episode-16-first,False,True,0.20010135025877207,0.5686552205035067,20010.135025877207,coarse-saturated,SaturatedMixture,coarse-superheated,SuperheatedVapor,True,False
load-pulse,5858,episode-16-hardest|episode-16-last,False,True,0.20017639169630777,12.747736510866833,20017.639169630776,coarse-saturated,SaturatedMixture,coarse-saturated,SaturatedMixture,False,False
load-pulse,5925,episode-17-first,False,True,0.20008211219773023,0.32290877911767879,20008.21121977302,coarse-saturated,SaturatedMixture,coarse-superheated,SuperheatedVapor,True,False
load-pulse,5926,episode-17-hardest|episode-17-last|profile-temporal-stratification,False,True,0.20015717043788978,12.507278205021819,20015.717043788976,coarse-saturated,SaturatedMixture,coarse-saturated,SaturatedMixture,False,False
steady-long,1,episode-1-first|episode-1-hardest|h16-control|profile-temporal-stratification,True,False,4.5888584604291001E-08,0.00010860914233035146,0.010860914233035146,boundary-aware-saturated,SaturatedMixture,boundary-aware-saturated,SaturatedMixture,False,False
steady-long,2,h16-control,True,False,2.915081947748892E-07,0.00033136647572007405,0.033136647572007405,boundary-aware-saturated,SaturatedMixture,boundary-aware-saturated,SaturatedMixture,False,False
steady-long,3,episode-1-last|h16-control,True,False,5.0888194222729884E-10,1.2147626904379649E-06,0.00012147626904379649,boundary-aware-saturated,SaturatedMixture,boundary-aware-saturated,SaturatedMixture,False,False
steady-long,196,episode-2-first|h16-control,True,False,2.5146587566989066E-09,6.6026057652379677E-06,0.00066026057652379677,boundary-aware-saturated,SaturatedMixture,boundary-aware-saturated,SaturatedMixture,False,False
steady-long,200,episode-2-hardest|episode-2-last|h16-control,True,False,3.9324806036899065E-09,1.2301332217745653E-05,0.0012301332217745653,boundary-aware-saturated,SaturatedMixture,boundary-aware-saturated,SaturatedMixture,False,False
steady-long,352,episode-3-first|h16-control,True,False,2.6850408479629328E-10,2.9318327126048871E-06,0.00029318327126048871,boundary-aware-saturated,SaturatedMixture,boundary-aware-saturated,SaturatedMixture,False,False
steady-long,360,episode-3-hardest|episode-3-last|h16-control,True,False,4.6613617379700965E-10,8.2849247657890146E-06,0.00082849247657890146,coarse-saturated,SaturatedMixture,coarse-saturated,SaturatedMixture,False,False
steady-long,721,episode-4-first|h16-control,True,False,9.1262068497146322E-11,9.0258787821539954E-07,9.0258787821539954E-05,coarse-saturated,SaturatedMixture,coarse-saturated,SaturatedMixture,False,False
steady-long,723,episode-4-hardest|episode-4-last|h16-control,True,False,2.631288056199758E-10,8.7403554971388076E-07,8.7403554971388076E-05,coarse-saturated,SaturatedMixture,coarse-saturated,SaturatedMixture,False,False
steady-long,1475,episode-5-first|episode-5-hardest|h16-control,True,False,7.599882704279018E-10,3.5284053012674121E-08,7.5998827042790169E-05,boundary-aware-saturated,SaturatedMixture,boundary-aware-saturated,SaturatedMixture,False,False
steady-long,1476,episode-5-quartile-1|h16-control,True,False,5.1437919114583295E-09,1.3849961355560936E-07,0.00051437919114583292,boundary-aware-saturated,SaturatedMixture,boundary-aware-saturated,SaturatedMixture,False,False
steady-long,1477,h16-control,True,False,9.8271775938886999E-09,2.1907517755437311E-07,0.00098271775938886985,boundary-aware-saturated,SaturatedMixture,boundary-aware-saturated,SaturatedMixture,False,False
steady-long,1478,episode-5-quartile-2|h16-control,True,False,6.6645361017240402E-06,0.00033006729793072509,0.66645361017240401,boundary-aware-saturated,SaturatedMixture,boundary-aware-saturated,SaturatedMixture,False,False
steady-long,1479,episode-5-quartile-3|h16-control|profile-temporal-stratification,True,False,2.5831117308615544E-06,0.00017259258925861332,0.25831117308615542,boundary-aware-saturated,SaturatedMixture,boundary-aware-saturated,SaturatedMixture,False,False
steady-long,1480,episode-5-last|h16-control,True,False,1.0853926309347627E-06,9.550623974163841E-05,0.10853926309347625,boundary-aware-saturated,SaturatedMixture,boundary-aware-saturated,SaturatedMixture,False,False
steady-long,2335,episode-6-first|episode-6-hardest,True,False,6.0469803544480037E-10,6.1223710545732501E-08,6.0469803544480032E-05,coarse-saturated,SaturatedMixture,coarse-saturated,SaturatedMixture,False,False
steady-long,2337,episode-6-quartile-1,True,False,2.9862346773249458E-06,4.4649765339244141E-05,0.29862346773249454,coarse-saturated,SaturatedMixture,coarse-saturated,SaturatedMixture,False,False
steady-long,2340,episode-6-quartile-2,True,False,2.7116978907556681E-07,5.954492939608258E-06,0.027116978907556679,coarse-saturated,SaturatedMixture,coarse-saturated,SaturatedMixture,False,False
steady-long,2342,episode-6-quartile-3,True,False,8.4198298270179164E-08,2.183121228682694E-06,0.0084198298270179162,coarse-saturated,SaturatedMixture,coarse-saturated,SaturatedMixture,False,False
steady-long,2344,episode-6-last,True,False,3.5308908777456939E-08,9.257128189332775E-06,0.0035308908777456935,coarse-saturated,SaturatedMixture,coarse-saturated,SaturatedMixture,False,False
steady-long,4838,episode-7-first,False,True,0.20005325204569441,0.53272723394882071,20005.325204569439,coarse-saturated,SaturatedMixture,coarse-superheated,SuperheatedVapor,True,False
steady-long,4839,episode-7-hardest|episode-7-last,False,True,0.20013481579096973,13.801514324567089,20013.48157909697,coarse-saturated,SaturatedMixture,coarse-saturated,SaturatedMixture,False,False
steady-long,4870,episode-8-first|profile-temporal-stratification,False,True,0.20004162775715012,0.65997997135627884,20004.162775715009,coarse-saturated,SaturatedMixture,coarse-superheated,SuperheatedVapor,True,False
steady-long,4871,episode-8-hardest|episode-8-last,False,True,0.20012448911795186,14.139906449723922,20012.448911795185,coarse-saturated,SaturatedMixture,coarse-saturated,SaturatedMixture,False,False
steady-long,4900,episode-9-first,False,True,0.20002980420217459,0.64857395247166139,20002.980420217456,coarse-saturated,SaturatedMixture,coarse-superheated,SuperheatedVapor,True,False
steady-long,4901,episode-9-hardest|episode-9-last,False,True,0.20011381013987001,14.314936921112576,20011.381013987,coarse-saturated,SaturatedMixture,coarse-saturated,SaturatedMixture,False,False
steady-long,4928,episode-10-first,False,True,0.20001624735157156,0.25026576416171231,20001.624735157155,coarse-saturated,SaturatedMixture,coarse-superheated,SuperheatedVapor,True,False
steady-long,4929,episode-10-hardest|episode-10-last,False,True,0.20010110811405757,14.054751505373897,20010.110811405757,coarse-saturated,SaturatedMixture,coarse-saturated,SaturatedMixture,False,False
steady-long,4955,episode-11-first,False,True,0.20000578562806803,0.30017120391028662,20000.578562806801,coarse-saturated,SaturatedMixture,coarse-superheated,SuperheatedVapor,True,False
steady-long,5030,profile-temporal-stratification,False,True,0.2000623616603438,14.401582458810935,20006.236166034378,coarse-saturated,SaturatedMixture,coarse-saturated,SaturatedMixture,False,False
steady-long,5163,profile-temporal-stratification,False,True,0.19992272236303774,1.1631879435336572,19992.272236303772,coarse-saturated,SaturatedMixture,coarse-superheated,SuperheatedVapor,True,False
steady-long,5269,profile-temporal-stratification,False,True,0.19996036925641106,14.935295584868939,19996.036925641103,coarse-saturated,SaturatedMixture,coarse-saturated,SaturatedMixture,False,False
steady-long,5382,profile-temporal-stratification,False,True,0.19990727736402519,14.737935177183997,19990.727736402518,coarse-saturated,SaturatedMixture,coarse-saturated,SaturatedMixture,False,False
steady-long,5485,profile-temporal-stratification,False,True,0.19977335023052256,0.91346572317679708,19977.335023052256,coarse-saturated,SaturatedMixture,coarse-superheated,SuperheatedVapor,True,False
steady-long,5569,profile-temporal-stratification,False,True,0.19981816482566397,14.704290375366615,19981.816482566395,coarse-saturated,SaturatedMixture,coarse-saturated,SaturatedMixture,False,False
steady-long,5660,profile-temporal-stratification,False,True,0.19968451037190268,0.26021016083941184,19968.451037190265,coarse-saturated,SaturatedMixture,coarse-superheated,SuperheatedVapor,True,False
steady-long,5748,profile-temporal-stratification,False,True,0.19965142234653063,1.9210057415792807,19965.14223465306,coarse-saturated,SaturatedMixture,coarse-superheated,SuperheatedVapor,True,False
steady-long,5760,episode-11-quartile-1,False,True,0.19964316647808916,1.5519461969570862,19964.316647808915,coarse-saturated,SaturatedMixture,coarse-superheated,SuperheatedVapor,True,False
steady-long,5821,profile-temporal-stratification,False,True,0.19971279531361918,17.713706659732779,19971.279531361917,coarse-saturated,SaturatedMixture,coarse-saturated,SaturatedMixture,False,False
steady-long,5907,profile-temporal-stratification,False,True,0.19960001890267498,2.0948446112884724,19960.001890267496,boundary-aware-saturated,SaturatedMixture,coarse-superheated,SuperheatedVapor,True,False
steady-long,6000,profile-temporal-stratification,False,True,0.1996238157165601,1.4958017108984425,19962.381571656009,boundary-aware-saturated,SaturatedMixture,coarse-superheated,SuperheatedVapor,True,False
steady-long,6074,profile-temporal-stratification,False,True,0.19973275469867302,15.333023126805712,19973.275469867302,boundary-aware-saturated,SaturatedMixture,boundary-aware-saturated,SaturatedMixture,False,False
steady-long,6152,profile-temporal-stratification,False,True,0.19966240773959765,0.094586207486425877,19966.240773959762,boundary-aware-saturated,SaturatedMixture,coarse-superheated,SuperheatedVapor,True,False
steady-long,6221,profile-temporal-stratification,False,True,0.1997762589094115,14.853856136542777,19977.625890941148,boundary-aware-saturated,SaturatedMixture,boundary-aware-saturated,SaturatedMixture,False,False
steady-long,6302,profile-temporal-stratification,False,True,0.19981362018795054,16.754566383264567,19981.362018795051,boundary-aware-saturated,SaturatedMixture,boundary-aware-saturated,SaturatedMixture,False,False
steady-long,6371,episode-11-quartile-2,False,True,0.19974768715305,2.6822437966601189,19974.768715304999,boundary-aware-saturated,SaturatedMixture,coarse-superheated,SuperheatedVapor,True,False
steady-long,6382,profile-temporal-stratification,False,True,0.19974040071983032,0.94438853131328671,19974.040071983029,boundary-aware-saturated,SaturatedMixture,coarse-superheated,SuperheatedVapor,True,False
steady-long,6453,profile-temporal-stratification,False,True,0.19986376050184534,17.147194269155996,19986.376050184532,boundary-aware-saturated,SaturatedMixture,boundary-aware-saturated,SaturatedMixture,False,False
steady-long,6532,profile-temporal-stratification,False,True,0.1997975686310953,2.4693823895600815,19979.756863109527,boundary-aware-saturated,SaturatedMixture,coarse-superheated,SuperheatedVapor,True,False
steady-long,6611,profile-temporal-stratification,False,True,0.19982125803895853,2.2094963983808746,19982.125803895851,boundary-aware-saturated,SaturatedMixture,coarse-superheated,SuperheatedVapor,True,False
steady-long,6679,profile-temporal-stratification,False,True,0.19993236453534347,16.569874502334748,19993.236453534344,boundary-aware-saturated,SaturatedMixture,boundary-aware-saturated,SaturatedMixture,False,False
steady-long,6755,profile-temporal-stratification,False,True,0.19985663176954785,0.50061148832194746,19985.663176954782,boundary-aware-saturated,SaturatedMixture,coarse-superheated,SuperheatedVapor,True,False
steady-long,6818,profile-temporal-stratification,False,True,0.19998679165345565,18.17068858974271,19998.679165345562,boundary-aware-saturated,SaturatedMixture,boundary-aware-saturated,SaturatedMixture,False,False
steady-long,6885,profile-temporal-stratification,False,True,0.20000847555761256,18.106307808162764,20000.847555761255,boundary-aware-saturated,SaturatedMixture,boundary-aware-saturated,SaturatedMixture,False,False
steady-long,6913,episode-11-quartile-3,False,True,0.20001593004210225,17.811153440807921,20001.593004210223,boundary-aware-saturated,SaturatedMixture,boundary-aware-saturated,SaturatedMixture,False,False
steady-long,6949,profile-temporal-stratification,False,True,0.19992516056756782,1.2657866698547799,19992.51605675678,boundary-aware-saturated,SaturatedMixture,coarse-superheated,SuperheatedVapor,True,False
steady-long,7006,profile-temporal-stratification,False,True,0.20005129452911702,18.521920054447012,20005.1294529117,boundary-aware-saturated,SaturatedMixture,boundary-aware-saturated,SaturatedMixture,False,False
steady-long,7070,profile-temporal-stratification,False,True,0.20005999787321127,16.464371085907835,20005.999787321125,boundary-aware-saturated,SaturatedMixture,boundary-aware-saturated,SaturatedMixture,False,False
steady-long,7134,profile-temporal-stratification,False,True,0.19998473068630326,0.8929693039299238,19998.473068630326,boundary-aware-saturated,SaturatedMixture,coarse-superheated,SuperheatedVapor,True,False
steady-long,7191,profile-temporal-stratification,False,True,0.20011285993433342,24.513089614845267,20011.285993433339,coarse-superheated,SuperheatedVapor,boundary-aware-saturated,SaturatedMixture,True,True
steady-long,7253,profile-temporal-stratification,False,True,0.20002426859318381,0.81198841264563626,20002.426859318381,boundary-aware-saturated,SaturatedMixture,coarse-superheated,SuperheatedVapor,True,False
steady-long,7315,profile-temporal-stratification,False,True,0.20005730940971655,2.7463344495125739,20005.730940971654,boundary-aware-saturated,SaturatedMixture,coarse-superheated,SuperheatedVapor,True,False
steady-long,7358,episode-11-hardest,True,False,7.2429264637122804E-10,0.00012993863819943385,0.012993863819943385,coarse-saturated,SaturatedMixture,boundary-aware-saturated,SaturatedMixture,False,False
steady-long,7366,profile-temporal-stratification,True,False,3.5553470272753079E-09,0.00057257078531236516,0.057257078531236516,coarse-saturated,SaturatedMixture,boundary-aware-saturated,SaturatedMixture,False,False
steady-long,7374,episode-11-last,True,False,8.8876189485758049E-10,9.1014865262195599E-05,0.0091014865262195599,coarse-saturated,SaturatedMixture,boundary-aware-saturated,SaturatedMixture,False,False
steady-long,7690,episode-12-first,False,True,0.20183285978893986,0.54123837805042285,20183.285978893986,boundary-aware-saturated,SaturatedMixture,coarse-superheated,SuperheatedVapor,True,False
steady-long,7754,profile-temporal-stratification,False,True,0.20185291931792171,0.31899215345100629,20185.29193179217,boundary-aware-saturated,SaturatedMixture,coarse-superheated,SuperheatedVapor,True,False
steady-long,7834,profile-temporal-stratification,False,True,0.20197041042767419,15.08561778805398,20197.041042767418,boundary-aware-saturated,SaturatedMixture,boundary-aware-saturated,SaturatedMixture,False,False
steady-long,7926,profile-temporal-stratification,False,True,0.20200203844121675,15.234836703148428,20200.203844121672,boundary-aware-saturated,SaturatedMixture,boundary-aware-saturated,SaturatedMixture,False,False
steady-long,8015,profile-temporal-stratification,False,True,0.20195167536791994,2.151158442836822,20195.167536791992,boundary-aware-saturated,SaturatedMixture,coarse-superheated,SuperheatedVapor,True,False
steady-long,8066,episode-12-quartile-1,False,True,0.20205328180593807,15.839325035459792,20205.328180593806,boundary-aware-saturated,SaturatedMixture,boundary-aware-saturated,SaturatedMixture,False,False
steady-long,8091,profile-temporal-stratification,False,True,0.20205898735410513,15.374426659304373,20205.898735410512,boundary-aware-saturated,SaturatedMixture,boundary-aware-saturated,SaturatedMixture,False,False
steady-long,8179,profile-temporal-stratification,False,True,0.20209220049257276,15.869768712840484,20209.220049257274,boundary-aware-saturated,SaturatedMixture,boundary-aware-saturated,SaturatedMixture,False,False
steady-long,8266,profile-temporal-stratification,False,True,0.20203636878881681,1.9057374661373192,20203.63687888168,boundary-aware-saturated,SaturatedMixture,coarse-superheated,SuperheatedVapor,True,False
steady-long,8342,profile-temporal-stratification,False,True,0.20214929486465022,16.008810369162404,20214.929486465022,boundary-aware-saturated,SaturatedMixture,boundary-aware-saturated,SaturatedMixture,False,False
steady-long,8429,profile-temporal-stratification,False,True,0.20209033656703002,1.4982771653663516,20209.033656702999,boundary-aware-saturated,SaturatedMixture,coarse-superheated,SuperheatedVapor,True,False
steady-long,8441,episode-12-quartile-2,True,False,1.5986004801695796E-09,0.00027715416467799514,0.027715416467799514,boundary-aware-saturated,SaturatedMixture,coarse-superheated,SuperheatedVapor,True,False
steady-long,8517,profile-temporal-stratification,False,True,0.20211533311736596,0.58463996097753679,20211.533311736595,boundary-aware-saturated,SaturatedMixture,coarse-superheated,SuperheatedVapor,True,False
steady-long,8594,profile-temporal-stratification,False,True,0.20222837027840576,14.637851574568129,20222.837027840575,boundary-aware-saturated,SaturatedMixture,boundary-aware-saturated,SaturatedMixture,False,False
steady-long,8683,profile-temporal-stratification,False,True,0.20217587718501426,1.0421476020364988,20217.587718501425,boundary-aware-saturated,SaturatedMixture,coarse-superheated,SuperheatedVapor,True,False
steady-long,8761,profile-temporal-stratification,False,True,0.20228626719587864,14.607457575525643,20228.626719587861,boundary-aware-saturated,SaturatedMixture,boundary-aware-saturated,SaturatedMixture,False,False
steady-long,8812,episode-12-quartile-3,False,True,0.20221464519869642,0.032936568908972674,20221.464519869642,boundary-aware-saturated,SaturatedMixture,coarse-superheated,SuperheatedVapor,True,False
steady-long,8853,profile-temporal-stratification,False,True,0.2023310978563444,16.708990525338628,20233.109785634439,boundary-aware-saturated,SaturatedMixture,boundary-aware-saturated,SaturatedMixture,False,False
steady-long,8944,profile-temporal-stratification,False,True,0.20226960074678341,1.5081287401738539,20226.96007467834,boundary-aware-saturated,SaturatedMixture,coarse-superheated,SuperheatedVapor,True,False
steady-long,9025,profile-temporal-stratification,False,True,0.20238618316880402,15.936950859963927,20238.618316880402,boundary-aware-saturated,SaturatedMixture,boundary-aware-saturated,SaturatedMixture,False,False
steady-long,9118,profile-temporal-stratification,False,True,0.20232297548942366,0.33333816651469483,20232.297548942362,boundary-aware-saturated,SaturatedMixture,coarse-superheated,SuperheatedVapor,True,False
steady-long,9174,episode-12-hardest,False,True,0.20243631364322287,15.666450629503649,20243.631364322286,boundary-aware-saturated,SaturatedMixture,boundary-aware-saturated,SaturatedMixture,False,False
steady-long,9201,episode-12-last,True,False,3.2023916295013091E-09,0.00050721753182259022,0.050721753182259022,coarse-saturated,SaturatedMixture,boundary-aware-saturated,SaturatedMixture,False,False
steady-long,9885,episode-13-first|profile-temporal-stratification,False,True,0.20382902585434978,0.52590829346461199,20382.902585434975,coarse-saturated,SaturatedMixture,coarse-superheated,SuperheatedVapor,True,False
steady-long,9886,episode-13-hardest|episode-13-last,False,True,0.20391253265600345,14.499432053437159,20391.253265600342,coarse-saturated,SaturatedMixture,coarse-saturated,SaturatedMixture,False,False
steady-long,9916,episode-14-first,False,True,0.20381222136763258,0.22490912939695917,20381.222136763256,coarse-saturated,SaturatedMixture,coarse-superheated,SuperheatedVapor,True,False
steady-long,9917,episode-14-hardest|episode-14-last,False,True,0.20389587075067148,14.220973170810677,20389.587075067146,coarse-saturated,SaturatedMixture,coarse-saturated,SaturatedMixture,False,False
steady-long,9947,episode-15-first,False,True,0.20379717648105597,0.21893752566306723,20379.717648105594,coarse-saturated,SaturatedMixture,coarse-superheated,SuperheatedVapor,True,False
steady-long,9948,episode-15-hardest|episode-15-last,False,True,0.20388104637924739,14.253543596733426,20388.104637924738,coarse-saturated,SaturatedMixture,coarse-saturated,SaturatedMixture,False,False
steady-long,9978,episode-16-first,False,True,0.20378389197141486,0.50799759815796008,20378.389197141485,coarse-saturated,SaturatedMixture,coarse-superheated,SuperheatedVapor,True,False
steady-long,9979,episode-16-hardest|episode-16-last,False,True,0.20386793116221594,14.570088200872199,20386.793116221594,coarse-saturated,SaturatedMixture,coarse-saturated,SaturatedMixture,False,False
steady-long,10008,episode-17-first,False,True,0.20376701997091268,0.13276238785701189,20376.701997091266,coarse-saturated,SaturatedMixture,coarse-superheated,SuperheatedVapor,True,False
steady-long,10009,episode-17-hardest|episode-17-last,False,True,0.2038512181404627,14.220964399294482,20385.12181404627,coarse-saturated,SaturatedMixture,coarse-saturated,SaturatedMixture,False,False
steady-long,10038,episode-18-first,False,True,0.20375212701648079,0.088911981909578941,20375.212701648077,coarse-saturated,SaturatedMixture,coarse-superheated,SuperheatedVapor,True,False
steady-long,10039,episode-18-hardest|episode-18-last,False,True,0.20383644539258969,14.196389572924318,20383.644539258967,coarse-saturated,SaturatedMixture,coarse-saturated,SaturatedMixture,False,False
steady-long,10068,episode-19-first,False,True,0.20373918529358617,0.37165042853650831,20373.918529358616,coarse-saturated,SaturatedMixture,coarse-superheated,SuperheatedVapor,True,False
steady-long,10069,episode-19-hardest|episode-19-last|profile-temporal-stratification,False,True,0.20382359690387108,14.494389410967983,20382.359690387108,coarse-saturated,SaturatedMixture,coarse-saturated,SaturatedMixture,False,False
steady-long,10098,episode-20-first,False,True,0.20372814378633344,0.97288316563453314,20372.814378633342,coarse-saturated,SaturatedMixture,coarse-superheated,SuperheatedVapor,True,False
steady-long,10099,episode-20-hardest|episode-20-last,False,True,0.20381264489342504,15.111693658861382,20381.264489342502,coarse-saturated,SaturatedMixture,coarse-saturated,SaturatedMixture,False,False
steady-long,10127,episode-21-first,False,True,0.20371331228067679,0.87582820458159816,20371.331228067676,coarse-saturated,SaturatedMixture,coarse-superheated,SuperheatedVapor,True,False
steady-long,10128,episode-21-hardest|episode-21-last,False,True,0.20379786673785596,15.023562294391018,20379.786673785595,coarse-saturated,SaturatedMixture,coarse-saturated,SaturatedMixture,False,False
steady-long,10155,episode-22-first,False,True,0.203695008042305,0.13335670671501632,20369.500804230498,coarse-saturated,SaturatedMixture,coarse-superheated,SuperheatedVapor,True,False
steady-long,10156,episode-22-hardest|episode-22-last,False,True,0.20377965896480746,14.299374402181325,20377.965896480746,coarse-saturated,SaturatedMixture,coarse-saturated,SaturatedMixture,False,False
steady-long,10184,episode-23-first,False,True,0.20368503182198888,0.84826219187442753,20368.503182198885,coarse-saturated,SaturatedMixture,coarse-superheated,SuperheatedVapor,True,False
steady-long,10185,episode-23-hardest|episode-23-last,False,True,0.20376967279706923,15.01057256469738,20376.967279706922,coarse-saturated,SaturatedMixture,coarse-saturated,SaturatedMixture,False,False
steady-long,10212,episode-24-first,False,True,0.20367068429000992,0.76780619715570531,20367.068429000992,coarse-saturated,SaturatedMixture,coarse-superheated,SuperheatedVapor,True,False
steady-long,10213,episode-24-hardest|episode-24-last,False,True,0.20375536768299976,14.937497778543714,20375.536768299975,coarse-saturated,SaturatedMixture,coarse-saturated,SaturatedMixture,False,False
steady-long,10240,episode-25-first,False,True,0.20365776418416098,0.92666023104840178,20365.776418416095,coarse-saturated,SaturatedMixture,coarse-superheated,SuperheatedVapor,True,False
steady-long,10241,episode-25-hardest|episode-25-last,False,True,0.20374247429785977,15.100088166645916,20374.247429785977,coarse-saturated,SaturatedMixture,coarse-saturated,SaturatedMixture,False,False
steady-long,10267,episode-26-first|profile-temporal-stratification,False,True,0.20364038992746,0.27607465983100354,20364.038992745998,coarse-saturated,SaturatedMixture,coarse-superheated,SuperheatedVapor,True,False
steady-long,10268,episode-26-hardest|episode-26-last,False,True,0.20372515172449582,14.458076856838716,20372.515172449581,coarse-saturated,SaturatedMixture,coarse-saturated,SaturatedMixture,False,False
steady-long,10295,episode-27-first,False,True,0.20363086023501933,1.0025458978839925,20363.086023501932,coarse-saturated,SaturatedMixture,coarse-superheated,SuperheatedVapor,True,False
steady-long,10296,episode-27-hardest|episode-27-last,False,True,0.20371568859418876,15.196982048682253,20371.568859418876,coarse-saturated,SaturatedMixture,coarse-saturated,SaturatedMixture,False,False
steady-long,10322,episode-28-first,False,True,0.20361676777917059,0.90108679474785625,20361.676777917059,coarse-saturated,SaturatedMixture,coarse-superheated,SuperheatedVapor,True,False
steady-long,10323,episode-28-hardest|episode-28-last,False,True,0.20370164445442257,15.103274875521487,20370.164445442257,coarse-saturated,SaturatedMixture,coarse-saturated,SaturatedMixture,False,False
steady-long,10349,episode-29-first,False,True,0.20360432736737402,1.0762000847160884,20360.432736737399,coarse-saturated,SaturatedMixture,coarse-superheated,SuperheatedVapor,True,False
steady-long,10350,episode-29-hardest|episode-29-quartile-1,False,True,0.20368926389575856,15.288407773692853,20368.926389575856,coarse-saturated,SaturatedMixture,coarse-saturated,SaturatedMixture,False,False
steady-long,10376,episode-29-quartile-2,False,True,0.20367225264563288,14.633598648173784,20367.225264563287,coarse-saturated,SaturatedMixture,coarse-saturated,SaturatedMixture,False,False
steady-long,10401,episode-29-quartile-3,False,True,0.20357188552152056,0.03180395480556264,20357.188552152053,coarse-saturated,SaturatedMixture,coarse-superheated,SuperheatedVapor,True,False
steady-long,10402,episode-29-last,False,True,0.20365695703068068,14.26614605881932,20365.695703068068,coarse-saturated,SaturatedMixture,coarse-saturated,SaturatedMixture,False,False
steady-long,10428,episode-30-first,False,True,0.20356448260232032,1.0492859797699481,20356.448260232031,coarse-saturated,SaturatedMixture,coarse-superheated,SuperheatedVapor,True,False
steady-long,10429,episode-30-hardest,False,True,0.20364961062058001,15.293252932168949,20364.961062057999,coarse-saturated,SaturatedMixture,coarse-saturated,SaturatedMixture,False,False
steady-long,10453,profile-temporal-stratification,False,True,0.20354565236654393,0.025656024250531928,20354.565236654391,coarse-saturated,SaturatedMixture,coarse-superheated,SuperheatedVapor,True,False
steady-long,10605,profile-temporal-stratification,False,True,0.20355595854979511,14.57402184541052,20355.59585497951,coarse-saturated,SaturatedMixture,coarse-saturated,SaturatedMixture,False,False
steady-long,10701,episode-30-quartile-1,False,True,0.20342438010976027,0.86040077455248642,20342.438010976024,coarse-saturated,SaturatedMixture,coarse-superheated,SuperheatedVapor,True,False
steady-long,10771,profile-temporal-stratification,False,True,0.20338505275348076,0.32692200384579806,20338.505275348074,coarse-saturated,SaturatedMixture,coarse-superheated,SuperheatedVapor,True,False
steady-long,10909,profile-temporal-stratification,False,True,0.20340605363958933,15.733101488984174,20340.60536395893,coarse-saturated,SaturatedMixture,coarse-saturated,SaturatedMixture,False,False
steady-long,10953,episode-30-quartile-2,False,True,0.20338155977279118,15.485749417827533,20338.155977279115,coarse-saturated,SaturatedMixture,coarse-saturated,SaturatedMixture,False,False
steady-long,11061,profile-temporal-stratification,False,True,0.20332618541839662,15.710036312274221,20332.61854183966,coarse-saturated,SaturatedMixture,coarse-saturated,SaturatedMixture,False,False
steady-long,11186,episode-30-quartile-3,False,True,0.2032603361385599,15.762415668209961,20326.033613855987,coarse-saturated,SaturatedMixture,coarse-saturated,SaturatedMixture,False,False
steady-long,11205,profile-temporal-stratification,False,True,0.20315923597952087,0.63197034804910679,20315.923597952085,coarse-saturated,SaturatedMixture,coarse-superheated,SuperheatedVapor,True,False
steady-long,11326,profile-temporal-stratification,False,True,0.2031854315989059,15.739095880784442,20318.543159890589,coarse-saturated,SaturatedMixture,coarse-saturated,SaturatedMixture,False,False
steady-long,11403,episode-30-last,False,True,0.2031393897694769,14.978550168380346,20313.938976947687,coarse-saturated,SaturatedMixture,coarse-saturated,SaturatedMixture,False,False
steady-long,11430,episode-31-first,False,True,0.20306100408804012,0.8373466912569647,20306.10040880401,boundary-aware-saturated,SaturatedMixture,coarse-superheated,SuperheatedVapor,True,False
steady-long,11431,episode-31-hardest|episode-31-last,False,True,0.20314275946233507,14.221910008397858,20314.275946233505,boundary-aware-saturated,SaturatedMixture,coarse-saturated,SaturatedMixture,False,False
steady-long,11459,episode-32-first,False,True,0.2030692944141638,0.60881791782745154,20306.929441416378,boundary-aware-saturated,SaturatedMixture,coarse-superheated,SuperheatedVapor,True,False
steady-long,11460,episode-32-hardest|episode-32-last,False,True,0.20315087329275197,13.962656840275896,20315.087329275197,boundary-aware-saturated,SaturatedMixture,boundary-aware-saturated,SaturatedMixture,False,False
steady-long,11488,episode-33-first|profile-temporal-stratification,False,True,0.20307640749209577,0.18473482946138908,20307.640749209575,boundary-aware-saturated,SaturatedMixture,coarse-superheated,SuperheatedVapor,True,False
steady-long,11489,episode-33-hardest|episode-33-last,False,True,0.20315788386061392,13.524188214199416,20315.788386061391,boundary-aware-saturated,SaturatedMixture,boundary-aware-saturated,SaturatedMixture,False,False
steady-long,11518,episode-34-first,False,True,0.20308622016499422,0.15557288119022239,20308.622016499419,boundary-aware-saturated,SaturatedMixture,coarse-superheated,SuperheatedVapor,True,False
steady-long,11519,episode-34-hardest|episode-34-last,False,True,0.20316753327891096,13.467881357794488,20316.753327891096,boundary-aware-saturated,SaturatedMixture,boundary-aware-saturated,SaturatedMixture,False,False
steady-long,11549,episode-35-first,False,True,0.20309684574923434,0.21092922195766128,20309.684574923431,boundary-aware-saturated,SaturatedMixture,coarse-superheated,SuperheatedVapor,True,False
steady-long,11550,episode-35-hardest|episode-35-last,False,True,0.2031780407991102,13.506483687556145,20317.804079911017,boundary-aware-saturated,SaturatedMixture,boundary-aware-saturated,SaturatedMixture,False,False
steady-long,11581,episode-36-first,False,True,0.2031073359955422,0.19500032019559299,20310.73359955422,boundary-aware-saturated,SaturatedMixture,coarse-superheated,SuperheatedVapor,True,False
steady-long,11582,episode-36-hardest|episode-36-last,False,True,0.2031883637749794,13.462966338153519,20318.836377497937,boundary-aware-saturated,SaturatedMixture,boundary-aware-saturated,SaturatedMixture,False,False
steady-long,11614,episode-37-first,False,True,0.20311737378093181,0.055301780538819401,20311.737378093178,boundary-aware-saturated,SaturatedMixture,coarse-superheated,SuperheatedVapor,True,False
steady-long,11615,episode-37-hardest|episode-37-last,False,True,0.20319826961847592,13.303531541509518,20319.82696184759,boundary-aware-saturated,SaturatedMixture,boundary-aware-saturated,SaturatedMixture,False,False
steady-long,11649,episode-38-first,False,True,0.20313304552096054,0.74477207003599588,20313.304552096051,boundary-aware-saturated,SaturatedMixture,coarse-superheated,SuperheatedVapor,True,False
steady-long,11650,episode-38-hardest|episode-38-last,False,True,0.2032138134625916,13.975053730322788,20321.381346259157,boundary-aware-saturated,SaturatedMixture,boundary-aware-saturated,SaturatedMixture,False,False
steady-long,11684,episode-39-first,False,True,0.20314337738444993,0.55378656510354318,20314.337738444992,boundary-aware-saturated,SaturatedMixture,coarse-superheated,SuperheatedVapor,True,False
steady-long,11685,episode-39-hardest|episode-39-last,False,True,0.20322397071398221,13.75462982135107,20322.39707139822,boundary-aware-saturated,SaturatedMixture,boundary-aware-saturated,SaturatedMixture,False,False
steady-long,11720,episode-40-first|profile-temporal-stratification,False,True,0.20315433377762393,0.41536045504091135,20315.433377762391,boundary-aware-saturated,SaturatedMixture,coarse-superheated,SuperheatedVapor,True,False
steady-long,11721,episode-40-hardest|episode-40-last,False,True,0.20323481577973082,13.600571225321872,20323.481577973082,boundary-aware-saturated,SaturatedMixture,boundary-aware-saturated,SaturatedMixture,False,False
steady-long,11757,episode-41-first,False,True,0.20316541963320173,0.24783535052982764,20316.541963320171,boundary-aware-saturated,SaturatedMixture,coarse-superheated,SuperheatedVapor,True,False
steady-long,11758,episode-41-hardest|episode-41-last,False,True,0.20324576888722695,13.412538106499341,20324.576888722695,boundary-aware-saturated,SaturatedMixture,boundary-aware-saturated,SaturatedMixture,False,False
steady-long,11796,episode-42-first,False,True,0.20318110063216699,0.73802734443534135,20318.110063216696,boundary-aware-saturated,SaturatedMixture,coarse-superheated,SuperheatedVapor,True,False
steady-long,11797,episode-42-hardest|episode-42-last,False,True,0.20326132312248257,13.883996393938038,20326.132312248257,boundary-aware-saturated,SaturatedMixture,boundary-aware-saturated,SaturatedMixture,False,False
steady-long,11835,episode-43-first,False,True,0.20319063035319046,0.21313190296015172,20319.063035319043,boundary-aware-saturated,SaturatedMixture,coarse-superheated,SuperheatedVapor,True,False
steady-long,11836,episode-43-hardest|episode-43-last,False,True,0.20327068368191659,13.330330997033117,20327.068368191656,boundary-aware-saturated,SaturatedMixture,boundary-aware-saturated,SaturatedMixture,False,False
steady-long,11876,episode-44-first,False,True,0.20320359965512591,0.15514291771341782,20320.359965512591,boundary-aware-saturated,SaturatedMixture,coarse-superheated,SuperheatedVapor,True,False
steady-long,11877,episode-44-hardest|episode-44-last,False,True,0.20328350814841284,13.249954434404149,20328.350814841284,boundary-aware-saturated,SaturatedMixture,boundary-aware-saturated,SaturatedMixture,False,False
steady-long,11919,episode-45-first,False,True,0.20321880963204864,0.36648612985261764,20321.880963204861,boundary-aware-saturated,SaturatedMixture,coarse-superheated,SuperheatedVapor,True,False
steady-long,11920,episode-45-hardest|episode-45-last,False,True,0.2032985948212841,13.444337828636819,20329.85948212841,boundary-aware-saturated,SaturatedMixture,boundary-aware-saturated,SaturatedMixture,False,False
steady-long,11963,episode-46-first,False,True,0.20323083736412614,0.0021191092598105143,20323.083736412613,boundary-aware-saturated,SaturatedMixture,coarse-superheated,SuperheatedVapor,True,False
steady-long,11964,episode-46-hardest|episode-46-last|profile-temporal-stratification,False,True,0.20331048618513423,13.060354369499612,20331.048618513421,boundary-aware-saturated,SaturatedMixture,boundary-aware-saturated,SaturatedMixture,False,False
