mode,logical_step,simulated_seconds,request_mwe,gross_mwe,canonical_shaft_mwe,stage_flow_kg_s,admission_flow_kg_s,header_kpa,control_out_kpa,turbine_inlet_kpa,turbine_inlet_phase,trigger,eligible,corrected_commit
v2-explicit,353,3.5299999999999998,5,4.8189985051019359,0,0,13.550137600025071,6263.2375289395841,3938.3916688099735,3754.9340180171753,SaturatedMixture,False,False,False
v2-explicit,354,3.54,5,4.7645192405697658,0,0,13.544653956185019,6264.5122806992831,3938.5533665189078,3755.2363968836316,SaturatedMixture,False,False,False
v2-explicit,355,3.5499999999999998,5,4.7097747643404082,0,0,13.539459724644708,6265.7838411719576,3938.7228229556804,3755.5386627089379,SaturatedMixture,False,False,False
v2-explicit,356,3.5600000000000001,5,4.6547791016862208,0,0,13.534554305434032,6267.0521945937935,3938.9000270557149,3755.8408210623957,SaturatedMixture,False,False,False
v2-explicit,357,3.5699999999999998,5,4.5995476272527798,0,0,13.529937397982259,6268.3173170751443,3939.0849619019477,3756.1428774558676,SaturatedMixture,False,False,False
v2-explicit,358,3.5800000000000001,5,4.5440970955189801,0,0,13.525608468607984,6269.5791908082392,3939.2776144318732,3756.4448410730542,SaturatedMixture,False,False,False
v2-explicit,359,3.5899999999999999,5,4.4884456984011791,0,0,13.521566971280311,6270.8377979790075,3939.4779705858368,3756.7467148398027,SaturatedMixture,False,False,False
v2-explicit,360,3.6000000000000001,5,4.4326131469084578,0,0,13.517812535541186,6272.0931126432188,3939.6860133635068,3757.0485083469316,SaturatedMixture,False,False,False
v2-explicit,4839,48.390000000000001,5,4.9583963645988964,0,0,-28.061095718280725,5982.4556233774565,4069.9520474801679,3884.1328529954153,SuperheatedVapor,False,False,False
v2-explicit,4871,48.710000000000001,5,4.7923489966363624,0,0,-27.954714916077993,5980.8377858270496,4075.8432172125713,3884.1382158326101,SuperheatedVapor,False,False,False
v2-explicit,4901,49.009999999999998,5,4.571577463733588,0,0,-27.859661384308197,5979.2592627425984,4081.0548317178063,3884.1401776072139,SuperheatedVapor,False,False,False
v2-explicit,4929,49.289999999999999,5,4.403940260952437,0,0,-27.785089240695822,5977.7491999731892,4085.0860425493806,3884.1328874989499,SuperheatedVapor,False,False,False
v2-explicit,4956,49.560000000000002,5,4.338612903087558,0,0,-27.731880440409824,5976.2818158094733,4087.9376949181401,3884.1352935926152,SuperheatedVapor,False,False,False
v2-explicit,4982,49.82,5,4.355494170660271,0,0,-27.697746713679216,5974.8789212132369,4089.7455206390632,3884.1440279265103,SuperheatedVapor,False,False,False
v2-explicit,5007,50.07,5,4.4100844925755709,0,0,-27.678168140178311,5973.55491960982,4090.7602746973189,3884.1556422760896,SuperheatedVapor,False,False,False
v2-explicit,5030,50.299999999999997,5,4.4659263366285469,0,0,-27.667207460405052,5972.3679758500321,4091.2627751479054,3884.1385763597054,SuperheatedVapor,False,False,False
v2-explicit,5052,50.520000000000003,5,4.5101741429820796,0,0,-27.662126542477989,5971.2658482945899,4091.4804695712187,3884.138341876263,SuperheatedVapor,False,False,False
v2-explicit,5072,50.719999999999999,5,4.5331069648862821,0,0,-27.658062606745357,5970.293786313714,4091.6439645743271,3884.1347894183882,SuperheatedVapor,False,False,False
v2-explicit,5091,50.909999999999997,5,4.5444079918183409,0,0,-27.654150715557069,5969.3964236800002,4091.805897849682,3884.1343084812611,SuperheatedVapor,False,False,False
v2-explicit,5110,51.100000000000001,5,4.5511517328798288,0,0,-27.651322429460503,5968.5237600928231,4091.9462324593851,3884.1556690340581,SuperheatedVapor,False,False,False
v2-explicit,5128,51.280000000000001,5,4.5523963679376962,0,0,-27.647252283045251,5967.7190336936674,4092.12156099818,3884.1525594783839,SuperheatedVapor,False,False,False
v2-explicit,5146,51.460000000000001,5,4.5538153241249546,0,0,-27.6431464872053,5966.9348380508209,4092.29158199719,3884.1503653275036,SuperheatedVapor,False,False,False
v2-explicit,5164,51.640000000000001,5,4.5538607807032587,0,0,-27.639544332147903,5966.1704612294616,4092.4575863014547,3884.1572463456155,SuperheatedVapor,False,False,False
v2-explicit,5182,51.82,5,4.5543313595543076,0,0,-27.635838000237349,5965.425064658516,4092.6225095830277,3884.1639020425037,SuperheatedVapor,False,False,False
v2-explicit,5199,51.990000000000002,5,4.5519892193279636,0,0,-27.630353421752051,5964.7378754847578,4092.8309319605614,3884.1346471792795,SuperheatedVapor,False,False,False
v2-explicit,5217,52.170000000000002,5,4.5523788779399057,0,0,-27.626832841225941,5964.0272690720931,4092.9988733744121,3884.1483063754554,SuperheatedVapor,False,False,False
v2-explicit,5235,52.350000000000001,5,4.5519946409525733,0,0,-27.623459264633222,5963.3334544993741,4093.169486669779,3884.1682523323875,SuperheatedVapor,False,False,False
v2-explicit,5252,52.520000000000003,5,4.548277953887224,0,0,-27.618186294474654,5962.6929430679365,4093.3927578334633,3884.1551212000604,SuperheatedVapor,False,False,False
v2-explicit,5269,52.689999999999998,5,4.5440176989547494,0,0,-27.612875429794478,5962.0660431357728,4093.6314998017715,3884.1501385892338,SuperheatedVapor,False,False,False
v2-explicit,5286,52.859999999999999,5,4.5388708436736644,0,0,-27.607553793437848,5961.4520363172687,4093.8882760469746,3884.1556056599293,SuperheatedVapor,False,False,False
v2-explicit,5303,53.030000000000001,5,4.5329692005273055,0,0,-27.602193530162964,5960.8501849808745,4094.1648545269782,3884.1715308958146,SuperheatedVapor,False,False,False
v2-explicit,5319,53.189999999999998,5,4.5239001385388651,0,0,-27.594800831429975,5960.2941718640523,4094.5048793706724,3884.1564210736096,SuperheatedVapor,False,False,False
v2-explicit,5335,53.350000000000001,5,4.5148581124214013,0,0,-27.58721643031895,5959.7475690180036,4094.8710166848873,3884.1509244274625,SuperheatedVapor,False,False,False
v2-explicit,5351,53.509999999999998,5,4.5060424924791675,0,0,-27.579478133256355,5959.2097181599256,4095.2605293815473,3884.1546578649309,SuperheatedVapor,False,False,False
v2-explicit,5367,53.670000000000002,5,4.497627913715263,0,0,-27.571625978399894,5958.6800237204407,4095.6705963061299,3884.1672538356206,SuperheatedVapor,False,False,False
v2-explicit,5382,53.82,5,4.4870507326675142,0,0,-27.561781640230922,5958.1903617495454,4096.1352662131048,3884.1449686779888,SuperheatedVapor,False,False,False
v2-explicit,5398,53.979999999999997,5,4.4801933412448669,0,0,-27.553697958689678,5957.6748776204922,4096.5860231877341,3884.1749798680021,SuperheatedVapor,False,False,False
v2-explicit,5413,54.130000000000003,5,4.4713008073751217,0,0,-27.543724985744291,5957.1976341178679,4097.0828553399169,3884.1683748559881,SuperheatedVapor,False,False,False
v2-explicit,5428,54.280000000000001,5,4.4635377682962973,0,0,-27.533677119348013,5956.7258092247612,4097.5962071677468,3884.1695444635689,SuperheatedVapor,False,False,False
v2-explicit,5443,54.43,5,4.4569600563834602,0,0,-27.523596129044982,5956.2590368311648,4098.1233688470838,3884.1782218194685,SuperheatedVapor,False,False,False
v2-explicit,5457,54.57,5,4.4485734724752488,0,0,-27.511606214704717,5955.8276455511086,4098.6939421466514,3884.1480993536597,SuperheatedVapor,False,False,False
v2-explicit,5472,54.719999999999999,5,4.4448494099006099,0,0,-27.501417605482274,5955.3696304652594,4099.2509682513719,3884.1717858014222,SuperheatedVapor,False,False,False
v2-explicit,5486,54.859999999999999,5,4.4391535425398523,0,0,-27.489379512050444,5954.9458318348379,4099.8457116162581,3884.1551902074316,SuperheatedVapor,False,False,False
v2-explicit,5500,55,5,4.4350226779416584,0,0,-27.477271591012993,5954.5253045887966,4100.4551229086492,3884.1454094792589,SuperheatedVapor,False,False,False
v2-explicit,5514,55.140000000000001,5,4.4324511781643672,0,0,-27.465108070489517,5954.107772963971,4101.078130968177,3884.142237964244,SuperheatedVapor,False,False,False
v2-explicit,5528,55.280000000000001,5,4.4314250446711112,0,0,-27.452891114560448,5953.6929885869386,4101.7143264535671,3884.1454770781606,SuperheatedVapor,False,False,False
v2-explicit,5542,55.420000000000002,5,4.4319295063427147,0,0,-27.440611425796799,5953.2807050919546,4102.3639504688499,3884.1549367109906,SuperheatedVapor,False,False,False
v2-explicit,5556,55.560000000000002,5,4.433956536897055,0,0,-27.428248315418418,5952.8706839745928,4103.0278773316732,3884.1704324078569,SuperheatedVapor,False,False,False
v2-explicit,5569,55.689999999999998,5,4.433740056661704,0,0,-27.413892213101995,5952.4917542906151,4103.7310845152997,3884.1419450357816,SuperheatedVapor,False,False,False
v2-explicit,5583,55.829999999999998,5,4.4395020827627665,0,0,-27.401135726190045,5952.0852776530974,4104.4364332713621,3884.1697831733704,SuperheatedVapor,False,False,False
v2-explicit,5596,55.960000000000001,5,4.4428182330772481,0,0,-27.386345518788239,5951.7090810711252,4105.1812333614289,3884.1524130138673,SuperheatedVapor,False,False,False
v2-explicit,5609,56.090000000000003,5,4.4483428084521668,0,0,-27.371209127509822,5951.3337592818289,4105.9541215419958,3884.1407536057759,SuperheatedVapor,False,False,False
v2-explicit,5623,56.229999999999997,5,4.4604768763007829,0,0,-27.357463945350027,5950.9301469513057,4106.7421721896662,3884.1862182664172,SuperheatedVapor,False,False,False
v2-explicit,5636,56.359999999999999,5,4.4699614632533695,0,0,-27.341566431841581,5950.5556080047536,4107.5731836758323,3884.1847310784433,SuperheatedVapor,False,False,False
v2-explicit,5649,56.490000000000002,5,4.4820585037153275,0,0,-27.325103242705822,5950.1808958539368,4108.4436284192143,3884.1885152403938,SuperheatedVapor,False,False,False
v2-explicit,5661,56.609999999999999,5,4.4920435420421745,0,0,-27.306327265821277,5949.8344594269456,4109.3642669013971,3884.1446447665276,SuperheatedVapor,False,False,False
v2-explicit,5674,56.740000000000002,5,4.5106982039858066,0,0,-27.288354742286256,5949.4580047075024,4110.3347086845552,3884.159343325774,SuperheatedVapor,False,False,False
v2-explicit,5687,56.869999999999997,5,4.5324378439228559,0,0,-27.269500272380704,5949.0798222309986,4111.3611366591986,3884.1788527468543,SuperheatedVapor,False,False,False
v2-explicit,5699,56.990000000000002,5,4.5518350207072409,0,0,-27.248174498478971,5948.7286828786309,4112.4434548421768,3884.1491091131629,SuperheatedVapor,False,False,False
v2-explicit,5712,57.119999999999997,5,4.5812517082976818,0,0,-27.227019474553781,5948.3453413747075,4113.6115256511694,3884.1786668485752,SuperheatedVapor,False,False,False
v2-explicit,5724,57.240000000000002,5,4.6078994415542525,0,0,-27.203254955164986,5947.9881398041798,4114.8409902406502,3884.1579533193549,SuperheatedVapor,False,False,False
v2-explicit,5736,57.359999999999999,5,4.6385664218929312,0,0,-27.177994772135655,5947.6269699208315,4116.1591496434021,3884.1419661604505,SuperheatedVapor,False,False,False
v2-explicit,5749,57.490000000000002,5,4.679698559068286,0,0,-27.152007603582994,5947.2302859228321,4117.6129607354369,3884.185950685202,SuperheatedVapor,False,False,False
v2-explicit,5761,57.609999999999999,5,4.7158682934872225,0,0,-27.12320325803676,5946.8582630984583,4119.1361077138972,3884.1782218194685,SuperheatedVapor,False,False,False
v2-explicit,5773,57.729999999999997,5,4.7536518570349298,0,0,-27.092336725001779,5946.479658821163,4120.7772351365375,3884.1748538234451,SuperheatedVapor,False,False,False
v2-explicit,5785,57.850000000000001,5,4.7909079101066476,0,0,-27.059253135127459,5946.0934600385917,4122.5439879836258,3884.1757276854578,SuperheatedVapor,False,False,False
v2-explicit,5797,57.969999999999999,5,4.8245348160322461,0,0,-27.023843938832155,5945.6986344207871,4124.4413171372462,3884.1807300379073,SuperheatedVapor,False,False,False
v2-explicit,5809,58.090000000000003,5,4.8503647208570637,0,0,-26.986081015290065,5945.2941479238634,4126.4696211483279,3884.1897559729332,SuperheatedVapor,False,False,False
v2-explicit,5821,58.210000000000001,5,4.8632836067296168,0,0,-26.946057700987222,5944.8790291439345,4128.6225324465595,3884.2027181957401,SuperheatedVapor,False,False,False
v2-explicit,5832,58.32,5,4.8547143187621833,0,0,-26.904316980280104,5944.4884411941721,4130.7769258001672,3884.1620501073626,SuperheatedVapor,False,False,False
v2-explicit,5844,58.439999999999998,5,4.828284064167585,0,0,-26.860712362731025,5944.0506905208531,4133.1255627637192,3884.1835241468375,SuperheatedVapor,False,False,False
v2-explicit,5855,58.549999999999997,5,4.7763289795411259,0,0,-26.81664147847313,5943.6384607825412,4135.4052997780227,3884.1506906476188,SuperheatedVapor,False,False,False
v2-explicit,5867,58.670000000000002,5,4.6999907330189608,0,0,-26.771947959343091,5943.1767815153626,4137.8108849679402,3884.1805469562405,SuperheatedVapor,False,False,False
v2-explicit,5879,58.789999999999999,5,4.6029745043222041,0,0,-26.728204196392245,5942.7031246329825,4140.163388466588,3884.2142115633319,SuperheatedVapor,False,False,False
v2-explicit,5893,58.93,5,4.4871425395685716,0,0,-26.686455167870964,5942.1368076548606,4142.5934693712843,3884.3694231639806,SuperheatedVapor,False,False,False
v2-explicit,5908,59.079999999999998,5,4.3751973200650998,0,0,-26.64972784935112,5941.5165808265883,4144.8453268349822,3884.5862693622521,SuperheatedVapor,False,False,False
v2-explicit,5921,59.210000000000001,5,4.2922726188026425,0,0,-26.617991276477031,5940.9708821278246,4146.6544477613088,3884.6929550775644,SuperheatedVapor,False,False,False
v2-explicit,5935,59.350000000000001,5,4.2381160115696028,0,0,-26.592689119278482,5940.3779057524443,4148.2377497834023,3884.8744544055685,SuperheatedVapor,False,False,False
v2-explicit,5948,59.479999999999997,5,4.2138024680220871,0,0,-26.571838925205491,5939.825214003883,4149.5057585973673,3885.0059823096767,SuperheatedVapor,False,False,False
v2-explicit,5962,59.619999999999997,5,4.2202298875764219,0,0,-26.557961064321091,5939.2306864136472,4150.5170309030091,3885.2086918212049,SuperheatedVapor,False,False,False
v2-explicit,5975,59.75,5,4.2416797110622628,0,0,-26.547009421023613,5938.6817270356751,4151.2855563441026,3885.3549449446355,SuperheatedVapor,False,False,False
v2-explicit,5988,59.880000000000003,5,4.2753206802768453,0,0,-26.540050560461825,5938.1377777825655,4151.8511648779559,3885.5056988606543,SuperheatedVapor,False,False,False
v2-explicit,6001,60.009999999999998,5,4.3155224057569352,0,0,-26.536607253265775,5937.6005225427816,4152.236500044135,3885.6592330299532,SuperheatedVapor,False,False,False
v2-explicit,6014,60.140000000000001,5,4.3579599309305399,0,0,-26.536218893558406,5937.0713895963099,4152.4634799323794,3885.8140378084036,SuperheatedVapor,False,False,False
v2-explicit,6027,60.270000000000003,5,4.3981318442612469,0,0,-26.538610481023515,5936.5515634018966,4152.5612184706679,3885.9768830620992,SuperheatedVapor,False,False,False
v2-explicit,6039,60.390000000000001,5,4.4246975597090552,0,0,-26.539810008778776,5936.0806545413116,4152.6576617989649,3886.0976796648829,SuperheatedVapor,False,False,False
v2-explicit,6051,60.509999999999998,5,4.4442748973467507,0,0,-26.542493593797754,5935.6184810386412,4152.7252306606333,3886.2462823254559,SuperheatedVapor,False,False,False
v2-explicit,6063,60.630000000000003,5,4.4592071225904046,0,0,-26.545968522861678,5935.1649965522083,4152.7718178685673,3886.4111423438108,SuperheatedVapor,False,False,False
v2-explicit,6074,60.740000000000002,5,4.4652866155990107,0,0,-26.546481033854246,5934.7568903370566,4152.8838536661715,3886.5163717443952,SuperheatedVapor,False,False,False
v2-explicit,6086,60.859999999999999,5,4.4743633052929939,0,0,-26.551128515919782,5934.3198096046744,4152.9117612526697,3886.7028432258444,SuperheatedVapor,False,False,False
v2-explicit,6097,60.969999999999999,5,4.4768702711425732,0,0,-26.552179712929096,5933.9264474462325,4153.0152371417271,3886.8199078865882,SuperheatedVapor,False,False,False
v2-explicit,6108,61.079999999999998,5,4.4791637617189979,0,0,-26.553257133139429,5933.5398998147884,4153.1178685660861,3886.9375343368179,SuperheatedVapor,False,False,False
v2-explicit,6120,61.200000000000003,5,4.4859585508190589,0,0,-26.558108371114503,5933.1257991278662,4153.1362663823438,3887.1292018756167,SuperheatedVapor,False,False,False
v2-explicit,6131,61.310000000000002,5,4.4866856685996046,0,0,-26.55944100966391,5932.7530563222272,4153.2314813776147,3887.250288767133,SuperheatedVapor,False,False,False
v2-explicit,6142,61.420000000000002,5,4.4876883558050951,0,0,-26.560706525360835,5932.3866967560671,4153.3279996207411,3887.3700907021826,SuperheatedVapor,False,False,False
v2-explicit,6153,61.530000000000001,5,4.4888970863511508,0,0,-26.561920398304668,5932.0265579685738,4153.425767071355,3887.4888706982938,SuperheatedVapor,False,False,False
v2-explicit,6165,61.649999999999999,5,4.4942729253947746,0,0,-26.566977743077409,5931.640589492361,4153.4455668622659,3887.6833429639719,SuperheatedVapor,False,False,False
v2-explicit,6176,61.759999999999998,5,4.4946391374126078,0,0,-26.568131439881139,5931.2929572968724,4153.5467031743565,3887.8024043723672,SuperheatedVapor,False,False,False
v2-explicit,6187,61.869999999999997,5,4.4954374636922587,0,0,-26.569197283783737,5930.9510723150461,4153.649853153689,3887.9196927114326,SuperheatedVapor,False,False,False
v2-explicit,6199,61.990000000000002,5,4.5013579268901713,0,0,-26.573856298259432,5930.5844863317179,4153.6723267607167,3888.1076395570185,SuperheatedVapor,False,False,False
v2-explicit,6210,62.100000000000001,5,4.5017194743495095,0,0,-26.574915514630529,5930.2542057386945,4153.7732100742987,3888.2233939852026,SuperheatedVapor,False,False,False
v2-explicit,6221,62.210000000000001,5,4.5026786301425377,0,0,-26.575845735948935,5929.9292808983073,4153.8769047599335,3888.3366251010211,SuperheatedVapor,False,False,False
v2-explicit,6233,62.329999999999998,5,4.508069764678508,0,0,-26.580524693634619,5929.5807523369576,4153.9045046257334,3888.5237139248889,SuperheatedVapor,False,False,False
v2-explicit,6244,62.439999999999998,5,4.508597283034697,0,0,-26.581298735693299,5929.2665654135562,4154.0137460815176,3888.6353397057787,SuperheatedVapor,False,False,False
v2-explicit,6256,62.560000000000002,5,4.5144624297890665,0,0,-26.585591055951902,5928.9294257428064,4154.0438241175571,3888.8161650114525,SuperheatedVapor,False,False,False
v2-explicit,6267,62.670000000000002,5,4.514841413539985,0,0,-26.58629889754474,5928.625446758082,4154.1524234198105,3888.9253239252857,SuperheatedVapor,False,False,False
v2-explicit,6279,62.789999999999999,5,4.5198752338391266,0,0,-26.590691086108226,5928.2991931389852,4154.1862845118139,3889.1071942051312,SuperheatedVapor,False,False,False
v2-explicit,6290,62.899999999999999,5,4.5205829704651377,0,0,-26.59110467891994,5928.0049001533998,4154.3016551880701,3889.211728168324,SuperheatedVapor,False,False,False
v2-explicit,6302,63.020000000000003,5,4.5262890613562359,0,0,-26.595121544843,5927.6889113304851,4154.3405880810524,3889.3868554333576,SuperheatedVapor,False,False,False
v2-explicit,6313,63.130000000000003,5,4.5269454445223856,0,0,-26.595410324129606,5927.4037884856243,4154.4601344761604,3889.4887155063057,SuperheatedVapor,False,False,False
v2-explicit,6325,63.25,5,4.5326614388778044,0,0,-26.599188832573194,5927.0975115598894,4154.5067773519922,3889.6608828571125,SuperheatedVapor,False,False,False
v2-explicit,6337,63.369999999999997,5,4.5376934350127218,0,0,-26.602919765011588,5926.7960844115269,4154.5549849504714,3889.8325415889421,SuperheatedVapor,False,False,False
v2-explicit,6348,63.479999999999997,5,4.5379058640892858,0,0,-26.602904038457616,5926.5239274820315,4154.6852389451515,3889.9312049564196,SuperheatedVapor,False,False,False
v2-explicit,6360,63.600000000000001,5,4.5431629882071514,0,0,-26.606318057580783,5926.2313589706591,4154.7471745969597,3890.1007832040686,SuperheatedVapor,False,False,False
v2-explicit,6372,63.719999999999999,5,4.5478008432202639,0,0,-26.609647784562394,5925.9431660194659,4154.814364657138,3890.2704649049151,SuperheatedVapor,False,False,False
v2-explicit,6383,63.829999999999998,5,4.5476035946341709,0,0,-26.609193037904692,5925.6826948563348,4154.9669155156234,3890.3686243497186,SuperheatedVapor,False,False,False
v2-explicit,6395,63.950000000000003,5,4.5524090622288726,0,0,-26.612095975989455,5925.4023638840717,4155.0574373383979,3890.5390695040396,SuperheatedVapor,False,False,False
v2-explicit,6406,64.060000000000002,5,4.5520699985608664,0,0,-26.611301682079837,5925.1487487152635,4155.234045541235,3890.6401301441474,SuperheatedVapor,False,False,False
v2-explicit,6418,64.180000000000007,5,4.5568174307253111,0,0,-26.613742037990601,5924.875467159899,4155.3565405109302,3890.8144278448012,SuperheatedVapor,False,False,False
v2-explicit,6430,64.299999999999997,5,4.5612381650604066,0,0,-26.615946751229892,5924.605512790652,4155.4938699687809,3890.9900195999612,SuperheatedVapor,False,False,False
v2-explicit,6441,64.409999999999997,5,4.5609846170489803,0,0,-26.614370660552808,5924.3607870669275,4155.7198211292525,3891.0955454630189,SuperheatedVapor,False,False,False
v2-explicit,6453,64.530000000000001,5,4.5662671004463364,0,0,-26.615850567436198,5924.0964877544129,4155.9015706631908,3891.2745376637977,SuperheatedVapor,False,False,False
v2-explicit,6464,64.640000000000001,5,4.5670305904747908,0,0,-26.613549558762458,5923.8564545012778,4156.1712043480293,3891.3830175919111,SuperheatedVapor,False,False,False
v2-explicit,6476,64.760000000000005,5,4.5736679138119758,0,0,-26.614170190119665,5923.5967202979118,4156.4040720127587,3891.5651081433693,SuperheatedVapor,False,False,False
v2-explicit,6487,64.870000000000005,5,4.5759099750711698,0,0,-26.611012370649139,5923.3603461836119,4156.724006003963,3891.6762761023792,SuperheatedVapor,False,False,False
v2-explicit,6498,64.980000000000004,5,4.5795638116776081,0,0,-26.607316164506219,5923.1253149866798,4157.0755489876101,3891.7891788356173,SuperheatedVapor,False,False,False
v2-explicit,6510,65.099999999999994,5,4.5896987788954799,0,0,-26.606297701934881,5922.8700905496098,4157.4037754968394,3891.9758964498865,SuperheatedVapor,False,False,False
v2-explicit,6521,65.209999999999994,5,4.5954934034259622,0,0,-26.601512794704586,5922.6369483666285,4157.8173954522199,3892.0910903004396,SuperheatedVapor,False,False,False
v2-explicit,6533,65.329999999999998,5,4.6083009552788319,0,0,-26.599192056257461,5922.3831125224006,4158.2193161930909,3892.2801809194816,SuperheatedVapor,False,False,False
v2-explicit,6544,65.439999999999998,5,4.6168643208098974,0,0,-26.593094807569532,5922.1505895684832,4158.7065845064999,3892.3974298505882,SuperheatedVapor,False,False,False
v2-explicit,6555,65.549999999999997,5,4.6275742130555635,0,0,-26.586199924667767,5921.9178480843993,4159.2388303532252,3892.5161214138702,SuperheatedVapor,False,False,False
v2-explicit,6567,65.670000000000002,5,4.6462175164764599,0,0,-26.581362450990682,5921.6632348824451,4159.7814241854958,3892.708820134369,SuperheatedVapor,False,False,False
v2-explicit,6578,65.780000000000001,5,4.6605571349219437,0,0,-26.572732158278516,5921.4288188183,4160.409299487419,3892.8292051530002,SuperheatedVapor,False,False,False
v2-explicit,6589,65.890000000000001,5,4.6774697852584985,0,0,-26.563063400235826,5921.1929733792513,4161.0946844501941,3892.9508623121533,SuperheatedVapor,False,False,False
v2-explicit,6600,66,5,4.6969851284730852,0,0,-26.552265225831448,5920.9552185950752,4161.8422896673928,3893.0737275392139,SuperheatedVapor,False,False,False
v2-explicit,6612,66.120000000000005,5,4.7255828011166106,0,0,-26.542752525833986,5920.6930741959077,4162.6416939419323,3893.2706685119206,SuperheatedVapor,False,False,False
v2-explicit,6623,66.230000000000004,5,4.7491048638447282,0,0,-26.529411088887176,5920.4497196677903,4163.5269210966271,3893.3947512102682,SuperheatedVapor,False,False,False
v2-explicit,6634,66.340000000000003,5,4.7749275225976175,0,0,-26.514595029028872,5920.2028510801911,4164.4922344469514,3893.5198806485187,SuperheatedVapor,False,False,False
v2-explicit,6645,66.450000000000003,5,4.802503609893674,0,0,-26.49819091110324,5919.951837138944,4165.5434056763779,3893.6459939075526,SuperheatedVapor,False,False,False
v2-explicit,6657,66.569999999999993,5,4.838012224292541,0,0,-26.482035934689662,5919.672506103424,4166.7011870697534,3893.8461256916294,SuperheatedVapor,False,False,False
v2-explicit,6668,66.680000000000007,5,4.8649146524136215,0,0,-26.462129263193454,5919.4107509814949,4167.9388759835447,3893.9730131011893,SuperheatedVapor,False,False,False
v2-explicit,6679,66.790000000000006,5,4.8897842151247657,0,0,-26.44034201209633,5919.1428231364944,4169.2767901684192,3894.1007421777895,SuperheatedVapor,False,False,False
v2-explicit,6690,66.900000000000006,5,4.9102506071891199,0,0,-26.416651532455084,5918.8680119956416,4170.7155550469633,3894.2292669234671,SuperheatedVapor,False,False,False
v2-explicit,6701,67.010000000000005,5,4.9234131746133185,0,0,-26.391096747888014,5918.5856343079713,4172.2524305437792,3894.3585507737412,SuperheatedVapor,False,False,False
v2-explicit,6712,67.120000000000005,5,4.9260013215796015,0,0,-26.36380011937759,5918.2950632920501,4173.8801863825965,3894.4885673597473,SuperheatedVapor,False,False,False
v2-explicit,6724,67.239999999999995,5,4.9177925611973112,0,0,-26.33600107536201,5917.9681266007183,4175.6508328988775,3894.6924409496637,SuperheatedVapor,False,False,False
v2-explicit,6735,67.349999999999994,5,4.887719740823071,0,0,-26.306115685852017,5917.6589870704847,4177.4121154111963,3894.8244258268469,SuperheatedVapor,False,False,False
v2-explicit,6746,67.459999999999994,5,4.8381126153110534,0,0,-26.275642545036973,5917.3405848265347,4179.2186372154947,3894.9671839690263,SuperheatedVapor,False,False,False
v2-explicit,6756,67.560000000000002,5,4.7712803771226433,0,0,-26.244150636361848,5917.0430277291143,4180.9715040754709,3895.0459023736271,SuperheatedVapor,False,False,False
v2-explicit,6767,67.670000000000002,5,4.6879485427264411,0,0,-26.213888074409791,5916.7068812186226,4182.7966458370738,3895.2123345538716,SuperheatedVapor,False,False,False
v2-explicit,6777,67.769999999999996,5,4.5971785914787455,0,0,-26.183640582665184,5916.3936057203318,4184.509919436211,3895.31223852833,SuperheatedVapor,False,False,False
v2-explicit,6788,67.879999999999995,5,4.4991628234008179,0,0,-26.155980061453896,5916.0411198782194,4186.226714677322,3895.5013291156088,SuperheatedVapor,False,False,False
v2-explicit,6798,67.980000000000004,5,4.4080964361709585,0,0,-26.129139218162042,5915.7142802013905,4187.7857611891623,3895.6207322450787,SuperheatedVapor,False,False,False
v2-explicit,6808,68.079999999999998,5,4.3261506969164918,0,0,-26.104464522669069,5915.3821731080434,4189.2431419043187,3895.748963738135,SuperheatedVapor,False,False,False
v2-explicit,6818,68.180000000000007,5,4.2580964093452787,0,0,-26.082234411745823,5915.0457043644428,4190.5839493510057,3895.8852546862554,SuperheatedVapor,False,False,False
v2-explicit,6827,68.269999999999996,5,4.2053977122057482,0,0,-26.060349940329896,5914.7399500743077,4191.7854947361311,3895.9463594274407,SuperheatedVapor,False,False,False
v2-explicit,6837,68.370000000000005,5,4.1702669047936745,0,0,-26.042983098989456,5914.3978189098798,4192.8936088008186,3896.0967775767826,SuperheatedVapor,False,False,False
v2-explicit,6847,68.469999999999999,5,4.1526272961045896,0,0,-26.028285281660612,5914.0541084742481,4193.8718082829955,3896.2528019951856,SuperheatedVapor,False,False,False
v2-explicit,6856,68.560000000000002,5,4.1443518078776727,0,0,-26.013135038101282,5913.7442123620831,4194.7471257578882,3896.3294903419801,SuperheatedVapor,False,False,False
v2-explicit,6866,68.659999999999997,5,4.1539772532237826,0,0,-26.003020305658435,5913.4000202256793,4195.5031562105733,3896.4950014000487,SuperheatedVapor,False,False,False
v2-explicit,6875,68.75,5,4.1657257851017668,0,0,-25.991729026835369,5913.0910260158098,4196.1906622692086,3896.578962874647,SuperheatedVapor,False,False,False
v2-explicit,6885,68.849999999999994,5,4.1923093829616143,0,0,-25.98556606387967,5912.7491870877857,4196.7540956408757,3896.7513188649291,SuperheatedVapor,False,False,False
v2-explicit,6894,68.939999999999998,5,4.2147928658490255,0,0,-25.977499280747203,5912.4434011185758,4197.2838725793326,3896.8403752435788,SuperheatedVapor,False,False,False
v2-explicit,6904,69.040000000000006,5,4.2489082159788785,0,0,-25.974551045267887,5912.1061921565297,4197.6897552730361,3897.0173744716885,SuperheatedVapor,False,False,False
v2-explicit,6913,69.129999999999995,5,4.2748897056813551,0,0,-25.969048636813625,5911.8054074750171,4198.0933498010281,3897.1097554106909,SuperheatedVapor,False,False,False
v2-explicit,6922,69.219999999999999,5,4.3011246102270846,0,0,-25.96446765285226,5911.5074591570819,4198.4523602566096,3897.2037399162991,SuperheatedVapor,False,False,False
v2-explicit,6932,69.319999999999993,5,4.3357666381569384,0,0,-25.964913073474506,5911.1799992816723,4198.6916617897514,3897.3851311720782,SuperheatedVapor,False,False,False
v2-explicit,6941,69.409999999999997,5,4.3598150287959996,0,0,-25.962059772297348,5910.8887663632522,4198.9647056681015,3897.480575944408,SuperheatedVapor,False,False,False
v2-explicit,6950,69.5,5,4.3826185502598722,0,0,-25.959777532686847,5910.6009821470807,4199.2100616586849,3897.5769089616806,SuperheatedVapor,False,False,False
v2-explicit,6959,69.590000000000003,5,4.404019509515174,0,0,-25.957978706356208,5910.3167433024937,4199.4319987817871,3897.6739812374244,SuperheatedVapor,False,False,False
v2-explicit,6969,69.689999999999998,5,4.43200094757389,0,0,-25.961046816427139,5910.0051644390533,4199.5417589792432,3897.8579504428144,SuperheatedVapor,False,False,False
v2-explicit,6978,69.780000000000001,5,4.4494070521524547,0,0,-25.960177093036759,5909.7286723087045,4199.7169250550496,3897.955227393008,SuperheatedVapor,False,False,False
v2-explicit,6987,69.870000000000005,5,4.4652322936671656,0,0,-25.95957518947306,5909.455928124029,4199.8820569007994,3898.05403504178,SuperheatedVapor,False,False,False
v2-explicit,6996,69.959999999999994,5,4.4796738988259373,0,0,-25.959107945729631,5909.1869004372056,4200.0411576883707,3898.1539294087111,SuperheatedVapor,False,False,False
v2-explicit,7006,70.060000000000002,5,4.4997500703851303,0,0,-25.963387632851958,5908.892303566874,4200.1002533128758,3898.3435136968365,SuperheatedVapor,False,False,False
v2-explicit,7015,70.150000000000006,5,4.5105106705546758,0,0,-25.963275165877278,5908.6310405600016,4200.2460139759105,3898.446030195008,SuperheatedVapor,False,False,False
v2-explicit,7024,70.239999999999995,5,4.5206220644051669,0,0,-25.963150750750387,5908.3733803171326,4200.3922450335895,3898.548442330853,SuperheatedVapor,False,False,False
v2-explicit,7033,70.329999999999998,5,4.5302529342336575,0,0,-25.962979271832527,5908.1192487396547,4200.5400754830489,3898.6503735120787,SuperheatedVapor,False,False,False
v2-explicit,7043,70.430000000000007,5,4.5459888911286743,0,0,-25.967344475596843,5907.840914583061,4200.5952415261381,3898.8402479973779,SuperheatedVapor,False,False,False
v2-explicit,7052,70.519999999999996,5,4.5536909889025994,0,0,-25.96714661577985,5907.5939915352601,4200.7434221235553,3898.9413132982577,SuperheatedVapor,False,False,False
v2-explicit,7061,70.609999999999999,5,4.5615109821901898,0,0,-25.966782231287471,5907.3503593852938,4200.89719431084,3899.0407877362068,SuperheatedVapor,False,False,False
v2-explicit,7070,70.700000000000003,5,4.5693292644757815,0,0,-25.966284241106557,5907.1099149892116,4201.0577496850428,3899.1395136972151,SuperheatedVapor,False,False,False
v2-explicit,7080,70.799999999999997,5,4.5836852111488575,0,0,-25.970115542369722,5906.8463528829488,4201.1334365339681,3899.3248191005468,SuperheatedVapor,False,False,False
v2-explicit,7089,70.890000000000001,5,4.5904874838487526,0,0,-25.969328062918123,5906.612305245867,4201.3054051319496,3899.4218619615458,SuperheatedVapor,False,False,False
v2-explicit,7098,70.980000000000004,5,4.5974112315533819,0,0,-25.968365975780863,5906.3811321202575,4201.4884238845661,3899.5193058922559,SuperheatedVapor,False,False,False
v2-explicit,7107,71.069999999999993,5,4.6045374630925791,0,0,-25.967136374268129,5906.1526819274804,4201.6862793175305,3899.6172214593175,SuperheatedVapor,False,False,False
v2-explicit,7117,71.170000000000002,5,4.6185424749836734,0,0,-25.970017409797912,5905.9018552470316,4201.8114404836915,3899.8021083917715,SuperheatedVapor,False,False,False
v2-explicit,7126,71.260000000000005,5,4.6252196845249625,0,0,-25.968289776234585,5905.6786937922525,4202.0358205964185,3899.9001634290321,SuperheatedVapor,False,False,False
v2-explicit,7135,71.349999999999994,5,4.6324704639579846,0,0,-25.966192496006414,5905.4578045130002,4202.2807559432968,3899.9989340089619,SuperheatedVapor,False,False,False
v2-explicit,7144,71.439999999999998,5,4.6403647104202941,0,0,-25.963695278631487,5905.2389971156936,4202.5480128896043,3900.0985364106928,SuperheatedVapor,False,False,False
v2-explicit,7154,71.540000000000006,5,4.6556951245674529,0,0,-25.965006994392439,5904.9980790933032,4202.7595193120715,3900.285779575689,SuperheatedVapor,False,False,False
v2-explicit,7163,71.629999999999995,5,4.6639870332314128,0,0,-25.961713537344853,5904.7830670659851,4203.070338971108,3900.3864096509915,SuperheatedVapor,False,False,False
v2-explicit,7172,71.719999999999999,5,4.6732859027778844,0,0,-25.957896654461273,5904.5695506450402,4203.4105339683483,3900.4882465174869,SuperheatedVapor,False,False,False
v2-explicit,7181,71.810000000000002,5,4.6836537735356192,0,0,-25.953516039060215,5904.3572930797154,4203.7824872102337,3900.5914507709053,SuperheatedVapor,False,False,False
v2-explicit,7191,71.909999999999997,5,4.7021857022318496,0,0,-25.952531017048738,5904.1226225249438,4204.122266946134,3900.7834135969742,SuperheatedVapor,False,False,False
v2-explicit,7200,72,5,4.7137526209438887,0,0,-25.946968348683889,5903.9122468620099,4204.5600709292194,3900.8889529566104,SuperheatedVapor,False,False,False
v2-explicit,7209,72.090000000000003,5,4.7267024302243579,0,0,-25.940677746059482,5903.7023714703928,4205.0390658831302,3900.9964057914672,SuperheatedVapor,False,False,False
v2-explicit,7218,72.180000000000007,5,4.7410434672030037,0,0,-25.933603197418293,5903.4926918316332,4205.5625417930451,3901.1059979574006,SuperheatedVapor,False,False,False
v2-explicit,7227,72.269999999999996,5,4.7567553346801299,0,0,-25.925683426933528,5903.2828860066338,4206.1340678359247,3901.2179719782757,SuperheatedVapor,False,False,False
v2-explicit,7236,72.359999999999999,5,4.7737724352080066,0,0,-25.91685264098329,5903.0726146380603,4206.7574748485667,3901.3325891370255,SuperheatedVapor,False,False,False
v2-explicit,7245,72.450000000000003,5,4.7919624848008358,0,0,-25.907041193402407,5902.8615170744852,4207.4368093975108,3901.4501314195936,SuperheatedVapor,False,False,False
v2-explicit,7254,72.540000000000006,5,4.8110991254416966,0,0,-25.896176593576733,5902.6492133125321,4208.1762758974219,3901.5709003009179,SuperheatedVapor,False,False,False
v2-explicit,7263,72.629999999999995,5,4.8308280823430376,0,0,-25.884185621078306,5902.435298183128,4208.9801263258341,3901.6952180259323,SuperheatedVapor,False,False,False
v2-explicit,7272,72.719999999999999,5,4.8506270802475155,0,0,-25.870996917701301,5902.2193529895612,4209.8525244276343,3901.8234311832675,SuperheatedVapor,False,False,False
v2-explicit,7281,72.810000000000002,5,4.8697611834113621,0,0,-25.85654439447698,5902.000933876704,4210.7973424052352,3901.9558990728456,SuperheatedVapor,False,False,False
v2-explicit,7290,72.900000000000006,5,4.8872376401716924,0,0,-25.840772361690682,5901.7795873470341,4211.8179019552917,3902.0930040537296,SuperheatedVapor,False,False,False
v2-explicit,7298,72.980000000000004,5,4.8944253492186043,0,0,-25.821005714173339,5901.5799993196815,4212.9033767189649,3902.1433117699312,SuperheatedVapor,False,False,False
v2-explicit,7307,73.069999999999993,5,4.9059377902852113,0,0,-25.802491236075006,5901.351785928925,4214.0825901873959,3902.2913828323208,SuperheatedVapor,False,False,False
v2-explicit,7316,73.159999999999997,5,4.9109069410747965,0,0,-25.78263161992345,5901.1192287076992,4215.3399373376824,3902.4452816392868,SuperheatedVapor,False,False,False
v2-explicit,7324,73.239999999999995,5,4.902097061070064,0,0,-25.75927093385263,5900.9085121221469,4216.6338759113687,3902.5114340273467,SuperheatedVapor,False,False,False
v2-explicit,7333,73.329999999999998,5,4.8895308673301558,0,0,-25.736904063338791,5900.6665289850325,4218.0390642356924,3902.6784892144715,SuperheatedVapor,False,False,False
v2-explicit,7341,73.409999999999997,5,4.8614128139973198,0,0,-25.711528997756005,5900.4467792904907,4219.4529638376853,3902.756855998935,SuperheatedVapor,False,False,False
v2-explicit,7349,73.489999999999995,5,4.8222420541301236,0,0,-25.685360206708452,5900.2223950009457,4220.9159796331987,3902.8418199437642,SuperheatedVapor,False,False,False
v2-explicit,7358,73.579999999999998,5,4.7709274174531746,0,0,-25.660487493669855,5899.9641967404077,4222.4785212739935,3903.0308917040711,SuperheatedVapor,False,False,False
v2-explicit,7366,73.659999999999997,5,4.7063013426311979,0,0,-25.633567813547561,5899.7294986242414,4223.9960368919974,3903.1292394919669,SuperheatedVapor,False,False,False
v2-explicit,7374,73.739999999999995,5,4.6310884462710362,0,0,-25.606643524794272,5899.4899036175811,4225.5217160859784,3903.2344606710958,SuperheatedVapor,False,False,False
v2-explicit,7691,76.909999999999997,5,4.995870538897119,0,0,-26.899346628106102,5890.6862111322207,4204.3964368940879,3932.0166619365973,SuperheatedVapor,False,False,False
v2-explicit,7703,77.030000000000001,5,4.9618356458598418,0,0,-26.902595799988216,5890.4370787413454,4204.4481558736152,3932.1762243869621,SuperheatedVapor,False,False,False
v2-explicit,7716,77.159999999999997,5,4.9348156203145672,0,0,-26.907228591501582,5890.1720016659792,4204.4692660300707,3932.3629237178502,SuperheatedVapor,False,False,False
v2-explicit,7729,77.290000000000006,5,4.910152446268893,0,0,-26.910395080232814,5889.9113766874625,4204.5327047267683,3932.5274092293171,SuperheatedVapor,False,False,False
v2-explicit,7742,77.420000000000002,5,4.8851401714285254,0,0,-26.912641703182182,5889.6546826037065,4204.6408939011062,3932.6894011027739,SuperheatedVapor,False,False,False
v2-explicit,7755,77.549999999999997,5,4.8602141680299917,0,0,-26.914221915212647,5889.401438940783,4204.7841727525347,3932.8509586371129,SuperheatedVapor,False,False,False
v2-explicit,7769,77.689999999999998,5,4.8388028361782887,0,0,-26.918465721937711,5889.1321368678746,4204.8867460399315,3933.0768230219333,SuperheatedVapor,False,False,False
v2-explicit,7782,77.819999999999993,5,4.816204316092576,0,0,-26.91934037806514,5888.8850406749107,4205.0642765913753,3933.237033702856,SuperheatedVapor,False,False,False
v2-explicit,7795,77.950000000000003,5,4.7952470093034369,0,0,-26.920048952293033,5888.6406138811344,4205.2502012790401,3933.3973245524476,SuperheatedVapor,False,False,False
v2-explicit,7808,78.079999999999998,5,4.7762925272571666,0,0,-26.920742819642786,5888.3987497773087,4205.4365243768707,3933.5577353205458,SuperheatedVapor,False,False,False
v2-explicit,7821,78.209999999999994,5,4.7595965362621149,0,0,-26.921550845387749,5888.1594171548468,4205.616355143723,3933.718241642614,SuperheatedVapor,False,False,False
v2-explicit,7834,78.340000000000003,5,4.7453111668685377,0,0,-26.92257896531266,5887.9226409394169,4205.7839499509964,3933.878762887231,SuperheatedVapor,False,False,False
v2-explicit,7848,78.480000000000004,5,4.7372435223650307,0,0,-26.927127061986848,5887.6706134342621,4205.8649376042049,3934.1035645055304,SuperheatedVapor,False,False,False
v2-explicit,7861,78.609999999999999,5,4.7281586605516885,0,0,-26.928978737268228,5887.4395478803071,4205.9850554965551,3934.2624576815911,SuperheatedVapor,False,False,False
v2-explicit,7874,78.739999999999995,5,4.7210860111994517,0,0,-26.931228253290328,5887.2114792353568,4206.085185930955,3934.4217544348589,SuperheatedVapor,False,False,False
v2-explicit,7887,78.870000000000005,5,4.7155856215265217,0,0,-26.933856858936799,5886.9865194760741,4206.1676441801537,3934.5828243373353,SuperheatedVapor,False,False,False
v2-explicit,7900,79,5,4.7112118895230326,0,0,-26.936880576594437,5886.7647689587957,4206.2336546299166,3934.7468501271096,SuperheatedVapor,False,False,False
v2-explicit,7913,79.129999999999995,5,4.7075718331920324,0,0,-26.940290293802914,5886.546310616317,4206.2851588834592,3934.9146596510918,SuperheatedVapor,False,False,False
v2-explicit,7926,79.260000000000005,5,4.7042844053646222,0,0,-26.944064246640906,5886.3311964154191,4206.3252887672161,3935.0870589169235,SuperheatedVapor,False,False,False
v2-explicit,7939,79.390000000000001,5,4.7012042127716009,0,0,-26.9481169369651,5886.1194473614978,4206.3570078836756,3935.2637380667406,SuperheatedVapor,False,False,False
v2-explicit,7952,79.519999999999996,5,4.6981050682463632,0,0,-26.952420969086017,5885.911057372804,4206.3827620248358,3935.4449579576954,SuperheatedVapor,False,False,False
v2-explicit,7965,79.650000000000006,5,4.6950538807337852,0,0,-26.9569083410979,5885.7060087633236,4206.4037366577359,3935.6296299004321,SuperheatedVapor,False,False,False
v2-explicit,7978,79.780000000000001,5,4.6919727161018203,0,0,-26.961566590500126,5885.5042703093677,4206.4210005232108,3935.8175618898604,SuperheatedVapor,False,False,False
v2-explicit,7990,79.900000000000006,5,4.6848062124252188,0,0,-26.962947045126914,5885.320964065495,4206.5132949386762,3935.9403270594235,SuperheatedVapor,False,False,False
v2-explicit,8003,80.030000000000001,5,4.6826377875379217,0,0,-26.967630583372291,5885.1254326652916,4206.5304453805084,3936.1292982444506,SuperheatedVapor,False,False,False
v2-explicit,8016,80.159999999999997,5,4.6804162018997877,0,0,-26.972470667510208,5884.9330539714838,4206.5433161059464,3936.321044084566,SuperheatedVapor,False,False,False
v2-explicit,8028,80.280000000000001,5,4.6740532330102713,0,0,-26.974006961935419,5884.7582524858126,4206.6313701605068,3936.446785259353,SuperheatedVapor,False,False,False
v2-explicit,8041,80.409999999999997,5,4.6724336962921704,0,0,-26.9789034109263,5884.5718009055272,4206.6441213643766,3936.6400740013482,SuperheatedVapor,False,False,False
v2-explicit,8054,80.540000000000006,5,4.670712388016188,0,0,-26.983935456942397,5884.3883640062313,4206.6531181813098,3936.8357500474749,SuperheatedVapor,False,False,False
v2-explicit,8066,80.659999999999997,5,4.6647977379584633,0,0,-26.985627822355628,5884.221695965005,4206.73765230359,3936.9647076445558,SuperheatedVapor,False,False,False
v2-explicit,8079,80.790000000000006,5,4.6636400236854385,0,0,-26.990678458401714,5884.0439295923652,4206.7470557094166,3937.1610847607435,SuperheatedVapor,False,False,False
v2-explicit,8091,80.909999999999997,5,4.6584792830469697,0,0,-26.992318753221657,5883.8823933037593,4206.8303569795125,3937.2894039233424,SuperheatedVapor,False,False,False
v2-explicit,8104,81.040000000000006,5,4.657837545151839,0,0,-26.997436520145996,5883.7101110052436,4206.8363825044344,3937.4864975596165,SuperheatedVapor,False,False,False
v2-explicit,8116,81.159999999999997,5,4.6526358973182367,0,0,-26.999280010221458,5883.5535820010127,4206.9181940678891,3937.617988133235,SuperheatedVapor,False,False,False
v2-explicit,8129,81.290000000000006,5,4.6522416816709118,0,0,-27.004449587699604,5883.3866244582032,4206.9250176165497,3937.8167977051326,SuperheatedVapor,False,False,False
v2-explicit,8142,81.420000000000002,5,4.6516036079436134,0,0,-27.00974017802811,5883.2223765683584,4206.9284383763697,3938.0177224216554,SuperheatedVapor,False,False,False
v2-explicit,8154,81.540000000000006,5,4.6466626618127567,0,0,-27.011643361115894,5883.0731572408795,4207.0080266594687,3938.1509007723948,SuperheatedVapor,False,False,False
v2-explicit,8167,81.670000000000002,5,4.6464335397843648,0,0,-27.016914253489428,5882.9140145483316,4207.012335235454,3938.3516482157365,SuperheatedVapor,False,False,False
v2-explicit,8179,81.790000000000006,5,4.6420107827390513,0,0,-27.018757089650965,5882.7694199432972,4207.0916822034296,3938.4838770359606,SuperheatedVapor,False,False,False
v2-explicit,8192,81.920000000000002,5,4.6421430313365404,0,0,-27.024042236165862,5882.6152174425852,4207.0944039230981,3938.6845190098979,SuperheatedVapor,False,False,False
v2-explicit,8204,82.040000000000006,5,4.6377467882456394,0,0,-27.025982613297447,5882.4751232384142,4207.1736921905895,3938.8181285142177,SuperheatedVapor,False,False,False
v2-explicit,8217,82.170000000000002,5,4.6380379039991713,0,0,-27.031274904197335,5882.3257056377197,4207.1777284208047,3939.0194526912087,SuperheatedVapor,False,False,False
v2-explicit,8229,82.290000000000006,5,4.6341610005130471,0,0,-27.033107898715556,5882.1899450006122,4207.2563202224483,3939.151627020176,SuperheatedVapor,False,False,False
v2-explicit,8242,82.420000000000002,5,4.6347428528550116,0,0,-27.038421987016331,5882.0451725208995,4207.2576002772848,3939.35264625333,SuperheatedVapor,False,False,False
v2-explicit,8254,82.540000000000006,5,4.6304891262830825,0,0,-27.040452964398082,5881.9136656834607,4207.3353563071369,3939.4877482631687,SuperheatedVapor,False,False,False
v2-explicit,8267,82.670000000000002,5,4.6311456017661827,0,0,-27.045753451059522,5881.7734082508996,4207.3391665844529,3939.6893024104525,SuperheatedVapor,False,False,False
v2-explicit,8279,82.790000000000006,5,4.6276147704617365,0,0,-27.047581331764587,5881.6459749114674,4207.4175151551653,3939.8214040089979,SuperheatedVapor,False,False,False
v2-explicit,8292,82.920000000000002,5,4.6285131106495045,0,0,-27.052894370123088,5881.5100889501282,4207.4187143995723,3940.0223750755395,SuperheatedVapor,False,False,False
v2-explicit,8304,83.040000000000006,5,4.6245190210079752,0,0,-27.054921162446053,5881.3866610054638,4207.4964607298425,3940.1573803094993,SuperheatedVapor,False,False,False
v2-explicit,8317,83.170000000000002,5,4.6254388265954276,0,0,-27.060206286741149,5881.255028111369,4207.5004702472643,3940.3586683429689,SuperheatedVapor,False,False,False
v2-explicit,8329,83.290000000000006,5,4.622149256432813,0,0,-27.062011929325049,5881.135433059063,4207.5791175671857,3940.4903268189478,SuperheatedVapor,False,False,False
v2-explicit,8342,83.420000000000002,5,4.6232818620288487,0,0,-27.067295603307809,5881.0079135878559,4207.5807645180785,3940.6907313585807,SuperheatedVapor,False,False,False
v2-explicit,8354,83.540000000000006,5,4.6194908373745074,0,0,-27.06929139468647,5880.8920930464901,4207.6590192096082,3940.8250961539934,SuperheatedVapor,False,False,False
v2-explicit,8367,83.670000000000002,5,4.6206226373804187,0,0,-27.074532860605181,5880.7685783216466,4207.6637714819472,3941.0255289529709,SuperheatedVapor,False,False,False
v2-explicit,8380,83.799999999999997,5,4.6213688301671629,0,0,-27.07984850402422,5880.6470958761256,4207.6662045151988,3941.2271814198575,SuperheatedVapor,False,False,False
v2-explicit,8392,83.920000000000002,5,4.6177540886392805,0,0,-27.08171596291373,5880.5367586198263,4207.7453707644372,3941.3596965780266,SuperheatedVapor,False,False,False
v2-explicit,8405,84.049999999999997,5,4.6187975315103937,0,0,-27.086932500618943,5880.4191140807907,4207.7496859072744,3941.559352404287,SuperheatedVapor,False,False,False
v2-explicit,8417,84.170000000000002,5,4.6153622807134758,0,0,-27.088735779340794,5880.3122546503146,4207.8304217758441,3941.6905393650395,SuperheatedVapor,False,False,False
v2-explicit,8430,84.299999999999997,5,4.616582197153539,0,0,-27.093879697701116,5880.1983104019619,4207.8364311777259,3941.8888457838307,SuperheatedVapor,False,False,False
v2-explicit,8442,84.420000000000002,5,4.6133666841409688,0,0,-27.095599817057714,5880.0948086210528,4207.9182486360778,3942.0184795949467,SuperheatedVapor,False,False,False
v2-explicit,8455,84.549999999999997,5,4.6147372876661397,0,0,-27.100688513994793,5879.984446408017,4207.9248353515113,3942.2155259510228,SuperheatedVapor,False,False,False
v2-explicit,8468,84.680000000000007,5,4.6157464037039357,0,0,-27.105839618714242,5879.8759244629218,4207.9288631491099,3942.4133740487373,SuperheatedVapor,False,False,False
v2-explicit,8480,84.799999999999997,5,4.6119735333988512,0,0,-27.107665995252031,5879.7773900500688,4208.0103720320176,3942.5443022147697,SuperheatedVapor,False,False,False
v2-explicit,8493,84.930000000000007,5,4.6131950441938248,0,0,-27.112680581662591,5879.672325960134,4208.0195178244931,3942.7402538158708,SuperheatedVapor,False,False,False
v2-explicit,8506,85.060000000000002,5,4.6140783146663233,0,0,-27.117737159498727,5879.5690091160704,4208.0270165471647,3942.9367846677665,SuperheatedVapor,False,False,False
v2-explicit,8518,85.180000000000007,5,4.610631761959052,0,0,-27.119349106785805,5879.4751843389722,4208.1113209814957,3943.0641525985629,SuperheatedVapor,False,False,False
v2-explicit,8531,85.310000000000002,5,4.6118767241033769,0,0,-27.124265800510901,5879.3751528803696,4208.1216333972734,3943.2578949523636,SuperheatedVapor,False,False,False
v2-explicit,8544,85.439999999999998,5,4.6128181009674769,0,0,-27.129218253967949,5879.2767969362994,4208.1300501517044,3943.451965981053,SuperheatedVapor,False,False,False
v2-explicit,8556,85.560000000000002,5,4.6091749211900472,0,0,-27.130798240045756,5879.1874917939649,4208.2165408734727,3943.5783337483053,SuperheatedVapor,False,False,False
v2-explicit,8569,85.689999999999998,5,4.6104251904183826,0,0,-27.135590277149767,5879.0922739415819,4208.2300564350271,3943.7698346035286,SuperheatedVapor,False,False,False
v2-explicit,8582,85.819999999999993,5,4.6113607792356186,0,0,-27.140414010636405,5878.9986424938998,4208.2421030719943,3943.9616959003338,SuperheatedVapor,False,False,False
v2-explicit,8594,85.939999999999998,5,4.6079351807549527,0,0,-27.141820202178319,5878.9136225762995,4208.3309210679909,3944.084863973867,SuperheatedVapor,False,False,False
v2-explicit,8607,86.069999999999993,5,4.6092449585132931,0,0,-27.146489940198872,5878.8229742332578,4208.3465138550146,3944.2737996083515,SuperheatedVapor,False,False,False
v2-explicit,8620,86.200000000000003,5,4.6102479052325949,0,0,-27.151191276309024,5878.7338425372427,4208.3604505167423,3944.4630292604652,SuperheatedVapor,False,False,False
v2-explicit,8633,86.329999999999998,5,4.6109524854889639,0,0,-27.155914791508209,5878.6462293686891,4208.3735561322001,3944.6524186564143,SuperheatedVapor,False,False,False
v2-explicit,8646,86.459999999999994,5,4.61127971749604,0,0,-27.160685981229069,5878.5601366088667,4208.3861212002948,3944.8423233616195,SuperheatedVapor,False,False,False
v2-explicit,8658,86.579999999999998,5,4.6073037618600603,0,0,-27.162020968721713,5878.4819955429166,4208.4777522769264,3944.9635717836782,SuperheatedVapor,False,False,False
v2-explicit,8671,86.709999999999994,5,4.6085104603912468,0,0,-27.166445111103503,5878.3986804839478,4208.498359034631,3945.1478296073333,SuperheatedVapor,False,False,False
v2-explicit,8684,86.840000000000003,5,4.6094556836719578,0,0,-27.170900552055883,5878.3167658422772,4208.5172198037708,3945.3321276835059,SuperheatedVapor,False,False,False
v2-explicit,8697,86.969999999999999,5,4.610028643055152,0,0,-27.175388539587129,5878.2362457742356,4208.5360417028814,3945.5169791070493,SuperheatedVapor,False,False,False
v2-explicit,8710,87.099999999999994,5,4.6103711947235526,0,0,-27.179867225607392,5878.1571105711328,4208.5555315485444,3945.7016160634626,SuperheatedVapor,False,False,False
v2-explicit,8723,87.230000000000004,5,4.6106257334277698,0,0,-27.184295179648689,5878.0793389274795,4208.5761670500788,3945.8852868502877,SuperheatedVapor,False,False,False
v2-explicit,8736,87.359999999999999,5,4.6108202727073317,0,0,-27.1886653086903,5878.0029095396267,4208.5980702670968,3946.0678437872948,SuperheatedVapor,False,False,False
v2-explicit,8748,87.480000000000004,5,4.6069245719600396,0,0,-27.189583638445725,5877.9335245288285,4208.6978491984237,3946.1813168415383,SuperheatedVapor,False,False,False
v2-explicit,8761,87.609999999999999,5,4.6080996060312689,0,0,-27.193636308603402,5877.85955139421,4208.725396376215,3946.3578059496572,SuperheatedVapor,False,False,False
v2-explicit,8774,87.739999999999995,5,4.6088311448393764,0,0,-27.197747488402918,5877.7868218249532,4208.7525737977512,3946.535339993653,SuperheatedVapor,False,False,False
v2-explicit,8787,87.870000000000005,5,4.6093479906574348,0,0,-27.201848966044682,5877.7153222556462,4208.7801586884716,3946.7126850887448,SuperheatedVapor,False,False,False
v2-explicit,8800,88,5,4.6097385327796072,0,0,-27.205916604235139,5877.645044920554,4208.8084835133432,3946.8893595175578,SuperheatedVapor,False,False,False
v2-explicit,8813,88.129999999999995,5,4.6100417814337176,0,0,-27.209939489540979,5877.5759665920923,4208.8377699242346,3947.0651507455373,SuperheatedVapor,False,False,False
v2-explicit,8827,88.269999999999996,5,4.6139945389095329,0,0,-27.217352598757561,5877.5029053226244,4208.7932623087909,3947.3089434513845,SuperheatedVapor,False,False,False
v2-explicit,8840,88.400000000000006,5,4.613609551686304,0,0,-27.221335323868772,5877.436309999709,4208.8219615926591,3947.4837716262955,SuperheatedVapor,False,False,False
v2-explicit,8853,88.530000000000001,5,4.6131638437398381,0,0,-27.225255556932506,5877.3708903925117,4208.8535228909504,3947.657471111329,SuperheatedVapor,False,False,False
v2-explicit,8866,88.659999999999997,5,4.6128808664873944,0,0,-27.229062188495572,5877.3066136137832,4208.8874685235869,3947.8289491049718,SuperheatedVapor,False,False,False
v2-explicit,8879,88.790000000000006,5,4.6127120089368416,0,0,-27.232770964108507,5877.2434467779694,4208.9234765520396,3947.9985117351134,SuperheatedVapor,False,False,False
v2-explicit,8892,88.920000000000002,5,4.6126235980764054,0,0,-27.236393168458896,5877.181362799206,4208.9613133904613,3948.1663795765926,SuperheatedVapor,False,False,False
v2-explicit,8905,89.049999999999997,5,4.6125921116240995,0,0,-27.239936991880516,5877.1203384585888,4209.0008113438171,3948.3327135452023,SuperheatedVapor,False,False,False
v2-explicit,8918,89.180000000000007,5,4.6126038217494179,0,0,-27.24340678119918,5877.0603524709959,4209.0418386567526,3948.4976138250386,SuperheatedVapor,False,False,False
v2-explicit,8932,89.319999999999993,5,4.6164310552915353,0,0,-27.250174306569409,5876.9968880871975,4209.0098674285146,3948.7288733982323,SuperheatedVapor,False,False,False
v2-explicit,8945,89.450000000000003,5,4.6156642031228188,0,0,-27.253642468024655,5876.9390367478736,4209.0510760220322,3948.8936457824693,SuperheatedVapor,False,False,False
v2-explicit,8958,89.579999999999998,5,4.6151632910268754,0,0,-27.256973035251473,5876.8821889004666,4209.0950660420249,3949.0557773981955,SuperheatedVapor,False,False,False
v2-explicit,8971,89.709999999999994,5,4.614806573220628,0,0,-27.260193012094,5876.8263136002151,4209.1415245456328,3949.2159824509426,SuperheatedVapor,False,False,False
v2-explicit,8985,89.849999999999994,5,4.6182647015436942,0,0,-27.266691130902949,5876.76719766102,4209.1161558566464,3949.4421157111974,SuperheatedVapor,False,False,False
v2-explicit,8998,89.980000000000004,5,4.617380124515944,0,0,-27.26985909196506,5876.7133060739898,4209.1635191244595,3949.6010551405193,SuperheatedVapor,False,False,False
v2-explicit,9011,90.109999999999999,5,4.6167197993609452,0,0,-27.272892939159597,5876.6603405878623,4209.2140159308747,3949.7576711466404,SuperheatedVapor,False,False,False
v2-explicit,9025,90.25,5,4.6198929495061192,0,0,-27.279178410675243,5876.6043045594106,4209.1936820630881,3949.9797766412412,SuperheatedVapor,False,False,False
v2-explicit,9038,90.379999999999995,5,4.6188436531561283,0,0,-27.282117712350257,5876.5532125030131,4209.2461186437813,3950.1345388178233,SuperheatedVapor,False,False,False
v2-explicit,9052,90.519999999999996,5,4.6216964814373718,0,0,-27.288271205957994,5876.4991678081651,4209.2286257497008,3950.3541262818412,SuperheatedVapor,False,False,False
v2-explicit,9065,90.650000000000006,5,4.6204290280513138,0,0,-27.291070050757835,5876.4498949924318,4209.2841029773754,3950.5061613981075,SuperheatedVapor,False,False,False
v2-explicit,9079,90.790000000000006,5,4.6230869581682903,0,0,-27.297058378356549,5876.3977739111924,4209.2703317165951,3950.7226516630126,SuperheatedVapor,False,False,False
v2-explicit,9092,90.920000000000002,5,4.6216414792844303,0,0,-27.29970544047837,5876.3502487598435,4209.3296464821751,3950.8718557299308,SuperheatedVapor,False,False,False
v2-explicit,9106,91.060000000000002,5,4.6241830783265661,0,0,-27.305501034020139,5876.2999623209134,4209.3203502387687,3951.0849856172026,SuperheatedVapor,False,False,False
v2-explicit,9119,91.189999999999998,5,4.6225989651649471,0,0,-27.307991932008932,5876.2541036013645,4209.3838007445884,3951.2313115759475,SuperheatedVapor,False,False,False
v2-explicit,9133,91.329999999999998,5,4.6250251782781691,0,0,-27.313594521268183,5876.2055589755328,4209.3794933060026,3951.4412638898875,SuperheatedVapor,False,False,False
v2-explicit,9147,91.469999999999999,5,4.6270957168877951,0,0,-27.319181195189362,5876.1579016692085,4209.3746886288382,3951.6503443950019,SuperheatedVapor,False,False,False
v2-explicit,9160,91.599999999999994,5,4.6251340440540281,0,0,-27.321459269433124,5876.114442003417,4209.443268004733,3951.7926376711521,SuperheatedVapor,False,False,False
v2-explicit,9174,91.739999999999995,5,4.62720571266322,0,0,-27.326800690196141,5876.0684259268282,4209.4456224451751,3951.9980571512797,SuperheatedVapor,False,False,False
v2-explicit,9188,91.879999999999995,5,4.6289817172704169,0,0,-27.332108921667761,5876.0232294871839,4209.4481026965068,3952.2024250750064,SuperheatedVapor,False,False,False
v2-explicit,9201,92.010000000000005,5,4.6268285362307884,0,0,-27.334107812007534,5875.9819928953484,4209.5235996258625,3952.3400462326231,SuperheatedVapor,False,False,False
v2-explicit,9886,98.859999999999999,5,5.0892086773018539,0,0,-28.532282912921367,5873.69927707443,4186.0129504172037,3979.5287595162249,SuperheatedVapor,False,False,False
v2-explicit,9917,99.170000000000002,5,5.036142742264766,0,0,-28.515940915495619,5873.5005478096546,4186.8460074995992,3979.5223233780389,SuperheatedVapor,False,False,False
v2-explicit,9948,99.480000000000004,5,4.9874908206256086,0,0,-28.497756151108177,5873.2887301273631,4187.7899129706229,3979.5226232336286,SuperheatedVapor,False,False,False
v2-explicit,9979,99.790000000000006,5,4.9497965600357245,0,0,-28.480054519933272,5873.0633537708727,4188.7129800580942,3979.5296074342727,SuperheatedVapor,False,False,False
